0 0 0 0.265341 0.0210515 0.0287188 0.0287311 0.268232
0 0 1 0.33522 0.0334765 0.0250174 0.0250318 0.177389
0 0 0 0.164615 0.108399 0.0466651 0.0298269 0.300108
0 0 1 0.214999 0.0953846 0.0260995 0.0261446 0.202114
0 0 0 0.294456 0.105974 0.0282375 0.0282532 0.255068
0 0 0 0.335145 0.11292 0.0150608 0.015087 0.0388384
0 0 1 0.0124608 0.0403474 0.153436 0.0139859 0.03094
0 0 1 0.276359 0.18415 0.0291166 0.0291683 0.280662
0 0 0 0.356413 0.144629 0.0241674 0.0241745 0.159781
0 0 1 0.0900689 0.216861 0.0193983 0.0194077 0.0826755
0 0 0 0.155498 0.22075 0.0176687 0.0176829 0.0625339
0 0 0 0.213844 0.219046 0.0215203 0.0215308 0.112885
0 0 1 0.257771 0.235539 0.0255683 0.0256007 0.189761
0 0 1 0.303531 0.23821 0.0205205 0.0205314 0.097883
0 0 1 0.0412708 0.0479952 0.167208 0.0188565 0.0758292
0 0 0 0.297066 0.0573828 0.0202388 0.0202447 0.093839
0 0 1 0.369017 0.0881747 0.0200466 0.0200474 0.0911231
0 0 0 0.199013 0.0680078 0.070267 0.0282453 0.254853
0 0 0 0.254253 0.0854374 0.064439 0.0296321 0.294265
0 0 0 0.331245 0.0772357 0.0192844 0.0192975 0.0812754
0 0 1 0.343089 0.102023 0.0476287 0.0201841 0.0929993
0 0 0 0.251096 0.13664 0.0248153 0.0248162 0.172845
0 0 1 0.33125 0.185879 0.0413082 0.0271086 0.225307
0 0 1 0.0215131 0.167969 0.0169298 0.0169328 0.0549086
0 0 0 0.181026 0.1847 0.0262097 0.0262372 0.204269
0 0 0 0.332285 0.24247 0.0604961 0.0274642 0.234289
0 0 1 0.340278 0.224653 0.0186757 0.0187042 0.074006
0 0 1 0.0672188 0.0570994 0.124743 0.0297108 0.296616
0 0 0 0.034612 0.160533 0.153732 0.0205559 0.0982342
0 0 1 0.304998 0.00590566 0.0156775 0.0156781 0.0435843
0 0 1 0.050676 0.14012 0.0396252 0.0293427 0.285727
0 0 0 0.252215 0.00810134 0.0823397 0.0267115 0.21555
0 0 0 0.345984 0.0621918 0.0602923 0.0217188 0.115868
0 0 1 0.214677 0.127376 0.0701572 0.0283254 0.257027
0 0 1 0.216883 0.0345397 0.103634 0.0222955 0.125344
0 0 1 0.309074 0.0961628 0.082926 0.0292113 0.281906
0 0 0 0.351457 0.125744 0.0752994 0.0150783 0.038771
0 0 1 0.158059 0.147105 0.0184925 0.0185037 0.0716525
0 0 0 0.310164 0.150327 0.0195823 0.0196004 0.085162
0 0 1 0.322259 0.137495 0.0566903 0.0214929 0.11229
0 0 0 0.360101 0.198961 0.0848877 0.0267838 0.217304
0 0 0 0.227377 0.178956 0.0207702 0.0207943 0.101691
0 0 1 0.0163322 0.102036 0.0554791 0.0243472 0.163231
0 0 0 0.213313 0.0359634 0.0249095 0.0249312 0.175259
0 0 1 0.254248 0.0984171 0.0148115 0.0148235 0.0368386
0 0 1 0.265055 0.0427967 0.0678201 0.013032 0.0250314
0 0 1 0.2813 0.0546941 0.0502017 0.0137247 0.0292388
0 0 1 0.312791 0.0725711 0.0467253 0.014099 0.0316967
0 0 0 0.369933 0.0508237 0.0910883 0.0142732 0.0328865
0 0 0 0.0313882 0.210885 0.0576052 0.0132731 0.0264464
0 0 0 0.220393 0.0824993 0.11601 0.0242945 0.162173
0 0 0 0.260686 0.144115 0.0869455 0.0220889 0.121892
0 0 1 0.265233 0.125773 0.132778 0.019534 0.0843003
0 0 1 0.285035 0.144235 0.0481933 0.0159252 0.0456778
0 0 1 0.332136 0.0561969 0.0986993 0.0195542 0.0845617
0 0 0 0.364081 0.092328 0.100638 0.0287216 0.267964
0 0 0 0.204467 0.142452 0.0222444 0.0222468 0.124525
0 0 1 0.278646 0.121295 0.0659187 0.0137668 0.0295089
0 0 0 0.325702 0.142689 0.10457 0.0247392 0.171242
0 0 1 0.126216 0.18651 0.0286583 0.0287052 0.267506
0 0 1 0.218481 0.242266 0.057977 0.0219413 0.119465
0 0 0 0.287793 0.222909 0.0591178 0.0211653 0.107232
0 0 1 0.0446695 0.0142745 0.143807 0.0223365 0.126036
0 0 1 0.0690577 0.0427917 0.029475 0.029513 0.290732
0 0 0 0.178004 0.0658228 0.021439 0.0214468 0.111569
0 0 0 0.164108 0.0380663 0.0511923 0.0215549 0.113264
0 0 0 0.199479 0.0178695 0.0655065 0.0216192 0.11428
0 0 0 0.305072 0.0250701 0.0715461 0.0298484 0.300756
0 0 0 0.35075 0.0232855 0.0896285 0.0193287 0.0816693
0 0 0 0.113553 0.0348996 0.0125841 0.0125843 0.0225395
0 0 0 0.0995319 0.0863393 0.0404698 0.0247693 0.171868
0 0 1 0.140919 0.0496797 0.0190645 0.0190763 0.0785118
0 0 1 0.243888 0.112168 0.100665 0.0165825 0.0515708
0 0 0 0.245506 0.0501284 0.136075 0.0213538 0.110123
0 0 1 0.288341 0.127928 0.106559 0.0154846 0.0419905
0 0 1 0.303379 0.119692 0.135017 0.0177404 0.0631452
0 0 1 0.118962 0.129342 0.0249046 0.0249254 0.175138
0 0 1 0.205253 0.166127 0.0536769 0.01485 0.0370369
0 0 1 0.240078 0.166874 0.0578472 0.0202413 0.0937923
0 0 1 0.272973 0.209869 0.0987635 0.0231296 0.139946
0 0 0 0.366858 0.239809 0.102151 0.0181012 0.0670766
0 0 1 0.0901618 0.1661 0.054805 0.0203231 0.0949338
0 0 0 0.0877649 0.156179 0.0169864 0.0169926 0.0554923
0 0 1 0.16271 0.220346 0.0572894 0.0225983 0.13052
0 0 1 0.202597 0.201161 0.0669266 0.022711 0.132484
0 0 0 0.246054 0.208023 0.0620214 0.0215686 0.11348
0 0 0 0.31779 0.205026 0.0782519 0.0164792 0.0506124
0 0 0 0.336403 0.230744 0.0998035 0.0137639 0.0294899
0 0 1 0.0574595 0.103782 0.0891265 0.0288202 0.270734
0 0 0 0.0513992 0.0754931 0.0552688 0.01573 0.0440186
0 0 0 0.17393 0.0277873 0.0162067 0.0162274 0.0483276
0 0 0 0.359436 0.0382297 0.135289 0.0295166 0.290837
0 0 1 0.107303 0.060236 0.013524 0.0135243 0.0279766
0 0 1 0.123578 0.0994028 0.0823395 0.0242177 0.160639
0 0 0 0.283121 0.0606503 0.0878767 0.0150658 0.0386745
0 0 0 0.179936 0.150431 0.04908 0.0149766 0.0379924
0 0 1 0.223311 0.172368 0.101882 0.0270942 0.224948
0 0 0 0.297153 0.170209 0.0761084 0.0240908 0.158126
0 0 0 0.106446 0.198858 0.0710781 0.019722 0.0867568
0 0 1 0.18413 0.230077 0.0939925 0.0210001 0.104742
0 0 1 0.226735 0.221364 0.0988254 0.0221182 0.122378
0 0 0 0.256496 0.246384 0.0788332 0.0216153 0.114219
0 0 1 0.355541 0.215769 0.123709 0.0157678 0.0443372
0 0 1 0.0197606 0.173791 0.0542421 0.01865 0.0733649
0 0 0 0.328171 0.0143748 0.114115 0.0151507 0.0393321
0 0 0 0.0906741 0.21821 0.185473 0.0254142 0.185644
0 0 1 0.269053 0.0839793 0.116374 0.0243779 0.163849
0 0 1 0.242304 0.0789217 0.164824 0.0194689 0.0834591
0 0 1 0.315755 0.151125 0.144608 0.0173762 0.059336
0 0 0 0.0540103 0.191731 0.0256061 0.02425 0.161283
0 0 0 0.0930104 0.125767 0.0623823 0.0208193 0.102059
0 0 0 0.134647 0.151518 0.0745472 0.0296341 0.294325
0 0 0 0.174038 0.106353 0.104729 0.0290524 0.277332
0 0 0 0.187801 0.159424 0.135063 0.0232045 0.141308
0 0 1 0.281061 0.167971 0.123907 0.0264011 0.208122
0 0 1 0.316559 0.205115 0.118208 0.0235133 0.147026
0 0 1 0.347283 0.174111 0.134261 0.0229968 0.137548
0 0 0 0.165771 0.182048 0.0645354 0.0150987 0.0389286
0 0 0 0.180563 0.152804 0.0920214 0.0195123 0.0840192
0 0 1 0.160044 0.241434 0.124731 0.0196707 0.0860816
0 0 1 0.281892 0.223012 0.140268 0.0213124 0.109484
0 0 0 0.333754 0.239554 0.133981 0.0180882 0.0669332
0 0 0 0.0296417 0.0749229 0.107548 0.0153079 0.0405698
0 0 1 0.211101 0.0512296 0.13432 0.0131147 0.0255111
0 0 0 0.0705389 0.148832 0.0795591 0.0156949 0.0437245
0 0 0 0.0630654 0.15913 0.171857 0.0132218 0.0261411
0 0 1 0.0884655 0.0668575 0.0761179 0.017336 0.0589251
0 0 0 0.0782313 0.0264485 0.0792505 0.0221845 0.123481
0 0 1 0.150769 0.00534501 0.0729388 0.0199517 0.0898244
0 0 1 0.167054 0.0374733 0.0978921 0.0238793 0.153999
0 0 0 0.188305 0.00860312 0.132184 0.0257316 0.192687
0 0 1 0.253055 0.0503697 0.0964318 0.0178523 0.0643476
0 0 1 0.315401 0.0258828 0.179344 0.0272884 0.22982
0 0 0 0.0203692 0.232458 0.135506 0.0229581 0.136855
0 0 0 0.322981 0.0823495 0.132916 0.0244872 0.166063
0 0 0 0.357826 0.0797837 0.167497 0.0230911 0.139248
0 0 0 0.118875 0.187041 0.110635 0.0234036 0.144978
0 0 1 0.151951 0.163873 0.116528 0.0174402 0.0599935
0 0 0 0.208767 0.0933018 0.155439 0.0182089 0.0682816
0 0 0 0.234584 0.159985 0.153463 0.027108 0.225291
0 0 1 0.27054 0.190135 0.164639 0.0211614 0.107174
0 0 1 0.312999 0.187417 0.159674 0.0217254 0.115972
0 0 0 0.352459 0.124236 0.144895 0.027066 0.224245
0 0 0 0.122491 0.238665 0.0401096 0.024825 0.173031
0 0 0 0.17464 0.19091 0.0965902 0.0193212 0.0815742
0 0 0 0.196322 0.210201 0.137487 0.0283562 0.257869
0 0 0 0.245578 0.202096 0.132654 0.0211405 0.106856
0 0 1 0.249405 0.229961 0.15355 0.0139038 0.0303983
0 0 0 0.306058 0.234244 0.17841 0.0250232 0.177206
0 0 0 0.0433323 0.0317347 0.0651236 0.0158468 0.0450064
0 0 1 0.35295 0.214699 0.16654 0.027156 0.226491
0 0 0 0.324027 0.136812 0.169841 0.0127967 0.0236998
0 0 1 0.0390623 0.00933672 0.0150953 0.0150958 0.0389063
0 0 0 0.124982 0.0201122 0.0874971 0.0131298 0.0255991
0 0 1 0.151229 0.043831 0.146232 0.0273076 0.230305
0 0 1 0.183399 0.0650907 0.123763 0.0173522 0.0590904
0 0 1 0.190997 0.0199987 0.187122 0.0277666 0.242115
0 0 1 0.293594 0.0380565 0.127749 0.0289236 0.273657
0 0 1 0.301209 0.065441 0.161994 0.0155811 0.0427805
0 0 1 0.359571 0.0260065 0.180035 0.0168906 0.0544993
0 0 0 0.248273 0.0650495 0.0193843 0.0193878 0.0824213
0 0 0 0.282555 0.0953429 0.157063 0.0200059 0.0905575
0 0 1 0.317657 0.106345 0.168043 0.0184032 0.0704906
0 0 0 0.00765232 0.0124137 0.0164724 0.0164947 0.0507554
0 0 0 0.0472107 0.126141 0.179379 0.0241635 0.159563
0 0 1 0.260882 0.179558 0.081563 0.0137613 0.0294732
0 0 1 0.14106 0.194228 0.0663246 0.0125096 0.0221402
0 0 0 0.327629 0.178811 0.0948643 0.0127134 0.02324
0 0 0 0.0865701 0.226275 0.0962269 0.0224821 0.128518
0 0 1 0.0721303 0.189163 0.121373 0.0246203 0.168785
0 0 1 0.133057 0.228738 0.0925292 0.0242216 0.160717
0 0 0 0.153084 0.205435 0.122088 0.0170909 0.0564612
0 0 1 0.268204 0.224347 0.173901 0.0143708 0.0335656
0 0 0 0.0515426 0.200425 0.160228 0.0207725 0.101373
0 0 0 0.0278681 0.0697613 0.015403 0.0154043 0.0413404
0 0 0 0.0196143 0.0563915 0.0493487 0.021837 0.11777
0 0 1 0.119106 0.055045 0.105748 0.0255948 0.18963
0 0 0 0.108617 0.0625706 0.150706 0.0194675 0.0834411
0 0 0 0.152393 0.0690612 0.0737152 0.0185181 0.0718189
0 0 1 0.196704 0.125875 0.154424 0.0165412 0.0511863
0 0 1 0.216457 0.127732 0.121965 0.0215013 0.112421
0 0 1 0.23272 0.117577 0.178707 0.0222896 0.125244
0 0 0 0.00828287 0.124632 0.156256 0.0211546 0.10707
0 0 1 0.345826 0.163875 0.179476 0.0232895 0.142867
0 0 1 0.0591876 0.248057 0.101351 0.0129013 0.0242856
0 0 1 0.0436768 0.115068 0.135843 0.020823 0.102113
0 0 0 0.261411 0.0354173 0.179895 0.0275477 0.236432
0 0 1 0.345516 0.051466 0.185649 0.0127276 0.0233179
0 0 0 0.238007 0.106039 0.142993 0.0156137 0.0430495
0 0 0 0.272167 0.0648188 0.151406 0.0127302 0.0233322
0 0 1 0.0950705 0.0896835 0.10895 0.0159798 0.0461494
0 0 1 0.128201 0.0974055 0.131229 0.0246936 0.170296
0 0 1 0.13969 0.132999 0.115727 0.0157996 0.0446053
0 0 1 0.193481 0.0588454 0.160532 0.019378 0.0822964
0 0 1 0.221881 0.0380556 0.162164 0.0158593 0.0451133
0 0 1 0.28264 0.14088 0.175734 0.0292158 0.282038
0 0 1 0.155767 0.130354 0.155494 0.0246548 0.169495
0 0 1 0.187989 0.15408 0.17922 0.0212756 0.108917
0 0 0 0.0141676 0.150201 0.179215 0.0137097 0.0291432
0 0 1 0.0295488 0.00821255 0.0863814 0.0187488 0.0745367
0 0 0 0.22832 0.20461 0.185986 0.0283476 0.257633
0 0 1 0.0648743 0.231255 0.136119 0.0205799 0.0985789
0 0 0 0.0252486 0.133812 0.0727871 0.0129196 0.0243892
0 0 1 0.111155 0.227392 0.137852 0.0258947 0.196375
0 0 1 0.0141056 0.121281 0.0161795 0.0161801 0.0479066
0 0 1 0.0569847 0.0923222 0.0219795 0.0220166 0.120699
0 0 0 0.14377 0.0710921 0.0428788 0.0130758 0.0252847
0 0 1 0.0985872 0.173017 0.161716 0.0262632 0.204877
0 0 0 0.152169 0.184749 0.1629 0.0286239 0.26524
0 0 1 0.0291857 0.19206 0.128426 0.0189966 0.0775321
0 0 0 0.117295 0.0418413 0.0562605 0.025691 0.191777
0 0 1 0.0829056 0.0251715 0.177398 0.0297125 0.296669
0 0 0 0.0288746 0.0741903 0.0786108 0.0136548 0.0287945
0 0 0 0.135013 0.085749 0.0174992 0.0175125 0.060743
0 0 0 0.0221799 0.248589 0.064589 0.0261747 0.202813
0 0 1 0.00624173 0.241497 0.184249 0.0209594 0.104133
0 0 1 0.0786035 0.0161934 0.123072 0.0127901 0.0236631
0 0 0 0.0179762 0.0778234 0.145678 0.0246864 0.170148
0 0 1 0.0231523 0.0448244 0.0836449 0.0145257 0.0346625
0 0 1 0.0143366 0.0340823 0.117743 0.0223015 0.125445
0 0 1 0.083732 0.100588 0.155818 0.0262646 0.20491
0 0 0 0.179448 0.228788 0.185926 0.0262058 0.203537
0 0 0 0.127499 0.0978644 0.17945 0.0235516 0.147746
0 0 1 0.0655731 0.158445 0.141626 0.0127538 0.0234621
0 0 0 0.0753321 0.138871 0.155101 0.0129361 0.0244826
0 0 1 0.235541 0.0424887 0.0603329 0.0174189 0.0597742
0 0 1 0.00181722 0.0948685 0.182836 0.0192852 0.0811199
0 0 1 0.168705 0.0878039 0.150002 0.020167 0.0927635
0 0 0 0.072558 0.21642 0.0470126 0.0132917 0.0265579
0 0 0 0.080943 0.248609 0.0599654 0.0204887 0.0972734
0 0 0 0.0814347 0.119462 0.0150939 0.0150944 0.0388958
0 0 1 0.241639 0.000646789 0.13581 0.0283221 0.256937
0 0 1 0.0532554 0.240856 0.0248565 0.0248945 0.174487
0 0 0 0.109981 0.0274272 0.138477 0.0177693 0.0634551
0 0 0 0.0880486 0.185541 0.0126822 0.0126959 0.0231441
0 0 0 0.102847 0.0164957 0.107057 0.0162722 0.0487291
0 0 0 0.11392 0.131962 0.160897 0.0175758 0.0614037
0 0 1 0.133876 0.230422 0.177757 0.020145 0.0924604
0 0 1 0.0468521 0.219245 0.103569 0.0185225 0.0718706
0 0 0 0.0946083 0.1395 0.11699 0.029777 0.298603
0 0 0 0.026195 0.0387105 0.0156964 0.0156979 0.0437497
0 0 0 0.0897689 0.174215 0.0891598 0.0149872 0.0380731
0 0 1 0.0558977 0.187475 0.074046 0.0244146 0.16459
0 0 0 0.0570471 0.0577815 0.0805407 0.0156656 0.0434804
0 0 0 0.0203801 0.0179708 0.0466045 0.0167019 0.0526927
0 0 1 0.0468424 0.0342127 0.0943132 0.0134868 0.0277445
0 0 0 0.0389022 0.152742 0.107386 0.0266483 0.214022
0 0 0 0.369063 0.00511512 0.0194317 0.0194779 0.0835758
0 0 1 0.139347 0.00450945 0.0267613 0.0267788 0.217184
0 0 1 0.136018 0.147338 0.197795 0.0250369 0.177498
0 0 1 0.0227968 0.00584325 0.188373 0.0280266 0.248978
0 0 1 0.00665132 0.192009 0.179414 0.0287695 0.269307
0 0 1 0.179272 0.249355 0.150517 0.0134561 0.0275559
0 0 1 0.1558 0.000177539 0.162516 0.0195418 0.0844008
0 0 0 0.0563667 0.235972 0.0787173 0.0129115 0.0243436
0 0 1 0.0393805 0.0828057 0.184835 0.0202202 0.0934994
0 0 0 0.185474 0.105369 0.173622 0.01371 0.0291448
0 0 0 0.139833 0.00215375 0.117292 0.0246976 0.170379
0 0 0 0.251571 0.248582 0.122985 0.0219558 0.119701
0 0 1 0.22639 0.00487599 0.0452771 0.0144681 0.0342523
0 0 1 0.119451 0.0587929 0.185037 0.0167334 0.052991
0 0 0 0.00520964 0.20759 0.0270688 0.0270963 0.225
0 0 1 0.0055189 0.202989 0.0890664 0.0282163 0.25407
0 0 0 0.00491531 0.110807 0.107638 0.0273327 0.23094
0 0 1 0.162935 0.0679724 0.189917 0.0239804 0.155963
0 0 1 0.0656831 0.183025 0.192171 0.018262 0.0688802
0 0 1 0.0394793 0.167207 0.186179 0.0129265 0.0244283
0 0 1 0.249413 0.166515 0.19317 0.0157875 0.0445032
0 0 0 0.349028 0.117845 0.197847 0.0263841 0.207721
0 0 1 0.197896 0.121393 0.196984 0.017224 0.0577904
0 0 0 0.266711 0.0927806 0.198025 0.0240113 0.156566
0 0 0 0.00342074 0.0903256 0.0165659 0.016567 0.0514262
0 0 0 0.0915917 0.125558 0.199235 0.0244702 0.165717
0 0 1 0.00267426 0.141628 0.0421951 0.0187698 0.0747874
0 0 1 0.00353845 0.053032 0.188319 0.0229579 0.136851
0 0 0 0.0439102 0.223015 0.198809 0.023457 0.145973
0 0 1 0.145613 0.248879 0.0125619 0.0125677 0.0224504
0 0 0 0.0210834 0.201018 0.218764 0.014002 0.0310474
0 0 1 0.0591744 0.0608391 0.364964 0.0206782 0.099998
0 0 0 0.136897 0.0351228 0.32303 0.0234444 0.145737
0 0 1 0.015806 0.0580692 0.280489 0.0243027 0.162336
0 0 0 0.213139 0.0772795 0.203246 0.0288008 0.270187
0 0 1 0.0792783 0.154419 0.339539 0.0187064 0.0740329
0 0 0 0.0464314 0.0199567 0.257458 0.0288394 0.271277
0 0 1 0.12728 0.0853403 0.347115 0.0265841 0.212479
0 0 1 0.00107996 0.109447 0.312208 0.0225063 0.128933
0 0 0 0.135982 0.221445 0.353416 0.0207673 0.101297
0 0 1 0.00773848 0.139622 0.248773 0.0176933 0.0626435
0 0 0 0.0461898 0.202273 0.268527 0.0144453 0.0340907
0 0 1 0.0413532 0.177981 0.288979 0.0167588 0.0532331
0 0 0 0.0451743 0.174108 0.365714 0.015331 0.0407538
0 0 0 0.338449 0.194346 0.354284 0.0126918 0.0231216
0 0 0 0.017778 0.143718 0.287772 0.0227877 0.13383
0 0 0 0.00868142 0.0492762 0.326636 0.0131118 0.0254943
0 0 0 0.0380189 0.23155 0.246945 0.0228449 0.134841
0 0 0 0.0962652 0.0728368 0.26625 0.02729 0.229859
0 0 0 0.062599 0.108998 0.227168 0.0190748 0.0784929
0 0 0 0.0356562 0.208108 0.294793 0.0144519 0.034137
0 0 0 0.0174638 0.0734906 0.217972 0.0156711 0.0435261
0 0 1 0.261617 0.00661747 0.20903 0.0130061 0.0248824
0 0 1 0.297809 0.0107209 0.228368 0.0260045 0.198883
0 0 1 0.194946 0.0022745 0.255521 0.0133865 0.0271304
0 0 0 0.337677 0.122487 0.398801 0.0299191 0.302898
0 0 1 0.252624 0.237196 0.30854 0.0148033 0.0366882
0 0 1 0.34227 0.207773 0.39439 0.0142777 0.0329174
0 0 0 0.332543 0.158964 0.230165 0.0284588 0.260678
0 0 0 0.19146 0.132651 0.350493 0.0223719 0.126637
0 0 0 0.373616 0.191515 0.211327 0.0272417 0.22864
0 0 0 0.348762 0.031408 0.224057 0.0287758 0.269485
0 0 0 0.0061268 0.102951 0.267108 0.0233431 0.143856
0 0 0 0.315439 0.075682 0.202072 0.027472 0.23449
0 0 1 0.199834 0.110242 0.390414 0.0240653 0.157625
0 0 0 0.271068 0.228314 0.367965 0.0257742 0.193646
0 0 0 0.315838 0.0883878 0.361138 0.0253822 0.184945
0 0 0 0.0759213 0.225763 0.316725 0.015372 0.0410813
0 0 0 0.230766 0.0280619 0.225793 0.028138 0.251962
0 0 1 0.275099 0.0546615 0.225226 0.0235726 0.148141
0 0 0 0.050892 0.19537 0.33038 0.0263037 0.205828
0 0 1 0.276735 0.205643 0.20109 0.0189423 0.0768685
0 0 1 0.25346 0.130871 0.216897 0.0205186 0.0977002
0 0 1 0.298214 0.119936 0.22224 0.0241227 0.158755
0 0 1 0.20782 0.243856 0.264032 0.0180019 0.0659796
0 0 1 0.299827 0.0835039 0.244969 0.0188495 0.0757451
0 0 0 0.215404 0.161847 0.221582 0.0287762 0.269496
0 0 1 0.302828 0.195328 0.24521 0.0208576 0.102624
0 0 1 0.296832 0.161974 0.252612 0.013837 0.0299624
0 0 1 0.348993 0.205299 0.259318 0.0284433 0.26025
0 0 0 0.340708 0.231468 0.21394 0.0245953 0.168271
0 0 1 0.0878026 0.0532698 0.325397 0.0287436 0.268582
0 0 0 0.128785 0.0679323 0.225283 0.0251881 0.180733
0 0 1 0.329294 0.00807046 0.268567 0.0251355 0.179604
0 0 1 0.169212 0.100021 0.228132 0.0262984 0.205702
0 0 0 0.265074 0.020818 0.251138 0.0151378 0.0392318
0 0 0 0.310966 0.0485568 0.239299 0.0154474 0.0416887
0 0 1 0.281869 0.11994 0.392564 0.0263032 0.205816
0 0 1 0.368262 0.136366 0.313382 0.0250906 0.178644
0 0 1 0.276253 0.183257 0.277732 0.0228452 0.134846
0 0 0 0.29073 0.240905 0.229938 0.0287235 0.268019
0 0 1 0.277427 0.167836 0.220995 0.0237279 0.151088
0 0 0 0.360411 0.0794442 0.222547 0.0206849 0.100095
0 0 0 0.175132 0.186765 0.206695 0.0208678 0.102774
0 0 1 0.136127 0.0202623 0.201144 0.0282405 0.254724
0 0 1 0.038994 0.236788 0.314203 0.014706 0.0359697
0 0 0 0.0719206 0.234288 0.25953 0.0134312 0.0274028
0 0 0 0.17722 0.0457079 0.236015 0.0291729 0.280796
0 0 0 0.245591 0.00584892 0.283393 0.025417 0.185705
0 0 0 0.20905 0.118498 0.243632 0.0202741 0.0942489
0 0 1 0.292996 0.0355467 0.267462 0.0204081 0.0961299
0 0 0 0.247105 0.0913687 0.244505 0.0264718 0.209798
0 0 0 0.132791 0.167014 0.232582 0.0150611 0.0386389
0 0 0 0.251202 0.20552 0.236529 0.0247427 0.171313
0 0 1 0.319379 0.119564 0.271164 0.0291929 0.281375
0 0 0 0.205679 0.220172 0.229983 0.0235322 0.14738
0 0 1 0.272993 0.227764 0.275415 0.0218427 0.117862
0 0 0 0.34789 0.242195 0.305927 0.0296726 0.295474
0 0 0 0.319827 0.169606 0.278101 0.0213421 0.109942
0 0 0 0.0141787 0.193549 0.361031 0.0215575 0.113305
0 0 1 0.267793 0.170951 0.350016 0.0170195 0.0557559
0 0 1 0.0830872 0.110717 0.320539 0.0291015 0.278739
0 0 1 0.0965844 0.101108 0.233164 0.0162325 0.0483737
0 0 1 0.239418 0.0906693 0.388066 0.0201592 0.0926554
0 0 1 0.125553 0.114736 0.291218 0.0205364 0.0979542
0 0 0 0.223108 0.0424284 0.31194 0.0250951 0.178738
0 0 0 0.248569 0.0492037 0.26662 0.0211655 0.107235
0 0 0 0.338251 0.0689509 0.261067 0.0249846 0.176389
0 0 0 0.350821 0.120253 0.239582 0.0153784 0.0411325
0 0 1 0.340889 0.0890498 0.296776 0.0160844 0.0470615
0 0 0 0.270681 0.0417076 0.304292 0.0230977 0.139366
0 0 1 0.279899 0.0915049 0.276824 0.0195726 0.0848006
0 0 1 0.366503 0.0978345 0.309197 0.0137095 0.0291422
0 0 1 0.166701 0.149112 0.235191 0.0233772 0.144488
0 0 0 0.268446 0.135963 0.260234 0.0254261 0.185904
0 0 0 0.232008 0.117854 0.278448 0.0191599 0.0795482
0 0 0 0.331045 0.0978892 0.234591 0.014898 0.0373973
0 0 1 0.355992 0.151735 0.271427 0.0195514 0.0845257
0 0 0 0.0575556 0.13729 0.385257 0.0281543 0.252398
0 0 1 0.0140118 0.0510562 0.36487 0.025536 0.188327
0 0 1 0.0121849 0.183342 0.255139 0.026728 0.215949
0 0 1 0.372048 0.170794 0.248176 0.0145329 0.0347144
0 0 1 0.00325995 0.186443 0.308495 0.026872 0.219458
0 0 0 0.322301 0.0454812 0.306654 0.0287213 0.267957
0 0 0 0.369145 0.0103701 0.30182 0.0268357 0.21857
0 0 1 0.0441588 0.0843089 0.217804 0.0131358 0.0256346
0 0 0 0.372225 0.0618828 0.296803 0.0247477 0.171418
0 0 0 0.132123 0.0350013 0.260966 0.0234862 0.146518
0 0 0 0.204697 0.0768785 0.274592 0.0275285 0.235938
0 0 1 0.171131 0.0861141 0.316463 0.0269348 0.221001
0 0 0 0.0605515 0.00566773 0.214974 0.0181719 0.0678658
0 0 0 0.208428 0.150939 0.270965 0.0221521 0.122942
0 0 0 0.281931 0.121125 0.296598 0.0161027 0.0472226
0 0 0 0.253293 0.111838 0.318524 0.0196307 0.085558
0 0 0 0.206382 0.12533 0.30954 0.0218273 0.117613
0 0 1 0.286793 0.082728 0.321378 0.0241824 0.159938
0 0 1 0.0976052 0.168873 0.208262 0.0201884 0.0930584
0 0 0 0.126429 0.110937 0.219077 0.0182058 0.0682466
0 0 1 0.180808 0.189536 0.260609 0.0264296 0.208797
0 0 0 0.227234 0.206815 0.287412 0.0299131 0.302718
0 0 0 0.244535 0.15523 0.303986 0.0269661 0.221773
0 0 0 0.0152559 0.222857 0.33331 0.0188002 0.0751521
0 0 0 0.309992 0.209922 0.291311 0.0222152 0.123994
0 0 0 0.319625 0.209715 0.32923 0.0169118 0.0547043
0 0 1 0.29244 0.132983 0.339352 0.029498 0.290289
0 0 1 0.0118463 0.157773 0.214498 0.0205259 0.0978039
0 0 0 0.0487419 0.111601 0.34495 0.0130448 0.0251055
0 0 1 0.0398585 0.118002 0.307754 0.0165634 0.0513925
0 0 0 0.0836124 0.0754661 0.201895 0.0262408 0.204355
0 0 1 0.221924 0.226977 0.383476 0.0257818 0.193817
0 0 0 0.24752 0.0782171 0.296882 0.0207715 0.101358
0 0 0 0.310516 0.0833502 0.292047 0.013554 0.0281612
0 0 0 0.346274 0.079445 0.330094 0.0190113 0.0777119
0 0 0 0.33144 0.112965 0.319865 0.0184778 0.0713516
0 0 1 0.327457 0.146518 0.308153 0.0172853 0.0584092
0 0 1 0.157967 0.233583 0.24045 0.0271269 0.225764
0 0 1 0.174402 0.232508 0.295706 0.0294267 0.288189
0 0 0 0.187799 0.171792 0.311997 0.0282875 0.255999
0 0 0 0.305205 0.17592 0.316908 0.0206175 0.0991201
0 0 1 0.351009 0.185797 0.310784 0.0266469 0.21399
0 0 0 0.130627 0.199015 0.20936 0.0245414 0.167166
0 0 1 0.269174 0.203706 0.323216 0.0253334 0.18388
0 0 1 0.253202 0.00910606 0.336812 0.0261592 0.202453
0 0 1 0.216833 0.2437 0.201376 0.0151518 0.0393413
0 0 1 0.211332 0.00624071 0.363369 0.0235066 0.146899
0 0 0 0.0457266 0.0619333 0.258289 0.0131657 0.0258097
0 0 0 0.0507273 0.0925066 0.27843 0.0237937 0.152349
0 0 1 0.208158 0.0292079 0.271057 0.0204019 0.0960432
0 0 1 0.171729 0.0105101 0.287727 0.0237834 0.152151
0 0 0 0.0919376 0.0336611 0.231172 0.0254772 0.187029
0 0 0 0.136153 0.124399 0.253386 0.0199257 0.0894736
0 0 0 0.112586 0.0847628 0.302661 0.0140688 0.0314934
0 0 0 0.120429 0.00654036 0.2385 0.014544 0.034794
0 0 0 0.174153 0.119324 0.276397 0.0247999 0.172505
0 0 0 0.181747 0.0285841 0.331313 0.0226347 0.131152
0 0 0 0.0202149 0.113613 0.217926 0.0245514 0.167372
0 0 1 0.372161 0.105068 0.271028 0.0255507 0.188651
0 0 1 0.0619181 0.151539 0.226496 0.0234758 0.146324
0 0 1 0.141639 0.160562 0.283198 0.0272795 0.229596
0 0 1 0.122715 0.243741 0.212695 0.01888 0.0761133
0 0 1 0.0736361 0.200749 0.232417 0.0264403 0.209052
0 0 0 0.143752 0.0854225 0.266297 0.0218489 0.117961
0 0 0 0.129463 0.0607549 0.292783 0.0168993 0.0545832
0 0 0 0.147711 0.132559 0.328695 0.0265087 0.210678
0 0 1 0.365898 0.239368 0.381572 0.0181406 0.0675166
0 0 0 0.111349 0.142542 0.232083 0.0174864 0.0604716
0 0 1 0.103496 0.172004 0.255718 0.021116 0.106485
0 0 0 0.138192 0.214894 0.278592 0.0143357 0.0333206
0 0 0 0.0319427 0.0836717 0.244359 0.0161047 0.04724
0 0 0 0.0414925 0.12619 0.253755 0.0189855 0.0773965
0 0 0 0.0394431 0.0218556 0.315435 0.0295949 0.29316
0 0 1 0.0447964 0.0460128 0.212054 0.0235376 0.147481
0 0 0 0.121495 0.196576 0.295912 0.0159076 0.0455264
0 0 0 0.147986 0.198421 0.320641 0.0203894 0.0958664
0 0 0 0.0870144 0.239352 0.349135 0.0214851 0.112167
0 0 0 0.0397066 0.17969 0.212627 0.0149727 0.0379626
0 0 1 0.0927615 0.0198988 0.284077 0.0246111 0.168595
0 0 0 0.0627219 0.0757319 0.238787 0.0161684 0.0478032
0 0 0 0.0862942 0.127665 0.266505 0.0276222 0.238357
0 0 1 0.0983882 0.155801 0.30446 0.021151 0.107015
0 0 1 0.301643 0.0675053 0.272553 0.0130929 0.0253839
0 0 1 0.0847592 0.242223 0.281585 0.0132988 0.0266008
0 0 1 0.0807704 0.196983 0.287977 0.0255997 0.189739
0 0 1 0.109203 0.22815 0.256446 0.0244855 0.166027
0 0 0 0.241797 0.170474 0.259465 0.0181952 0.0681275
0 0 1 0.164387 0.0534113 0.283527 0.0199755 0.0901461
0 0 1 0.10355 0.192391 0.334729 0.0266202 0.213347
0 0 1 0.0612782 0.053052 0.286987 0.0179431 0.0653345
0 0 0 0.0436671 0.15805 0.264658 0.0147734 0.0364661
0 0 1 0.13646 0.194554 0.252257 0.0189891 0.07744
0 0 1 0.358643 0.0401374 0.344355 0.0239242 0.154869
0 0 0 0.117588 0.239781 0.308599 0.0292934 0.284291
0 0 1 0.0553944 0.232406 0.286228 0.0180179 0.0661556
0 0 1 0.0588406 0.147831 0.299122 0.0195436 0.0844236
0 0 1 0.0686329 0.171619 0.260054 0.0140337 0.0312588
0 0 0 0.227837 0.184457 0.345454 0.0254108 0.185569
0 0 1 0.255187 0.0569347 0.344121 0.0222746 0.124992
0 0 0 0.0751556 0.204564 0.361931 0.0145464 0.0348114
0 0 1 0.296141 0.0350783 0.352236 0.0248619 0.173803
0 0 0 0.241238 0.136914 0.362692 0.0269114 0.220424
0 0 0 0.353113 0.111048 0.350908 0.0194324 0.0829912
0 0 1 0.0363473 0.146742 0.337499 0.0249559 0.175782
0 0 0 0.183312 0.21273 0.349633 0.0275095 0.235452
0 0 0 0.218578 0.0910651 0.343279 0.0277985 0.242949
0 0 0 0.341736 0.155391 0.353259 0.0264158 0.208469
0 0 1 0.00263121 0.0414525 0.236579 0.024242 0.161123
0 0 0 0.037351 0.077907 0.325654 0.0274203 0.233168
0 0 0 0.303663 0.186735 0.359424 0.0232862 0.142806
0 0 0 0.145912 0.17404 0.364505 0.0283224 0.256946
0 0 1 0.191119 0.170498 0.361729 0.0171113 0.0566633
0 0 1 0.0687217 0.0202146 0.354478 0.0192407 0.0805597
0 0 0 0.352929 0.214692 0.341322 0.0154444 0.0416647
0 0 1 0.264152 0.0962781 0.35687 0.0200486 0.0911394
0 0 0 0.323758 0.232342 0.366736 0.0270881 0.224796
0 0 0 0.0439835 0.23077 0.369449 0.0268715 0.219447
0 0 0 0.0125526 0.134311 0.367093 0.0150014 0.0381809
0 0 1 0.178027 0.0304581 0.372388 0.0186531 0.0734016
0 0 0 0.15462 0.115823 0.371889 0.0203381 0.0951442
0 0 1 0.322205 0.243188 0.264769 0.0182778 0.0690598
0 0 0 0.187404 0.249685 0.218261 0.013114 0.0255071
0 0 1 0.0570292 0.0836644 0.398134 0.019645 0.0857452
0 0 0 0.0406317 0.0232572 0.370852 0.0134158 0.027309
0 0 1 0.174035 0.0743364 0.367649 0.0256693 0.19129
0 0 0 0.0782648 0.096036 0.366504 0.0193925 0.0824809
0 0 0 0.109335 0.13228 0.366295 0.0272235 0.228184
0 0 0 0.309057 0.14864 0.377022 0.0145512 0.0348454
0 0 0 0.32333 0.0158774 0.375239 0.0156042 0.0429709
0 0 1 0.0262731 0.0983319 0.371288 0.0237352 0.151228
0 0 0 0.13852 0.0430249 0.367427 0.0216814 0.11527
0 0 1 0.0884985 0.174783 0.376592 0.0212316 0.108243
0 0 1 0.0561965 0.192899 0.392204 0.0189692 0.0771965
0 0 0 0.280723 0.159715 0.378116 0.0158919 0.0453919
0 0 0 0.294307 0.00313109 0.303541 0.0221456 0.122832
0 0 0 0.365861 0.0744889 0.382664 0.0280415 0.249376
0 0 0 0.356769 0.0255679 0.386949 0.0211319 0.106725
0 0 0 0.298368 0.202701 0.39765 0.0184838 0.0714206
0 0 1 0.218153 0.0518342 0.378738 0.0250918 0.178668
0 0 1 0.00756577 0.237292 0.285972 0.0270058 0.222753
0 0 0 0.252078 0.17591 0.379812 0.0170364 0.0559228
0 0 1 0.325391 0.0500143 0.38137 0.0190419 0.0780878
0 0 1 0.103615 0.0112288 0.382287 0.0262787 0.205242
0 0 1 0.172145 0.249099 0.390556 0.0283726 0.258316
0 0 0 0.0999859 0.0622572 0.385354 0.0249713 0.176107
0 0 1 0.006084 0.011963 0.385042 0.0191686 0.0796567
0 0 0 0.178754 0.191207 0.384683 0.0138747 0.0302081
0 0 0 0.295519 0.0195809 0.390296 0.0162392 0.0484335
0 0 1 0.217722 0.182617 0.388756 0.0190967 0.0787643
0 0 0 0.0675124 0.0329177 0.387496 0.0161603 0.0477309
0 0 0 0.202298 0.150575 0.386439 0.0165443 0.0512147
0 0 0 0.330259 0.17792 0.390014 0.0181975 0.0681535
0 0 0 0.104125 0.216259 0.384025 0.0237189 0.150917
0 0 0 0.280889 0.0638818 0.396223 0.0298841 0.301838
0 0 1 0.251741 0.0137408 0.394663 0.0281455 0.252163
0 0 0 0.126078 0.0980925 0.394854 0.020366 0.0955371
0 0 0 0.0249607 0.0710192 0.396661 0.0135676 0.0282466
0 0 1 0.233148 0.155195 0.398061 0.0137167 0.0291878
0 0 0 0.37113 0.00211148 0.345581 0.016124 0.0474101
0 0 0 0.181888 0.000372508 0.388777 0.0158263 0.0448326
0 0 1 0.315415 0.195556 0.201582 0.0210372 0.105297
0 0 0 0.102005 6.9517e-05 0.330323 0.0265543 0.211765
0 0 0 0.000108102 0.160689 0.364069 0.0143237 0.0332364
0 0 1 0.288118 0.203423 0.484465 0.018615 0.0729533
0 0 0 0.130046 0.0362122 0.405178 0.016698 0.0526556
0 0 1 0.0120982 0.0393694 0.441215 0.019178 0.0797739
0 0 0 0.236251 0.229548 0.444096 0.0166874 0.0525558
0 0 1 0.085965 0.0341332 0.42009 0.0213171 0.109556
0 0 0 0.0535894 0.0654216 0.444442 0.0298725 0.301487
0 0 0 0.109528 0.209361 0.422906 0.0158648 0.04516
0 0 0 0.297501 0.237798 0.401526 0.016843 0.054039
0 0 1 0.068731 0.230986 0.417478 0.0271641 0.226693
0 0 1 0.356581 0.226617 0.461621 0.019706 0.0865462
0 0 0 0.182335 0.105988 0.446152 0.0221276 0.122534
0 0 0 0.0854332 0.205469 0.463356 0.027927 0.246336
0 0 0 0.0554111 0.116602 0.47204 0.0277297 0.241152
0 0 1 0.246115 0.0451997 0.47981 0.0248022 0.172554
0 0 1 0.228286 0.17668 0.450892 0.0182576 0.0688314
0 0 0 0.256909 0.198244 0.419077 0.0283981 0.259012
0 0 0 0.252507 0.19911 0.470201 0.019988 0.0903155
0 0 1 0.161764 0.104786 0.408251 0.0183307 0.0696611
0 0 0 0.0175348 0.210016 0.413348 0.0283147 0.256737
0 0 1 0.260979 0.0978067 0.43017 0.0220771 0.121697
0 0 1 0.136091 0.240571 0.450476 0.0236928 0.150418
0 0 0 0.227234 0.000412884 0.432338 0.0187336 0.0743555
0 0 1 0.283072 0.185007 0.454084 0.0172681 0.0582352
0 0 1 0.103941 0.144807 0.468937 0.0281309 0.251771
0 0 0 0.30638 0.0381969 0.460893 0.0244415 0.165134
0 0 0 0.348082 0.0581599 0.47636 0.0242399 0.161081
0 0 0 0.166346 0.175405 0.433254 0.0221432 0.122793
0 0 0 0.0286475 0.185143 0.465484 0.0193063 0.081386
0 0 0 0.234327 0.0543867 0.429204 0.0279662 0.247373
0 0 0 0.118766 0.16031 0.415087 0.0298352 0.300359
0 0 0 0.353144 0.183541 0.434002 0.013982 0.0309142
0 0 0 0.141645 0.0416873 0.44171 0.0220219 0.120785
0 0 0 0.239465 0.12464 0.407038 0.0187529 0.0745856
0 0 1 0.0857381 0.19184 0.410919 0.0160207 0.0465044
0 0 1 0.265703 0.0154605 0.445527 0.0246294 0.168972
0 0 0 0.299288 0.162679 0.419078 0.0269275 0.220821
0 0 0 0.00438434 0.0027622 0.424798 0.0216769 0.115198
0 0 0 0.0338228 0.112017 0.424784 0.024427 0.164839
0 0 1 0.338633 0.242809 0.418784 0.0280471 0.249525
0 0 0 0.218349 0.215679 0.421439 0.0139883 0.030956
0 0 1 0.261678 0.15481 0.402062 0.0150963 0.0389105
0 0 1 0.298158 0.249829 0.42991 0.0139934 0.0309903
0 0 1 0.146618 0.00647982 0.474012 0.0237745 0.15198
0 0 0 0.366558 0.059779 0.443906 0.0131407 0.0256633
0 0 0 0.330388 0.0701124 0.426321 0.0283839 0.258623
0 0 1 0.325258 0.192932 0.461502 0.0262938 0.205595
0 0 0 0.15449 0.118856 0.476398 0.0209511 0.10401
0 0 1 0.258263 0.164458 0.461281 0.0157418 0.0441181
0 0 0 0.00914317 0.139237 0.458595 0.0255065 0.187675
0 0 0 0.00884078 0.154183 0.404941 0.0270399 0.223599
0 0 0 0.103524 0.248534 0.49463 0.028288 0.25601
0 0 1 0.101688 0.090051 0.475656 0.0257464 0.193019
0 0 0 0.189322 0.173838 0.404623 0.014604 0.0352263
0 0 1 0.211367 0.186677 0.422908 0.0158786 0.0452782
0 0 1 0.113737 0.242089 0.415329 0.0179914 0.0658637
0 0 1 0.195147 0.210664 0.458199 0.0297714 0.298435
0 0 1 0.206672 0.0182729 0.403073 0.0179248 0.0651348
0 0 0 0.214652 0.0817303 0.469441 0.0245128 0.166584
0 0 1 0.339738 0.152574 0.442176 0.0207382 0.100871
0 0 1 0.302627 0.110931 0.434927 0.0217269 0.115996
0 0 1 0.365144 0.0421501 0.419887 0.0166874 0.0525557
0 0 0 0.359806 0.113591 0.45453 0.0248158 0.172837
0 0 0 0.0049631 0.227762 0.480431 0.022568 0.129997
0 0 0 0.294962 0.146137 0.469203 0.026035 0.199584
0 0 0 0.171966 0.241551 0.434053 0.0157771 0.0444156
0 0 0 0.298784 0.216616 0.432833 0.0193555 0.08201
0 0 1 0.272613 0.133216 0.436197 0.015679 0.0435923
0 0 0 0.13165 0.195833 0.449501 0.0212773 0.108944
0 0 1 0.206036 0.145386 0.428631 0.0261296 0.201768
0 0 0 0.185976 0.0703059 0.416268 0.024558 0.167507
0 0 1 0.219373 0.0995477 0.427997 0.0196234 0.085462
0 0 0 0.324501 0.0209638 0.41423 0.0213755 0.110459
0 0 0 0.365184 0.0947266 0.420266 0.0146677 0.0356891
0 0 1 0.269685 0.0816863 0.468219 0.020155 0.0925976
0 0 1 0.288795 0.0683161 0.440936 0.0157388 0.0440928
0 0 0 0.316977 0.0989328 0.480115 0.0271816 0.227132
0 0 0 0.339111 0.00461912 0.492358 0.0227849 0.13378
0 0 1 0.0999666 0.0403005 0.464169 0.025343 0.184088
0 0 0 0.146649 0.0662847 0.400635 0.0179545 0.0654595
0 0 1 0.088462 0.109831 0.425638 0.0296426 0.294578
0 0 0 0.0443515 0.0112607 0.457506 0.0266024 0.21292
0 0 1 0.326078 0.19739 0.418678 0.0167049 0.0527208
0 0 0 0.355036 0.184492 0.407354 0.0127506 0.0234445
0 0 1 0.149726 0.21327 0.487748 0.024479 0.165894
0 0 1 0.248245 0.154768 0.431431 0.0172015 0.0575643
0 0 0 0.190802 0.0248799 0.451457 0.0291367 0.279753
0 0 0 0.0206512 0.175983 0.435933 0.0126498 0.0228929
0 0 0 0.165021 0.0687837 0.475395 0.0271245 0.225704
0 0 1 0.24013 0.126031 0.464269 0.0268542 0.219023
0 0 1 0.137607 0.0957627 0.441772 0.0239641 0.155645
0 0 1 0.154109 0.13602 0.439665 0.0195963 0.0851087
0 0 1 0.0402183 0.222425 0.455364 0.0210208 0.105051
0 0 1 0.188239 0.209332 0.410149 0.0187912 0.075044
0 0 1 0.183237 0.156471 0.474663 0.0264226 0.208632
0 0 0 0.110728 0.0650736 0.427999 0.0190971 0.0787687
0 0 1 0.347781 0.0194527 0.450903 0.0220907 0.121922
0 0 1 0.0599255 0.162023 0.436768 0.0290412 0.277011
0 0 0 0.289416 0.0591946 0.504836 0.0271318 0.225885
0 0 1 0.145604 0.206408 0.405818 0.0241631 0.159556
0 0 0 0.166205 0.0309083 0.409263 0.020076 0.0915137
0 0 0 0.116179 0.00140605 0.435283 0.0257465 0.193022
0 0 0 0.273254 0.239345 0.462821 0.02588 0.196041
0 0 1 0.33407 0.22368 0.489227 0.0160361 0.0466387
0 0 0 0.0347805 0.0385204 0.405052 0.0214041 0.110903
0 0 1 0.141625 0.00462046 0.401378 0.0167677 0.053318
0 0 1 0.166507 0.145066 0.400597 0.022338 0.126062
0 0 0 0.0761994 0.345142 0.161061 0.0133384 0.0268388
0 0 0 0.0205032 0.402434 0.0650969 0.0180937 0.0669943
0 0 1 0.0182299 0.464745 0.0175391 0.0175398 0.061028
0 0 0 0.0908835 0.271421 0.0235832 0.0236038 0.14873
0 0 1 0.181086 0.308847 0.02554 0.0255684 0.189045
0 0 1 0.222587 0.339445 0.0249516 0.0249634 0.175939
0 0 1 0.264432 0.350048 0.0186656 0.0186703 0.073605
0 0 1 0.321171 0.311904 0.0598694 0.025929 0.197155
0 0 1 0.0911883 0.406331 0.0135398 0.0135433 0.0280945
0 0 1 0.239271 0.442293 0.0283237 0.0283397 0.257417
0 0 0 0.331529 0.429213 0.0276722 0.0277068 0.240555
0 0 1 0.133606 0.482979 0.0506855 0.0171842 0.0573904
0 0 1 0.163785 0.482124 0.0554345 0.0133792 0.0270857
0 0 1 0.0778778 0.282253 0.0797261 0.0174297 0.0598851
0 0 0 0.237355 0.286898 0.029836 0.0298432 0.300601
0 0 0 0.342988 0.313875 0.0128161 0.0128166 0.0238109
0 0 0 0.365249 0.295212 0.0161877 0.0161882 0.047979
0 0 0 0.160218 0.348856 0.0264064 0.0190251 0.0778815
0 0 1 0.292529 0.380398 0.0228646 0.0229129 0.136048
0 0 1 0.36509 0.385959 0.0142648 0.014269 0.0328571
0 0 0 0.324649 0.377028 0.0499654 0.0192652 0.0808675
0 0 1 0.171382 0.441938 0.0164586 0.0164727 0.0505527
0 0 0 0.276172 0.416654 0.0305034 0.0166501 0.0522043
0 0 1 0.276405 0.437348 0.056225 0.0163674 0.0495896
0 0 1 0.324939 0.429599 0.0753095 0.0204075 0.0961215
0 0 1 0.331439 0.39573 0.0916855 0.0177928 0.0637066
0 0 0 0.0344736 0.36913 0.0574349 0.0158768 0.0452632
0 0 1 0.333949 0.475555 0.0510165 0.0242525 0.161333
0 0 0 0.327623 0.278701 0.0236238 0.0236577 0.149751
0 0 1 0.287121 0.2969 0.0851382 0.0180697 0.0667275
0 0 0 0.000463263 0.378136 0.0324092 0.0273037 0.230205
0 0 0 0.113844 0.345833 0.0129969 0.0129975 0.0248334
0 0 1 0.133293 0.365505 0.0147196 0.0147205 0.0360759
0 0 1 0.189726 0.342377 0.0652655 0.0271449 0.226212
0 0 0 0.285093 0.312512 0.0245446 0.0245858 0.168075
0 0 0 0.308171 0.345135 0.0162298 0.0162314 0.0483637
0 0 1 0.0974534 0.37384 0.0202128 0.0202175 0.0934618
0 0 1 0.0931469 0.398991 0.063746 0.0248641 0.173849
0 0 0 0.134331 0.407132 0.0293746 0.0294244 0.288121
0 0 0 0.193194 0.403993 0.0290822 0.0290827 0.278199
0 0 1 0.245229 0.388968 0.0251958 0.0252195 0.181411
0 0 0 0.334266 0.386338 0.0166434 0.0166494 0.0521977
0 0 0 0.347598 0.348519 0.02594 0.0245158 0.166643
0 0 1 0.263627 0.474551 0.161898 0.0279636 0.247304
0 0 0 0.248306 0.415256 0.0775844 0.0252762 0.182636
0 0 0 0.294234 0.430997 0.012566 0.012582 0.0225271
0 0 1 0.312066 0.449546 0.107039 0.0192343 0.0804793
0 0 0 0.364716 0.396228 0.0524104 0.0252404 0.181861
0 0 1 0.035082 0.36544 0.0139399 0.0139512 0.0307103
0 0 1 0.314389 0.498435 0.166808 0.0144611 0.0342024
0 0 1 0.182106 0.255867 0.0274424 0.0274606 0.234198
0 0 0 0.363017 0.268272 0.0766276 0.0156391 0.0432602
0 0 0 0.197216 0.286127 0.0702189 0.0271009 0.225116
0 0 1 0.263054 0.319931 0.0641084 0.0213303 0.10976
0 0 1 0.270945 0.348598 0.0825031 0.013656 0.0288021
0 0 1 0.318305 0.296749 0.0988544 0.0160136 0.046443
0 0 1 0.348437 0.275729 0.116411 0.0247289 0.171027
0 0 0 0.347378 0.306137 0.0908151 0.0150373 0.0384557
0 0 0 0.219274 0.468627 0.0647863 0.0183502 0.069884
0 0 1 0.221374 0.378607 0.0633963 0.02102 0.105038
0 0 0 0.335306 0.279646 0.0796566 0.0144683 0.0342533
0 0 0 0.292671 0.349509 0.0548239 0.0215442 0.113095
0 0 0 0.166141 0.442324 0.0592735 0.0266751 0.21467
0 0 1 0.359776 0.414389 0.124837 0.0296475 0.294725
0 0 1 0.362365 0.454389 0.0864371 0.0258784 0.196003
0 0 0 0.0117096 0.442841 0.170338 0.018816 0.0753414
0 0 0 0.0515115 0.402413 0.029276 0.0293207 0.285086
0 0 0 0.00441247 0.481695 0.185224 0.0179763 0.0656985
0 0 1 0.277069 0.485456 0.104028 0.0272797 0.229599
0 0 1 0.122001 0.349953 0.0559858 0.0293158 0.284944
0 0 1 0.287222 0.269424 0.0508144 0.025937 0.19734
0 0 1 0.301316 0.334131 0.101864 0.0251636 0.180206
0 0 1 0.230402 0.38384 0.100522 0.0175449 0.0610805
0 0 1 0.225527 0.317974 0.0618612 0.0163293 0.049244
0 0 1 0.26125 0.373776 0.0638075 0.0191735 0.0797186
0 0 1 0.311388 0.412716 0.117501 0.0190609 0.0783212
0 0 0 0.347756 0.35342 0.0840552 0.0282224 0.254235
0 0 1 0.138267 0.458382 0.0207497 0.0207506 0.101052
0 0 0 0.269049 0.449119 0.0842101 0.0148751 0.0372249
0 0 1 0.151959 0.477623 0.0900372 0.0222725 0.124956
0 0 1 0.0520276 0.385525 0.0942726 0.0281025 0.251008
0 0 0 0.0642198 0.361758 0.0154479 0.0154666 0.0418443
0 0 0 0.0225014 0.320769 0.108727 0.0223969 0.127063
0 0 1 0.372651 0.451254 0.0409988 0.0208181 0.102041
0 0 0 0.137751 0.283271 0.0247523 0.02476 0.171674
0 0 0 0.19025 0.361717 0.0154378 0.0154409 0.0416358
0 0 0 0.150781 0.261517 0.0543886 0.0142445 0.0326882
0 0 1 0.175604 0.274976 0.127611 0.0174175 0.0597598
0 0 1 0.243756 0.286515 0.0803054 0.020533 0.0979055
0 0 0 0.259802 0.311608 0.112399 0.023258 0.142288
0 0 1 0.276567 0.34257 0.151399 0.0292876 0.284122
0 0 0 0.299373 0.255496 0.105163 0.029531 0.291265
0 0 1 0.18699 0.401393 0.0898681 0.028024 0.248909
0 0 1 0.30851 0.371047 0.0790722 0.0145498 0.0348355
0 0 1 0.345657 0.319966 0.12306 0.0200965 0.0917941
0 0 0 0.0542763 0.263332 0.0811966 0.0128649 0.0240808
0 0 1 0.293008 0.402047 0.0637191 0.0233592 0.144153
0 0 1 0.342962 0.458878 0.12535 0.0178575 0.0644047
0 0 1 0.320968 0.438019 0.138454 0.0151841 0.0395934
0 0 1 0.34682 0.450122 0.168222 0.0260694 0.200375
0 0 0 0.0400783 0.379324 0.18246 0.0202427 0.0938121
0 0 1 0.268689 0.253316 0.15912 0.0167458 0.0531091
0 0 0 0.0842513 0.35871 0.0845629 0.0149325 0.0376571
0 0 0 0.0860019 0.338395 0.0215144 0.0170543 0.0560988
0 0 0 0.125244 0.304801 0.0550283 0.0144478 0.0341084
0 0 0 0.147219 0.317642 0.043188 0.013626 0.0286124
0 0 0 0.209783 0.261022 0.111536 0.0228592 0.135094
0 0 0 0.352701 0.27642 0.0507582 0.0133801 0.0270913
0 0 0 0.30845 0.300854 0.137616 0.0242036 0.160358
0 0 1 0.033671 0.299607 0.188306 0.0143959 0.033742
0 0 1 0.234899 0.34518 0.0888141 0.0230984 0.139379
0 0 0 0.291658 0.430948 0.0879038 0.014366 0.0335323
0 0 1 0.325641 0.368951 0.133591 0.0278682 0.244783
0 0 1 0.276624 0.381414 0.108481 0.0286021 0.264635
0 0 1 0.335164 0.405364 0.164759 0.0181425 0.0675377
0 0 1 0.360866 0.349861 0.123454 0.013464 0.0276044
0 0 0 0.193813 0.478285 0.0276795 0.0276909 0.24014
0 0 1 0.04039 0.47779 0.176163 0.0193451 0.0818779
0 0 0 0.040319 0.335851 0.18041 0.0232908 0.142891
0 0 1 0.143672 0.321378 0.0150138 0.0150154 0.0382882
0 0 1 0.160467 0.264176 0.0912489 0.0206039 0.0989238
0 0 1 0.235973 0.378366 0.143232 0.0249956 0.176621
0 0 1 0.276062 0.391396 0.154699 0.0186927 0.0738696
0 0 1 0.35631 0.370896 0.174803 0.0235422 0.147569
0 0 1 0.112397 0.445882 0.0831539 0.028936 0.274011
0 0 0 0.220987 0.423659 0.122224 0.0239294 0.15497
0 0 0 0.271006 0.434923 0.123962 0.027389 0.232371
0 0 1 0.105868 0.304226 0.140942 0.0165556 0.0513203
0 0 0 0.136515 0.400052 0.0836213 0.0228621 0.135146
0 0 0 0.309006 0.473297 0.140764 0.0221464 0.122846
0 0 0 0.118639 0.272449 0.0760575 0.0246664 0.169734
0 0 1 0.218141 0.255704 0.160748 0.0272348 0.228467
0 0 1 0.0711736 0.333941 0.0747913 0.0147362 0.0361916
0 0 1 0.151848 0.310271 0.0858004 0.0266083 0.21306
0 0 1 0.161397 0.378249 0.057613 0.0192225 0.0803311
0 0 0 0.192693 0.316641 0.0963603 0.0133387 0.0268404
0 0 0 0.219639 0.303034 0.105903 0.0183267 0.0696152
0 0 0 0.236399 0.284083 0.131328 0.0175497 0.0611313
0 0 1 0.243941 0.300961 0.170492 0.0257649 0.193437
0 0 1 0.196476 0.356351 0.113915 0.0239261 0.154906
0 0 0 0.225507 0.328776 0.136356 0.0219942 0.12033
0 0 0 0.331285 0.327013 0.175213 0.0269874 0.222298
0 0 0 0.210234 0.432683 0.0640799 0.0187314 0.0743296
0 0 0 0.0562105 0.285679 0.0148682 0.0148883 0.0373242
0 0 0 0.120162 0.473402 0.127948 0.0242234 0.160752
0 0 0 0.0244972 0.306274 0.160269 0.015849 0.0450258
0 0 0 0.244271 0.495525 0.0252059 0.0252202 0.181426
0 0 0 0.101562 0.485599 0.0467038 0.0152127 0.0398175
0 0 1 0.256962 0.472218 0.0615785 0.0196533 0.0858536
0 0 1 0.368009 0.25368 0.178721 0.0163726 0.049637
0 0 1 0.0880366 0.310008 0.0503063 0.0234316 0.145499
0 0 0 0.142171 0.334688 0.120826 0.0171718 0.0572668
0 0 0 0.176325 0.31434 0.127533 0.0219564 0.119711
0 0 0 0.205034 0.292806 0.141512 0.0165714 0.0514667
0 0 1 0.230421 0.342727 0.173795 0.018267 0.0689369
0 0 0 0.37136 0.299863 0.145804 0.0196814 0.086223
0 0 0 0.217215 0.481669 0.138097 0.0247174 0.170789
0 0 0 0.307032 0.376233 0.184695 0.027014 0.222956
0 0 1 0.366191 0.4136 0.176785 0.0161538 0.0476732
0 0 1 0.098751 0.402987 0.113489 0.0253765 0.184819
0 0 1 0.151648 0.430844 0.123418 0.0289528 0.274488
0 0 0 0.187154 0.394503 0.14558 0.0264832 0.21007
0 0 0 0.161329 0.375234 0.172207 0.0153188 0.0406563
0 0 1 0.188447 0.446267 0.1631 0.0273286 0.230837
0 0 1 0.296259 0.429798 0.173766 0.0287082 0.267591
0 0 1 0.121042 0.432385 0.154719 0.0148576 0.0370938
0 0 0 0.34609 0.49436 0.150237 0.0215485 0.113162
0 0 0 0.28881 0.467697 0.0273165 0.0273501 0.231382
0 0 1 0.134647 0.281127 0.123684 0.024194 0.160168
0 0 1 0.271395 0.28038 0.137265 0.0181515 0.0676377
0 0 1 0.335163 0.269946 0.162592 0.0236814 0.150201
0 0 0 0.0243481 0.294916 0.0737731 0.0211203 0.106549
0 0 0 0.13715 0.380115 0.138765 0.0260089 0.198984
0 0 0 0.205403 0.354515 0.154558 0.0154251 0.0415081
0 0 1 0.0588971 0.327544 0.100021 0.0140432 0.0313218
0 0 1 0.113775 0.360986 0.103661 0.0203112 0.0947676
0 0 1 0.0700934 0.361158 0.0515215 0.0211028 0.106285
0 0 0 0.0792884 0.309482 0.0136388 0.0136391 0.028695
0 0 1 0.290981 0.282679 0.180751 0.0257658 0.193456
0 0 1 0.149588 0.413554 0.175 0.0248639 0.173844
0 0 0 0.239068 0.42368 0.172145 0.0288587 0.271822
0 0 1 0.359958 0.493742 0.0196919 0.0196923 0.086366
0 0 1 0.0905334 0.497362 0.153002 0.0214325 0.111345
0 0 1 0.0268547 0.427053 0.0942315 0.0204598 0.0968627
0 0 1 0.0442805 0.457198 0.0497765 0.0190886 0.0786633
0 0 1 0.0734185 0.473257 0.0615849 0.0162235 0.0482928
0 0 1 0.0812068 0.442009 0.144367 0.0274136 0.232998
0 0 0 0.03419 0.274337 0.114751 0.0257866 0.193925
0 0 1 0.0466392 0.445897 0.0163113 0.0163173 0.049136
0 0 1 0.149505 0.258924 0.156933 0.0184619 0.0711679
0 0 0 0.179299 0.281146 0.163617 0.0193044 0.0813616
0 0 0 0.14365 0.313175 0.166218 0.0287054 0.267512
0 0 1 0.0397729 0.343278 0.0791843 0.0183222 0.0695644
0 0 0 0.10003 0.31575 0.0991548 0.0271953 0.227476
0 0 0 0.170594 0.35007 0.149014 0.0201392 0.0923806
0 0 1 0.194996 0.320161 0.168298 0.023012 0.13782
0 0 0 0.167493 0.487269 0.13414 0.0255001 0.187534
0 0 1 0.060854 0.29961 0.0995803 0.0139631 0.0307893
0 0 0 0.0652429 0.475319 0.104161 0.0272023 0.227652
0 0 0 0.0365266 0.409917 0.140217 0.0261852 0.203058
0 0 0 0.110998 0.341306 0.141662 0.0209033 0.103299
0 0 0 0.0411809 0.325079 0.0298674 0.029873 0.301501
0 0 1 0.369656 0.255569 0.0243213 0.0243296 0.162877
0 0 0 0.111761 0.315758 0.0174772 0.0174807 0.0604132
0 0 0 0.104107 0.270387 0.172762 0.0299501 0.303842
0 0 0 0.0778281 0.355036 0.121527 0.0202728 0.0942305
0 0 1 0.0622915 0.312996 0.139248 0.0279348 0.246542
0 0 0 0.120868 0.37215 0.189082 0.0274765 0.234604
0 0 0 0.327687 0.488512 0.0969982 0.0239328 0.155035
0 0 1 0.0573965 0.308212 0.0726363 0.0145377 0.0347491
0 0 0 0.0790767 0.384537 0.157574 0.0263253 0.206335
0 0 1 0.0904784 0.446181 0.0292448 0.0293007 0.284503
0 0 1 0.0954629 0.32031 0.173952 0.0206348 0.09937
0 0 1 0.229599 0.492857 0.094866 0.0216433 0.114662
0 0 0 0.101635 0.419444 0.185428 0.0237106 0.150758
0 0 1 0.299242 0.45974 0.0721114 0.0193457 0.0818848
0 0 0 0.0334924 0.358191 0.13639 0.0254208 0.18579
0 0 0 0.0190739 0.276405 0.0235183 0.0235197 0.147145
0 0 0 0.369946 0.33602 0.148562 0.0166093 0.0518214
0 0 1 0.054603 0.278995 0.0497482 0.0206809 0.100037
0 0 1 0.194688 0.458756 0.0996216 0.0254186 0.18574
0 0 1 0.0863251 0.269016 0.119963 0.0257699 0.193549
0 0 1 0.0641124 0.433122 0.0758116 0.0215436 0.113085
0 0 0 0.155062 0.360809 0.0947195 0.0219451 0.119526
0 0 1 0.0634709 0.423424 0.110849 0.014817 0.0367901
0 0 1 0.0463546 0.264742 0.166683 0.0284084 0.259293
0 0 0 0.137979 0.46549 0.176832 0.0284079 0.259282
0 0 0 0.23818 0.453643 0.0961046 0.0185173 0.07181
0 0 1 0.0344114 0.458492 0.139593 0.0224408 0.12781
0 0 1 0.323502 0.496143 0.0169246 0.0169545 0.0551197
0 0 0 0.0499871 0.493044 0.0249034 0.0249169 0.174959
0 0 1 0.155918 0.487058 0.0136584 0.0136627 0.0288445
0 0 0 0.368579 0.389106 0.0903697 0.013574 0.0282865
0 0 0 0.0909169 0.490651 0.0168645 0.0168691 0.0542914
0 0 1 0.0490431 0.499624 0.142938 0.0213507 0.110075
0 0 1 0.125821 0.498471 0.0189634 0.0189676 0.0771779
0 0 1 0.049962 0.427953 0.186574 0.0253475 0.184187
0 0 0 0.00577234 0.361924 0.0958037 0.0238708 0.153834
0 0 1 0.00959625 0.476282 0.09851 0.0287511 0.268791
0 0 1 0.00859717 0.362525 0.195926 0.017899 0.0648542
0 0 0 0.00171442 0.435952 0.124693 0.0199887 0.0903245
0 0 0 0.0838811 0.468802 0.19294 0.0281449 0.252146
0 0 1 0.297693 0.472859 0.194101 0.0189464 0.0769188
0 0 1 0.00541074 0.492673 0.0474456 0.0250471 0.177715
0 0 1 0.228012 0.467924 0.198418 0.0234837 0.146472
0 0 0 0.110714 0.498668 0.0878845 0.0240968 0.158245
0 0 1 0.255793 0.332893 0.193698 0.0154498 0.0417082
0 0 1 0.255009 0.374985 0.189647 0.0252873 0.182878
0 0 1 0.202115 0.373374 0.193255 0.0277764 0.242371
0 0 0 0.00651126 0.330791 0.0651082 0.0198964 0.0890789
0 0 1 0.289532 0.325324 0.194762 0.0191485 0.0794065
0 0 1 0.253657 0.250766 0.19559 0.0227889 0.133851
0 0 1 0.16082 0.348349 0.194011 0.0193045 0.0813631
0 0 1 0.0784212 0.351441 0.193703 0.0199848 0.0902711
0 0 1 0.00308606 0.284059 0.180159 0.0208753 0.102885
0 0 1 0.00224511 0.290597 0.0995715 0.0131402 0.0256599
0 0 0 0.153727 0.271237 0.19837 0.0249738 0.176159
0 0 0 0.0138509 0.499855 0.134846 0.0147742 0.0364725
0 0 0 0.00367846 0.441563 0.0577282 0.0251503 0.17992
0 0 1 0.0888892 0.476168 0.364088 0.0183572 0.0699631
0 0 1 0.146153 0.31245 0.342415 0.0207459 0.100983
0 0 0 0.0606935 0.489846 0.252145 0.0163279 0.0492317
0 0 1 0.0161577 0.484175 0.281285 0.0194629 0.0833824
0 0 0 0.245247 0.456611 0.33548 0.0211319 0.106725
0 0 1 0.0335 0.401487 0.270693 0.0197583 0.0872372
0 0 0 0.353481 0.420436 0.355274 0.0240581 0.157484
0 0 1 0.0114865 0.324981 0.261948 0.0207882 0.101603
0 0 1 0.0516117 0.255853 0.332266 0.0144312 0.0339908
0 0 0 0.010613 0.315815 0.216634 0.0254617 0.186686
0 0 1 0.023284 0.397382 0.221578 0.0260026 0.19884
0 0 1 0.062889 0.36535 0.279148 0.0275885 0.237485
0 0 1 0.338301 0.470307 0.218892 0.0286503 0.265974
0 0 1 0.175281 0.462455 0.201618 0.016482 0.0506382
0 0 1 0.0336571 0.428596 0.358349 0.0251807 0.180575
0 0 0 0.122257 0.367423 0.363449 0.0214091 0.110981
0 0 0 0.186857 0.452827 0.298224 0.0290662 0.277727
0 0 1 0.140828 0.403754 0.345505 0.0197312 0.0868782
0 0 0 0.338094 0.373702 0.345598 0.0260859 0.200756
0 0 0 0.0721381 0.349439 0.380114 0.0258918 0.196308
0 0 0 0.359238 0.289459 0.349359 0.0162757 0.048761
0 0 1 0.247806 0.491273 0.29431 0.0160381 0.0466564
0 0 1 0.140397 0.488861 0.260269 0.0141889 0.0323071
0 0 0 0.3056 0.498567 0.342582 0.0280103 0.248544
0 0 1 0.28334 0.46262 0.314126 0.0229585 0.136863
0 0 1 0.0492305 0.469627 0.225221 0.0192405 0.080557
0 0 1 0.0784369 0.291952 0.303382 0.0150361 0.0384467
0 0 0 0.373237 0.475181 0.299155 0.0174128 0.0597111
0 0 1 0.0549433 0.389092 0.245369 0.0144603 0.0341969
0 0 0 0.0247428 0.425882 0.247786 0.0127435 0.0234057
0 0 1 0.016123 0.326906 0.357658 0.0215371 0.112983
0 0 0 0.0560944 0.460937 0.290853 0.0277257 0.241046
0 0 0 0.220801 0.4751 0.30882 0.0128929 0.0242385
0 0 1 0.362898 0.491362 0.251089 0.0163377 0.0493202
0 0 0 0.0257344 0.266834 0.312033 0.0163762 0.0496694
0 0 0 0.100561 0.277646 0.26932 0.0273879 0.232343
0 0 1 0.258357 0.266855 0.341737 0.019101 0.0788172
0 0 1 0.280561 0.483428 0.271238 0.0247964 0.172432
0 0 0 0.162727 0.49251 0.213042 0.0148008 0.0366696
0 0 1 0.183276 0.435308 0.34143 0.0176989 0.0627038
0 0 0 0.119595 0.434894 0.28052 0.0239346 0.155072
0 0 0 0.103779 0.491239 0.300774 0.0140994 0.0316998
0 0 1 0.0887352 0.280908 0.335991 0.0209039 0.103307
0 0 0 0.0036229 0.417095 0.319799 0.0234294 0.145457
0 0 0 0.352239 0.458093 0.269147 0.0230073 0.137737
0 0 1 0.364109 0.374775 0.225953 0.0140355 0.0312704
0 0 0 0.282128 0.439704 0.261033 0.020142 0.0924182
0 0 1 0.301189 0.446274 0.215981 0.0156649 0.0434748
0 0 1 0.124825 0.488931 0.334794 0.0189513 0.0769789
0 0 0 0.0766295 0.389847 0.354055 0.022405 0.127201
0 0 1 0.0248902 0.267258 0.217655 0.0251707 0.180359
0 0 1 0.371164 0.427802 0.241687 0.0220552 0.121335
0 0 1 0.162242 0.464974 0.259772 0.018196 0.0681366
0 0 1 0.356845 0.288605 0.206606 0.0288182 0.270677
0 0 1 0.191059 0.331417 0.207394 0.0178654 0.0644896
0 0 1 0.205326 0.286445 0.206979 0.0293286 0.285317
0 0 0 0.231442 0.332641 0.230547 0.0287212 0.267954
0 0 0 0.366261 0.477843 0.347536 0.0260476 0.199873
0 0 1 0.23328 0.387543 0.229428 0.0217576 0.116489
0 0 1 0.340889 0.374554 0.209376 0.0145001 0.0344801
0 0 1 0.218633 0.348546 0.365563 0.0180159 0.0661332
0 0 1 0.294562 0.342586 0.32554 0.0149058 0.0374559
0 0 1 0.21546 0.4847 0.280855 0.017153 0.0570784
0 0 1 0.3034 0.417396 0.34566 0.0270291 0.22333
0 0 1 0.149513 0.49839 0.366853 0.0226036 0.130612
0 0 0 0.316986 0.344213 0.229786 0.0291999 0.281578
0 0 0 0.160775 0.391924 0.216293 0.0230827 0.139095
0 0 1 0.337246 0.415758 0.208546 0.0268835 0.219741
0 0 0 0.339462 0.389779 0.257723 0.0287874 0.269811
0 0 0 0.371116 0.383459 0.304247 0.0277273 0.241087
0 0 1 0.313136 0.458211 0.27764 0.0168947 0.0545389
0 0 0 0.239348 0.488049 0.250644 0.021513 0.112605
0 0 0 0.144524 0.434268 0.318284 0.0213275 0.109717
0 0 0 0.0431958 0.306981 0.241561 0.0165095 0.0508924
0 0 0 0.23141 0.289659 0.246077 0.0169884 0.0554506
0 0 1 0.212643 0.43408 0.376873 0.0283474 0.257626
0 0 0 0.140929 0.315577 0.257575 0.0292428 0.28282
0 0 1 0.248629 0.369116 0.272942 0.0279358 0.246569
0 0 0 0.319256 0.264592 0.205273 0.0158233 0.0448067
0 0 0 0.368974 0.342546 0.371838 0.0250345 0.177447
0 0 0 0.166664 0.343712 0.228236 0.0157244 0.043972
0 0 1 0.249686 0.411889 0.255452 0.0158517 0.0450482
0 0 1 0.293601 0.375032 0.25921 0.0194086 0.0826869
0 0 0 0.194232 0.367972 0.244625 0.0244906 0.166131
0 0 0 0.280728 0.408198 0.224217 0.028345 0.257561
0 0 1 0.30887 0.421361 0.28681 0.02129 0.109139
0 0 1 0.335659 0.347683 0.288432 0.0234641 0.146104
0 0 1 0.246907 0.446051 0.235714 0.0237029 0.150612
0 0 0 0.35054 0.422359 0.290144 0.0185001 0.0716106
0 0 1 0.0233201 0.372175 0.251022 0.0127584 0.0234878
0 0 0 0.233883 0.310443 0.347309 0.0269039 0.22024
0 0 1 0.316294 0.343781 0.387659 0.0299564 0.304034
0 0 1 0.289159 0.458209 0.353275 0.0168709 0.0543088
0 0 0 0.326931 0.270814 0.23978 0.0192726 0.0809603
0 0 1 0.306743 0.301682 0.250082 0.0190421 0.0780906
0 0 0 0.315418 0.304894 0.20812 0.0157219 0.0439509
0 0 1 0.353694 0.311612 0.257646 0.0272753 0.229489
0 0 0 0.288385 0.331655 0.280047 0.0271578 0.226536
0 0 0 0.356538 0.353226 0.244067 0.0138066 0.0297654
0 0 0 0.0252734 0.472191 0.370633 0.0198979 0.0890993
0 0 0 0.210668 0.408365 0.269859 0.0258974 0.196437
0 0 0 0.356609 0.277162 0.280734 0.0143131 0.0331633
0 0 0 0.320941 0.4351 0.248929 0.0207817 0.101508
0 0 1 0.0147799 0.44368 0.396594 0.0200654 0.0913688
0 0 1 0.0339256 0.455469 0.253591 0.0159772 0.0461273
0 0 0 0.282052 0.466347 0.233163 0.0169612 0.0551853
0 0 1 0.0277287 0.48268 0.205331 0.0128283 0.0238758
0 0 1 0.231382 0.255243 0.289848 0.0187589 0.0746579
0 0 1 0.0546143 0.283989 0.321628 0.0157988 0.0445991
0 0 0 0.269228 0.27893 0.271164 0.0296456 0.294668
0 0 0 0.0842808 0.490772 0.319047 0.0126326 0.0227999
0 0 1 0.158612 0.313336 0.212126 0.0195895 0.0850203
0 0 1 0.370519 0.304462 0.309542 0.0277486 0.241644
0 0 1 0.276348 0.321198 0.23763 0.018161 0.0677437
0 0 0 0.319814 0.288672 0.291097 0.0255928 0.189585
0 0 0 0.358347 0.345713 0.319237 0.014851 0.037044
0 0 1 0.36833 0.255121 0.249102 0.0259903 0.198558
0 0 0 0.239695 0.40358 0.305441 0.0202741 0.094249
0 0 1 0.293395 0.379157 0.305329 0.0268971 0.220074
0 0 1 0.328795 0.324123 0.335761 0.0253132 0.183441
0 0 0 0.157835 0.466985 0.227159 0.014782 0.0365298
0 0 0 0.27492 0.421413 0.309221 0.0193939 0.0824991
0 0 1 0.276821 0.404621 0.273158 0.0173588 0.0591576
0 0 0 0.330715 0.402544 0.313287 0.0178655 0.0644913
0 0 1 0.29603 0.284314 0.221916 0.0157417 0.044117
0 0 0 0.25352 0.41701 0.34178 0.019819 0.0880429
0 0 1 0.104133 0.469792 0.282312 0.014209 0.0324449
0 0 0 0.0706692 0.292045 0.244026 0.0139192 0.0304998
0 0 1 0.140014 0.327871 0.373831 0.0130043 0.0248724
0 0 1 0.346325 0.272027 0.378504 0.0200585 0.0912738
0 0 0 0.0715604 0.39113 0.210937 0.0238278 0.153004
0 0 1 0.116516 0.327281 0.211266 0.0227733 0.133576
0 0 1 0.228629 0.317915 0.285777 0.0285102 0.262093
0 0 1 0.258564 0.291309 0.215923 0.0228415 0.13478
0 0 1 0.270846 0.36126 0.230126 0.0200064 0.0905649
0 0 0 0.201249 0.425798 0.216812 0.0297155 0.296756
0 0 0 0.213341 0.383829 0.337989 0.0260357 0.199599
0 0 0 0.189989 0.324513 0.256104 0.0206599 0.0997333
0 0 0 0.117722 0.44807 0.213257 0.0164558 0.0503973
0 0 0 0.238807 0.251324 0.238635 0.0227613 0.133365
0 0 1 0.210498 0.260601 0.333441 0.0298807 0.301734
0 0 0 0.109876 0.496637 0.39894 0.0271942 0.227447
0 0 1 0.139377 0.270866 0.25132 0.0159347 0.0457594
0 0 0 0.181684 0.278361 0.256307 0.0259733 0.198168
0 0 0 0.241671 0.282361 0.304482 0.013728 0.0292598
0 0 0 0.279476 0.499328 0.307254 0.014593 0.0351472
0 0 1 0.28237 0.302537 0.325258 0.0269599 0.221619
0 0 1 0.0412562 0.383853 0.378322 0.0203848 0.0958014
0 0 1 0.134077 0.361167 0.235406 0.0219315 0.119305
0 0 0 0.0252504 0.486963 0.246107 0.0169843 0.0554113
0 0 1 0.213193 0.446743 0.254145 0.014727 0.0361241
0 0 0 0.098022 0.372949 0.255507 0.0154423 0.0416473
0 0 0 0.046725 0.351087 0.227967 0.0262806 0.205286
0 0 1 0.123569 0.488809 0.223798 0.025986 0.19846
0 0 1 0.331777 0.453529 0.316421 0.0263884 0.207823
0 0 1 0.0774199 0.255243 0.223055 0.0289933 0.275641
0 0 0 0.117931 0.285131 0.22432 0.0213814 0.110551
0 0 0 0.254979 0.491295 0.325266 0.0157397 0.0441003
0 0 0 0.186519 0.305739 0.349224 0.0207391 0.100884
0 0 0 0.0442416 0.431658 0.265693 0.0126573 0.0229338
0 0 0 0.151928 0.43448 0.215067 0.0204065 0.0961072
0 0 0 0.156661 0.368345 0.273387 0.0228371 0.134702
0 0 0 0.217156 0.428192 0.327346 0.0196472 0.0857734
0 0 0 0.0217379 0.311854 0.30988 0.0288718 0.272192
0 0 0 0.0875574 0.327542 0.250427 0.0259337 0.197263
0 0 1 0.1277 0.279526 0.332614 0.0182343 0.068568
0 0 0 0.0881727 0.456512 0.246614 0.0271026 0.225156
0 0 1 0.2649 0.494172 0.209816 0.0232074 0.141362
0 0 0 0.149716 0.279282 0.294769 0.0234739 0.146289
0 0 0 0.218551 0.272592 0.266825 0.0128001 0.0237187
0 0 1 0.0882375 0.377966 0.309239 0.0137363 0.0293129
0 0 0 0.169157 0.32968 0.304205 0.0270695 0.224332
0 0 0 0.049121 0.321908 0.272613 0.018456 0.0710995
0 0 0 0.103891 0.355342 0.294672 0.0173941 0.0595189
0 0 1 0.202098 0.363339 0.290255 0.0220504 0.121256
0 0 1 0.258309 0.344839 0.317135 0.0223801 0.126776
0 0 0 0.0597273 0.462966 0.340072 0.0216726 0.115129
0 0 1 0.0518142 0.431464 0.231224 0.0194792 0.0835923
0 0 0 0.0743881 0.412856 0.266624 0.0228852 0.135556
0 0 1 0.268182 0.453289 0.201513 0.0172347 0.0578979
0 0 1 0.132843 0.450865 0.244084 0.0179984 0.0659404
0 0 1 0.0540766 0.4091 0.3132 0.0280808 0.250427
0 0 1 0.192448 0.289774 0.298525 0.019069 0.0784215
0 0 1 0.116249 0.351539 0.265595 0.0144321 0.0339971
0 0 1 0.172034 0.285579 0.324545 0.0142721 0.032879
0 0 1 0.209032 0.341234 0.324108 0.0189772 0.0772949
0 0 1 0.162526 0.42145 0.258099 0.0253659 0.184588
0 0 1 0.118389 0.389367 0.281764 0.0216299 0.114451
0 0 0 0.159799 0.470989 0.335389 0.0203692 0.0955816
0 0 0 0.174765 0.399577 0.306533 0.0261746 0.202811
0 0 0 0.105517 0.409405 0.320546 0.0238856 0.154122
0 0 0 0.138968 0.475548 0.296611 0.023891 0.154226
0 0 0 0.0129608 0.467023 0.325022 0.0276371 0.238743
0 0 1 0.10005 0.457305 0.318584 0.0243739 0.163768
0 0 1 0.042439 0.360297 0.335018 0.0266337 0.213671
0 0 1 0.0749734 0.30642 0.280096 0.0126025 0.0226372
0 0 1 0.0731588 0.258544 0.306889 0.0189688 0.0771922
0 0 1 0.204052 0.475366 0.34424 0.0249838 0.176371
0 0 1 0.00949902 0.442063 0.280983 0.0231042 0.139484
0 0 1 0.242617 0.448148 0.287171 0.0279852 0.247878
0 0 1 0.114396 0.314152 0.306986 0.0268678 0.219355
0 0 1 0.132422 0.345009 0.287714 0.0137399 0.0293359
0 0 0 0.136515 0.367682 0.319088 0.0251923 0.180825
0 0 0 0.196025 0.477874 0.23493 0.0256846 0.191633
0 0 1 0.0589254 0.314013 0.347481 0.0240572 0.157467
0 0 1 0.0452078 0.27537 0.272967 0.0281014 0.250977
0 0 1 0.0676266 0.306358 0.207671 0.0252793 0.182705
0 0 1 0.0687088 0.325981 0.305859 0.0203487 0.0952929
0 0 0 0.0919387 0.350368 0.334489 0.0238571 0.15357
0 0 1 0.115174 0.408361 0.235042 0.0289118 0.273324
0 0 0 0.0962622 0.361356 0.22492 0.0173251 0.0588134
0 0 0 0.260867 0.379929 0.337424 0.0182391 0.0686217
0 0 0 0.0234962 0.279118 0.358246 0.0268302 0.218436
0 0 0 0.265546 0.48232 0.354831 0.0169161 0.0547456
0 0 1 0.308876 0.272534 0.39495 0.0202983 0.0945867
0 0 1 0.326175 0.277481 0.336171 0.0212838 0.109043
0 0 1 0.308708 0.488355 0.300091 0.0158147 0.0447334
0 0 0 0.171418 0.353021 0.359047 0.029862 0.301169
0 0 0 0.159072 0.254976 0.339616 0.0222251 0.124161
0 0 1 0.126191 0.339658 0.342897 0.0130029 0.0248639
0 0 1 0.0829704 0.430885 0.350436 0.0192807 0.0810629
0 0 0 0.177898 0.403078 0.361555 0.0206814 0.100045
0 0 0 0.294268 0.37355 0.349812 0.0179525 0.0654372
0 0 0 0.277328 0.394268 0.366143 0.0134022 0.0272256
0 0 1 0.109826 0.405882 0.361453 0.0151994 0.0397131
0 0 0 0.158069 0.496537 0.240095 0.0129465 0.0245419
0 0 0 0.343916 0.30877 0.371533 0.0164531 0.050373
0 0 1 0.293271 0.266845 0.358592 0.0196747 0.0861339
0 0 1 0.126857 0.447089 0.364144 0.0294709 0.28949
0 0 1 0.105498 0.31351 0.364491 0.0255314 0.188224
0 0 0 0.158848 0.28801 0.369451 0.0178513 0.064337
0 0 1 0.326438 0.457804 0.373454 0.0255225 0.188027
0 0 0 0.310194 0.300035 0.367443 0.0186234 0.0730514
0 0 0 0.268324 0.435381 0.385914 0.0280902 0.250679
0 0 0 0.0712598 0.271766 0.374839 0.0226683 0.131738
0 0 0 0.217518 0.278323 0.385766 0.0258127 0.194515
0 0 1 0.173112 0.456463 0.368198 0.0179027 0.0648946
0 0 0 0.317443 0.391914 0.380111 0.0180648 0.0666738
0 0 1 0.242847 0.393471 0.374884 0.0221845 0.123482
0 0 0 0.147418 0.391007 0.378438 0.0161957 0.0480453
0 0 1 0.00768806 0.388059 0.353747 0.0214331 0.111355
0 0 1 0.0542743 0.49684 0.361612 0.0188401 0.0756317
0 0 1 0.366097 0.340436 0.209867 0.0239374 0.155126
0 0 0 0.0913693 0.425441 0.385966 0.017485 0.0604574
0 0 1 0.262957 0.349164 0.369876 0.0265276 0.211129
0 0 0 0.110878 0.499981 0.269839 0.01879 0.0750296
0 0 0 0.098999 0.291431 0.399669 0.0162649 0.0486639
0 0 0 0.12086 0.263436 0.374572 0.0272285 0.22831
0 0 1 0.325167 0.492588 0.26757 0.0208944 0.103168
0 0 0 0.354691 0.382154 0.387092 0.0193985 0.0825576
0 0 0 0.192295 0.480346 0.383578 0.0163773 0.0496799
0 0 0 0.0061182 0.449378 0.219008 0.0288152 0.270594
0 0 0 0.269471 0.296219 0.381996 0.0247912 0.172324
0 0 1 0.00719542 0.365359 0.291613 0.0295116 0.290691
0 0 0 0.125493 0.409712 0.385035 0.0133701 0.0270308
0 0 0 0.362883 0.463878 0.3921 0.015864 0.0451531
0 0 1 0.20396 0.38207 0.383213 0.019192 0.0799491
0 0 1 0.29326 0.491269 0.394474 0.0258323 0.194958
0 0 1 0.0597555 0.414121 0.386878 0.0161093 0.0472806
0 0 0 0.183081 0.313181 0.39291 0.0237124 0.150792
0 0 1 0.237468 0.484812 0.392097 0.0298123 0.299667
0 0 0 0.0616242 0.455542 0.391474 0.0251958 0.1809
0 0 0 0.0986986 0.387134 0.394849 0.0225205 0.129177
0 0 0 0.0704753 0.493157 0.389361 0.0135042 0.0278519
0 0 1 0.0723063 0.308051 0.389946 0.0166535 0.0522358
0 0 1 0.302034 0.304891 0.399207 0.0130479 0.0251234
0 0 0 0.35244 0.256013 0.347674 0.0145367 0.0347417
0 0 1 0.0398403 0.264357 0.39316 0.0144501 0.0341244
0 0 1 0.200541 0.34885 0.394404 0.0160321 0.0466038
0 0 0 0.00619519 0.358853 0.388266 0.0238112 0.152686
0 0 1 0.230407 0.323929 0.397341 0.0229777 0.137205
0 0 1 0.301379 0.499703 0.233971 0.0209008 0.103262
0 0 0 0.372007 0.441797 0.202169 0.017014 0.0557022
0 0 1 0.29218 0.250243 0.314668 0.0272972 0.230042
0 0 1 4.59787e-05 0.253338 0.334598 0.0152951 0.0404675
0 0 0 0.200332 0.264343 0.474272 0.0265021 0.210521
0 0 1 0.237041 0.365843 0.406933 0.0205307 0.0978734
0 0 0 0.100204 0.430239 0.469002 0.0269529 0.221447
0 0 0 0.128447 0.327876 0.454778 0.0283452 0.257568
0 0 0 0.0347809 0.457242 0.423991 0.0164686 0.0505154
0 0 1 0.236255 0.444505 0.466752 0.0290905 0.278423
0 0 0 0.110703 0.282856 0.436548 0.0233664 0.144288
0 0 1 0.295655 0.455384 0.409312 0.0130769 0.0252913
0 0 1 0.0731566 0.476885 0.440857 0.0298259 0.300077
0 0 1 0.0994731 0.494841 0.489504 0.0283261 0.257046
0 0 0 0.351558 0.344523 0.474794 0.0203573 0.0954148
0 0 1 0.215096 0.389751 0.47318 0.0299609 0.304172
0 0 0 0.196378 0.460881 0.417848 0.0232462 0.142072
0 0 0 0.238419 0.262382 0.453562 0.0168975 0.0545658
0 0 1 0.124235 0.48286 0.44357 0.0216735 0.115144
0 0 1 0.208347 0.250406 0.426224 0.0224676 0.128269
0 0 0 0.0777643 0.366411 0.414573 0.01293 0.0244482
0 0 0 0.295562 0.317153 0.480534 0.0211835 0.107508
0 0 1 0.170277 0.376913 0.403093 0.0202615 0.0940735
0 0 1 0.335194 0.303749 0.467789 0.0225525 0.129729
0 0 1 0.272179 0.347695 0.462963 0.0211056 0.106328
0 0 0 0.255303 0.298241 0.420237 0.0160413 0.046684
0 0 1 0.264243 0.278053 0.463151 0.013864 0.0301383
0 0 1 0.230948 0.482396 0.439228 0.0178304 0.064111
0 0 0 0.172183 0.284405 0.433326 0.0270853 0.224726
0 0 1 0.0275916 0.405366 0.420775 0.0270212 0.223134
0 0 1 0.294341 0.442794 0.474642 0.0295572 0.29204
0 0 0 0.294703 0.389373 0.45732 0.0266048 0.212976
0 0 0 0.0103289 0.367691 0.431055 0.0156777 0.0435813
0 0 0 0.262677 0.378096 0.493676 0.023142 0.140169
0 0 1 0.34873 0.453362 0.467801 0.023222 0.141628
0 0 0 0.0646881 0.333435 0.43944 0.021553 0.113233
0 0 1 0.358566 0.35269 0.41663 0.0220591 0.121399
0 0 1 0.172473 0.341234 0.429939 0.0239418 0.155211
0 0 0 0.071539 0.264498 0.456249 0.0241627 0.159547
0 0 0 0.0268069 0.26024 0.430905 0.0256935 0.191832
0 0 0 0.0439748 0.298576 0.449396 0.0202021 0.0932491
0 0 0 0.0337874 0.495883 0.407789 0.0249878 0.176456
0 0 0 0.163198 0.485979 0.431995 0.0168875 0.0544693
0 0 1 0.182357 0.319684 0.476544 0.0283489 0.257668
0 0 0 0.0813712 0.309899 0.479419 0.0277499 0.241677
0 0 0 0.320569 0.252249 0.465868 0.0232597 0.142319
0 0 0 0.258674 0.311207 0.447627 0.01445 0.0341236
0 0 0 0.0629166 0.388327 0.405863 0.0149382 0.0377005
0 0 1 0.111996 0.407576 0.430726 0.0190666 0.0783923
0 0 1 0.329589 0.419546 0.447758 0.020502 0.0974633
0 0 1 0.257016 0.369199 0.437417 0.015568 0.0426726
0 0 1 0.144048 0.474424 0.48152 0.0213488 0.110045
0 0 1 0.0255325 0.477574 0.464894 0.0235262 0.147267
0 0 0 0.366677 0.381082 0.499655 0.0263689 0.207363
0 0 1 0.108111 0.365644 0.431093 0.0206574 0.0996969
0 0 1 0.0658149 0.283063 0.41468 0.0191003 0.0788089
0 0 0 0.295588 0.291468 0.437999 0.0285051 0.261952
0 0 0 0.0668916 0.381358 0.451311 0.0278687 0.244796
0 0 0 0.163318 0.424835 0.402578 0.0279924 0.248068
0 0 0 0.271823 0.335607 0.418629 0.0248497 0.173546
0 0 1 0.0917372 0.262304 0.403793 0.0140379 0.0312865
0 0 1 0.345862 0.302604 0.415286 0.0277773 0.242395
0 0 1 0.209148 0.409424 0.423104 0.0241711 0.159713
0 0 0 0.0993956 0.327524 0.413281 0.0223128 0.125636
0 0 0 0.315965 0.342376 0.444213 0.0266186 0.213308
0 0 1 0.0741605 0.42076 0.421565 0.0220344 0.120991
0 0 0 0.110974 0.447982 0.415366 0.0241725 0.15974
0 0 0 0.0211384 0.337715 0.457714 0.0258704 0.195821
0 0 0 0.363161 0.269026 0.455908 0.0235911 0.14849
0 0 1 0.219877 0.292445 0.430707 0.0213555 0.110149
0 0 0 0.115594 0.386248 0.465113 0.0198145 0.0879833
0 0 0 0.0109399 0.387358 0.465829 0.0242774 0.16183
0 0 0 0.166855 0.42613 0.494229 0.0282129 0.253977
0 0 0 0.319486 0.458768 0.433625 0.0211369 0.106802
0 0 1 0.193366 0.481659 0.463317 0.0268163 0.218096
0 0 0 0.257406 0.25457 0.413393 0.0282164 0.254072
0 0 0 0.235289 0.296517 0.470141 0.0211802 0.10746
0 0 1 0.161356 0.391404 0.449216 0.0289044 0.273114
0 0 0 0.253696 0.494886 0.472771 0.0245647 0.167643
0 0 1 0.137225 0.303669 0.401577 0.0239209 0.154805
0 0 1 0.0157466 0.439594 0.439191 0.0136123 0.0285262
0 0 0 0.143845 0.281195 0.47825 0.0261273 0.201713
0 0 0 0.327854 0.383828 0.418179 0.0217057 0.115658
0 0 0 0.318345 0.491718 0.494478 0.0284364 0.260061
0 0 0 0.235222 0.443694 0.418548 0.0191326 0.0792094
0 0 0 0.280634 0.385202 0.405568 0.02719 0.227342
0 0 0 0.145852 0.442453 0.44878 0.024449 0.165286
0 0 0 0.202111 0.368584 0.421241 0.0173178 0.0587394
0 0 0 0.247314 0.329464 0.485614 0.0171537 0.0570851
0 0 1 0.0463841 0.431011 0.464524 0.027061 0.224122
0 0 0 0.267007 0.422251 0.433193 0.0209937 0.104645
0 0 0 0.242906 0.395454 0.435219 0.0143196 0.0332082
0 0 1 0.138307 0.265692 0.414167 0.0161 0.0471988
0 0 1 0.226282 0.339154 0.446443 0.0283507 0.257718
0 0 0 0.355437 0.385833 0.449541 0.0201104 0.091985
0 0 0 0.335602 0.416242 0.489367 0.0216708 0.1151
0 0 1 0.174661 0.492638 0.404509 0.0136292 0.0286326
0 0 0 0.189798 0.436018 0.452815 0.020154 0.092584
0 0 0 0.351964 0.459496 0.423894 0.0127774 0.023593
0 0 1 0.268787 0.466924 0.43168 0.0237417 0.151352
0 0 1 0.0171624 0.275431 0.480047 0.02664 0.213823
0 0 1 0.300922 0.494573 0.447687 0.0215757 0.113592
0 0 0 0.149291 0.470746 0.401383 0.0200284 0.0908638
0 0 0 0.135547 0.389551 0.409708 0.0172847 0.0584032
0 0 0 0.0423398 0.360021 0.414789 0.0210402 0.105343
0 0 0 0.245318 0.407544 0.408918 0.0147284 0.0361344
0 0 0 0.311553 0.423735 0.409119 0.0223459 0.126196
0 0 0 0.136474 0.350343 0.401617 0.022761 0.133359
0 0 1 0.0291573 0.312715 0.404515 0.0291321 0.279618
0 0 0 0.33756 0.478968 0.407784 0.0163127 0.0490944
0 0 0 0.36168 0.421965 0.411627 0.0278862 0.245257
0 0 0 0.320956 0.625748 0.0186201 0.0186379 0.0732226
0 0 0 0.374376 0.701645 0.128157 0.015175 0.0395217
0 0 1 0.351071 0.592051 0.0274697 0.0274237 0.233255
0 0 0 0.213725 0.647617 0.0290898 0.0291234 0.279369
0 0 0 0.3567 0.633673 0.0160834 0.0161036 0.0472299
0 0 0 0.0863651 0.692382 0.0208441 0.0208463 0.102456
0 0 0 0.117251 0.68106 0.0129773 0.0129777 0.0247201
0 0 0 0.176664 0.684382 0.0231034 0.0231039 0.139479
0 0 0 0.221839 0.742255 0.0498407 0.0160142 0.0464481
0 0 0 0.217669 0.709675 0.0251143 0.0251196 0.179263
0 0 1 0.296654 0.712625 0.0211944 0.0212203 0.108071
0 0 0 0.0480514 0.74556 0.0916896 0.0270073 0.222791
0 0 0 0.291527 0.514415 0.0200164 0.020022 0.0907769
0 0 0 0.0201446 0.524517 0.175336 0.0287113 0.267677
0 0 1 0.260336 0.551158 0.0290186 0.0290346 0.276822
0 0 0 0.125726 0.601038 0.0144366 0.0144699 0.0342645
0 0 0 0.352981 0.563953 0.0610871 0.0164333 0.0501911
0 0 0 0.278185 0.660754 0.0296917 0.0297484 0.297743
0 0 1 0.329154 0.72856 0.0154355 0.0154422 0.0416466
0 0 0 0.111707 0.641099 0.0397831 0.0153705 0.0410693
0 0 1 0.132491 0.679019 0.052931 0.0298274 0.300123
0 0 0 0.161983 0.657555 0.0944934 0.0205319 0.097891
0 0 0 0.203209 0.683985 0.0547355 0.0166235 0.051954
0 0 0 0.241106 0.619858 0.0130408 0.0130413 0.025085
0 0 1 0.300494 0.693297 0.0526622 0.0159262 0.045687
0 0 0 0.312393 0.72774 0.0809091 0.023331 0.143633
0 0 1 0.0138282 0.698439 0.10448 0.0276627 0.239407
0 0 0 0.310494 0.562746 0.0228094 0.0228195 0.134391
0 0 0 0.327259 0.528665 0.0157977 0.0158108 0.0447007
0 0 0 0.00859243 0.638062 0.167038 0.0211395 0.106841
0 0 0 0.165851 0.568869 0.0258904 0.0259028 0.196559
0 0 0 0.216696 0.589508 0.029059 0.0290729 0.277918
0 0 0 0.281437 0.603607 0.0275089 0.0275422 0.236291
0 0 1 0.0379705 0.741966 0.0151877 0.0151942 0.0396719
0 0 0 0.174038 0.511148 0.0132769 0.0132776 0.0264737
0 0 1 0.119528 0.528419 0.050177 0.0247501 0.171467
0 0 1 0.15599 0.506869 0.0381831 0.017777 0.063537
0 0 1 0.15378 0.531158 0.0146917 0.0146921 0.0358678
0 0 0 0.206122 0.532813 0.0282048 0.0282153 0.254042
0 0 0 0.323123 0.527163 0.0606892 0.0293057 0.284648
0 0 1 0.313071 0.583904 0.0701392 0.0290988 0.278661
0 0 0 0.35286 0.641413 0.0797129 0.0139102 0.0304405
0 0 0 0.356702 0.607023 0.0771828 0.0207862 0.101572
0 0 0 0.160024 0.623911 0.0299495 0.0296027 0.293389
0 0 1 0.240623 0.678964 0.0146328 0.0146551 0.0355974
0 0 1 0.334031 0.668409 0.0266664 0.0267161 0.215661
0 0 1 0.259199 0.704772 0.0172496 0.0172543 0.0580962
0 0 0 0.286747 0.691361 0.0875974 0.0216905 0.115414
0 0 1 0.332949 0.702626 0.0553664 0.0179724 0.0656553
0 0 1 0.264639 0.728058 0.0577306 0.0297673 0.298311
0 0 0 0.340865 0.737208 0.0521102 0.0176598 0.0622885
0 0 1 0.0849335 0.527565 0.0207074 0.0207279 0.100721
0 0 1 0.0427242 0.622879 0.106697 0.0128472 0.0239818
0 0 1 0.0249937 0.629924 0.038911 0.0187757 0.0748585
0 0 0 0.187497 0.509412 0.0753539 0.0276301 0.238561
0 0 1 0.234205 0.53849 0.0774292 0.0274377 0.233613
0 0 1 0.362629 0.515941 0.114109 0.0236773 0.150124
0 0 1 0.298569 0.577496 0.130521 0.0248421 0.173387
0 0 0 0.341722 0.644045 0.142987 0.0149717 0.0379548
0 0 0 0.273391 0.650529 0.094726 0.0197397 0.0869904
0 0 0 0.365473 0.671612 0.0641542 0.0223269 0.125875
0 0 0 0.350492 0.671654 0.111595 0.023864 0.153704
0 0 0 0.243095 0.677259 0.0711449 0.0270439 0.223696
0 0 0 0.289266 0.735547 0.116771 0.0200532 0.0912018
0 0 0 0.177871 0.72543 0.0181923 0.0182544 0.0687952
0 0 1 0.0556778 0.633307 0.167542 0.0260066 0.19893
0 0 0 0.27322 0.511597 0.0602252 0.0229768 0.13719
0 0 0 0.283008 0.545689 0.0903449 0.0235578 0.147862
0 0 1 0.346185 0.564658 0.112172 0.0277857 0.242614
0 0 1 0.224908 0.588162 0.0792594 0.0218247 0.11757
0 0 1 0.263105 0.582926 0.0651807 0.01918 0.0797989
0 0 0 0.295899 0.630953 0.0668323 0.0211036 0.106297
0 0 0 0.334336 0.631098 0.0539077 0.0194885 0.0837115
0 0 1 0.337735 0.602928 0.15577 0.0282724 0.255589
0 0 0 0.141841 0.689719 0.0125536 0.0125538 0.0223758
0 0 0 0.113329 0.626767 0.0140921 0.0140926 0.0316537
0 0 1 0.249646 0.625575 0.0638895 0.025561 0.18888
0 0 1 0.229654 0.624581 0.115277 0.0296182 0.293852
0 0 0 0.321588 0.666109 0.0749097 0.023192 0.141081
0 0 0 0.346918 0.676083 0.154565 0.0194899 0.0837297
0 0 0 0.0946946 0.712818 0.0561809 0.0208166 0.102019
0 0 0 0.253462 0.71341 0.107684 0.0230248 0.138052
0 0 0 0.363414 0.717493 0.088172 0.0292225 0.282231
0 0 0 0.248673 0.571249 0.118307 0.0269252 0.220764
0 0 0 0.308199 0.524089 0.131701 0.029467 0.289376
0 0 0 0.358724 0.545848 0.163867 0.0286507 0.265986
0 0 0 0.0983949 0.595792 0.0133821 0.0133846 0.0271188
0 0 0 0.109105 0.601491 0.0451826 0.0205087 0.0975589
0 0 1 0.159649 0.537299 0.0534695 0.0164737 0.0505625
0 0 0 0.188824 0.561113 0.0694003 0.0239116 0.154625
0 0 1 0.195585 0.570206 0.118216 0.0261865 0.203087
0 0 1 0.277454 0.608034 0.0999847 0.0232732 0.142567
0 0 0 0.254663 0.620954 0.160845 0.0218083 0.117305
0 0 0 0.205029 0.653599 0.0840528 0.0196185 0.0853979
0 0 1 0.189724 0.688735 0.098702 0.0214145 0.111065
0 0 1 0.227423 0.676919 0.118374 0.022734 0.132886
0 0 0 0.323904 0.626669 0.106122 0.0271665 0.226753
0 0 0 0.322763 0.644149 0.179582 0.0168621 0.0542236
0 0 0 0.0713583 0.680735 0.192513 0.0261041 0.201178
0 0 1 0.0513331 0.711892 0.0178235 0.0178288 0.0640947
0 0 0 0.0686072 0.619931 0.0273772 0.0274336 0.233508
0 0 0 0.147101 0.662994 0.0143914 0.0144153 0.0338786
0 0 1 0.174562 0.715635 0.06187 0.0266846 0.214898
0 0 1 0.219072 0.71997 0.0800338 0.0216164 0.114236
0 0 1 0.101237 0.518425 0.190206 0.0226414 0.13127
0 0 0 0.00428984 0.734664 0.0609209 0.025205 0.181097
0 0 0 0.347097 0.725546 0.155067 0.0299945 0.305196
0 0 1 0.132133 0.733651 0.0295904 0.0296094 0.293591
0 0 1 0.081492 0.657412 0.0642612 0.0267569 0.216651
0 0 0 0.0866766 0.699687 0.0903904 0.0166939 0.0526169
0 0 1 0.122442 0.529245 0.0126202 0.0126204 0.0227339
0 0 0 0.19841 0.521927 0.12252 0.0223778 0.126737
0 0 1 0.250648 0.520518 0.135261 0.0266282 0.213539
0 0 0 0.284989 0.516674 0.176406 0.0214476 0.111581
0 0 1 0.0950973 0.56689 0.0554251 0.0182051 0.0682384
0 0 1 0.0616876 0.585912 0.0605083 0.0205813 0.0985993
0 0 0 0.138042 0.572974 0.0722504 0.0283206 0.256897
0 0 1 0.179436 0.61158 0.0844891 0.0295952 0.293167
0 0 1 0.154866 0.597838 0.148608 0.0206779 0.099993
0 0 1 0.22676 0.593095 0.15086 0.0180097 0.0660656
0 0 0 0.260743 0.57608 0.169379 0.0242902 0.162085
0 0 0 0.206692 0.713375 0.127662 0.0202303 0.0936393
0 0 0 0.192254 0.654894 0.120268 0.0188144 0.075322
0 0 1 0.265411 0.657792 0.13667 0.0235723 0.148135
0 0 1 0.293144 0.621207 0.142531 0.0208129 0.101964
0 0 1 0.309324 0.660741 0.14742 0.0217466 0.116312
0 0 0 0.230903 0.741912 0.12512 0.0173021 0.05858
0 0 0 0.293839 0.61112 0.190737 0.0284432 0.260248
0 0 1 0.261112 0.678292 0.106802 0.0129315 0.0244566
0 0 1 0.316084 0.702218 0.119255 0.0228202 0.134404
0 0 1 0.302953 0.66496 0.109941 0.0165059 0.0508591
0 0 1 0.279416 0.694523 0.130316 0.0162532 0.0485587
0 0 1 0.325476 0.740945 0.116825 0.0165615 0.0513746
0 0 1 0.0241432 0.58374 0.0721191 0.0181944 0.068118
0 0 0 0.023094 0.620895 0.0805433 0.0199198 0.0893936
0 0 1 0.147186 0.530101 0.107343 0.0278347 0.2439
0 0 1 0.0441944 0.725381 0.179523 0.0277802 0.242471
0 0 0 0.0183177 0.54138 0.119371 0.0297831 0.298788
0 0 1 0.191421 0.587783 0.159364 0.0187543 0.0746029
0 0 0 0.23956 0.511973 0.17971 0.0199889 0.0903279
0 0 1 0.177151 0.659815 0.057984 0.019068 0.0784089
0 0 0 0.185753 0.614825 0.131901 0.0183474 0.0698511
0 0 1 0.191225 0.683165 0.140913 0.0162153 0.0482203
0 0 1 0.217388 0.654707 0.163472 0.0285471 0.263112
0 0 1 0.0712842 0.54212 0.151307 0.027343 0.231201
0 0 0 0.108448 0.62766 0.0668446 0.013481 0.0277091
0 0 1 0.245356 0.704448 0.15804 0.0287762 0.269496
0 0 1 0.0145718 0.592424 0.11037 0.0221871 0.123524
0 0 0 0.0794525 0.664307 0.152506 0.0158645 0.0451575
0 0 0 0.0606382 0.708501 0.104284 0.0141074 0.0317539
0 0 0 0.0976594 0.657225 0.0163525 0.0163531 0.0494597
0 0 0 0.14573 0.508397 0.0711789 0.014371 0.033567
0 0 0 0.0700813 0.513731 0.0946814 0.0126581 0.0229384
0 0 0 0.10722 0.52813 0.132852 0.0154136 0.0414158
0 0 1 0.163086 0.550431 0.157071 0.0281937 0.253461
0 0 0 0.307226 0.558555 0.17685 0.0259738 0.19818
0 0 0 0.0952329 0.594047 0.0831823 0.0206347 0.0993675
0 0 0 0.129512 0.61171 0.105985 0.02375 0.15151
0 0 1 0.152579 0.578494 0.115551 0.0177002 0.0627169
0 0 0 0.217348 0.549986 0.164503 0.0265966 0.212779
0 0 0 0.36475 0.642959 0.178582 0.0251603 0.180135
0 0 1 0.172712 0.68086 0.177872 0.0251946 0.180873
0 0 1 0.267618 0.660406 0.187602 0.0274808 0.234715
0 0 1 0.294621 0.719648 0.156205 0.0228121 0.134261
0 0 1 0.271596 0.73948 0.177913 0.0145338 0.0347205
0 0 0 0.135906 0.582614 0.179339 0.0185153 0.0717863
0 0 0 0.0791348 0.743064 0.0244734 0.0244778 0.16587
0 0 0 0.0744671 0.571529 0.0216302 0.02168 0.115247
0 0 1 0.0933203 0.546647 0.0965246 0.0276776 0.239793
0 0 0 0.258135 0.538344 0.170497 0.0135689 0.0282546
0 0 0 0.115204 0.572435 0.139796 0.0272662 0.22926
0 0 0 0.223453 0.607084 0.188019 0.0218533 0.118033
0 0 1 0.125582 0.725379 0.137078 0.0176521 0.0622074
0 0 0 0.152675 0.64426 0.139846 0.026643 0.213897
0 0 0 0.167595 0.734352 0.153341 0.0282843 0.25591
0 0 0 0.239379 0.745774 0.179624 0.0182296 0.0685146
0 0 0 0.201335 0.704766 0.161823 0.0154156 0.0414314
0 0 0 0.0367939 0.512241 0.0784553 0.0205948 0.0987932
0 0 1 0.114465 0.668077 0.107604 0.0287783 0.269557
0 0 0 0.157057 0.689742 0.0863698 0.0130283 0.0250103
0 0 1 0.215474 0.738052 0.155718 0.0162526 0.0485532
0 0 1 0.09135 0.74002 0.118044 0.0239868 0.156089
0 0 1 0.0124264 0.636996 0.122119 0.0239687 0.155735
0 0 1 0.0584663 0.660047 0.114027 0.0281788 0.253058
0 0 0 0.0957979 0.629484 0.0937222 0.0162875 0.0488669
0 0 1 0.119506 0.683001 0.164043 0.0298294 0.300184
0 0 1 0.146794 0.712024 0.183068 0.0143186 0.033201
0 0 0 0.0491313 0.589661 0.0945681 0.0159172 0.0456093
0 0 0 0.0750188 0.606835 0.125097 0.0276432 0.238901
0 0 0 0.130249 0.618868 0.169654 0.0179568 0.0654843
0 0 1 0.117993 0.566049 0.0221709 0.0222013 0.123763
0 0 0 0.155834 0.692135 0.126984 0.0228653 0.135202
0 0 0 0.131922 0.510901 0.155372 0.0222066 0.123851
0 0 1 0.106065 0.637678 0.145883 0.0208232 0.102116
0 0 1 0.0582049 0.523136 0.116803 0.0141543 0.0320714
0 0 0 0.12213 0.543868 0.170892 0.0155277 0.0423421
0 0 1 0.0486396 0.554522 0.0823769 0.0198635 0.0886385
0 0 1 0.345349 0.504555 0.185456 0.0151342 0.0392041
0 0 0 0.0147265 0.716989 0.0191562 0.0191575 0.0795189
0 0 0 0.0135869 0.546749 0.0613773 0.0217492 0.116354
0 0 1 0.0302336 0.678726 0.156448 0.0261257 0.201677
0 0 0 0.0757788 0.511902 0.0599906 0.0225462 0.129621
0 0 1 0.139235 0.635024 0.0719949 0.0186002 0.0727789
0 0 0 0.0443121 0.736148 0.0465689 0.017348 0.0590478
0 0 1 0.0871284 0.509507 0.11807 0.0157162 0.0439029
0 0 0 0.0346471 0.583462 0.155565 0.028086 0.250567
0 0 1 0.0348906 0.65814 0.0708827 0.0203309 0.0950439
0 0 1 0.365684 0.71117 0.0264987 0.0265107 0.210726
0 0 0 0.0377498 0.504324 0.110968 0.0128985 0.0242699
0 0 0 0.0375487 0.72731 0.132944 0.0193105 0.0814387
0 0 1 0.0659135 0.548587 0.0509244 0.0165372 0.0511489
0 0 0 0.0840944 0.588913 0.183917 0.0291896 0.281278
0 0 1 0.0623564 0.61951 0.0816758 0.0191364 0.0792559
0 0 1 0.100151 0.738354 0.175056 0.0298612 0.301144
0 0 0 0.0276823 0.583993 0.0270245 0.0270473 0.223781
0 0 0 0.0311389 0.52071 0.0464216 0.0130364 0.0250569
0 0 1 0.0447277 0.539291 0.0211484 0.0211751 0.107381
0 0 1 0.0456705 0.668763 0.0265177 0.0265477 0.211609
0 0 0 0.180079 0.736424 0.105091 0.0216048 0.114052
0 0 0 0.0633143 0.507612 0.179351 0.017839 0.0642045
0 0 1 0.058075 0.566256 0.116259 0.0172256 0.0578062
0 0 0 0.13088 0.719455 0.093017 0.0271223 0.225648
0 0 0 0.0520897 0.699918 0.0670866 0.0250125 0.176979
0 0 1 0.0723485 0.702439 0.141813 0.0243749 0.163788
0 0 0 0.191509 0.501704 0.181084 0.0291925 0.281364
0 0 1 0.0536865 0.553134 0.192175 0.0185018 0.0716298
0 0 1 0.316387 0.687844 0.190121 0.028542 0.26297
0 0 0 0.174347 0.623458 0.187759 0.0299366 0.30343
0 0 0 0.374571 0.63203 0.0486898 0.0211318 0.106724
0 0 0 0.00402549 0.67935 0.0173909 0.0174267 0.0598542
0 0 1 0.36747 0.539661 0.0274878 0.0274888 0.234919
0 0 1 0.371679 0.503111 0.0674692 0.0253055 0.183272
0 0 1 0.0999242 0.639441 0.190432 0.024187 0.160028
0 0 0 0.26417 0.747383 0.14535 0.0197904 0.0876632
0 0 1 0.225853 0.501301 0.0599196 0.0145099 0.0345499
0 0 0 0.359463 0.679197 0.197349 0.0159992 0.0463175
0 0 0 0.365366 0.520899 0.196537 0.0129929 0.0248071
0 0 1 0.0278336 0.609982 0.193208 0.0184796 0.0713723
0 0 1 0.190635 0.577854 0.195964 0.019192 0.0799485
0 0 1 0.310387 0.743773 0.197121 0.0267555 0.216617
0 0 0 0.0112263 0.695065 0.194444 0.0193996 0.0825712
0 0 1 0.226359 0.686436 0.199778 0.0205026 0.0974712
0 0 1 0.182166 0.543409 0.196632 0.0162895 0.048885
0 0 1 0.146295 0.522499 0.196564 0.0229394 0.136521
0 0 1 0.201064 0.747274 0.131225 0.0136244 0.0286027
0 0 0 0.002286 0.531945 0.0218992 0.0219081 0.118923
0 0 0 0.00776025 0.687525 0.0560926 0.0223124 0.125629
0 0 0 0.336751 0.622641 0.195704 0.0134403 0.0274587
0 0 0 0.315158 0.50477 0.198301 0.0176892 0.0626006
0 0 1 0.026245 0.658445 0.358448 0.0270424 0.223659
0 0 1 0.0915953 0.517027 0.34664 0.0261555 0.202367
0 0 1 0.121775 0.636418 0.248089 0.0135713 0.0282695
0 0 0 0.350908 0.608223 0.372203 0.0210544 0.105555
0 0 1 0.0358889 0.741146 0.3039 0.0193881 0.0824249
0 0 1 0.0129842 0.538708 0.226606 0.0149985 0.038159
0 0 0 0.33268 0.536001 0.340687 0.0182435 0.0686712
0 0 0 0.032091 0.521059 0.253249 0.0185178 0.0718156
0 0 0 0.205184 0.699055 0.364437 0.0204474 0.0966867
0 0 0 0.128461 0.60593 0.219657 0.0286526 0.266038
0 0 0 0.0475335 0.510589 0.216531 0.0226835 0.132003
0 0 1 0.0467509 0.552324 0.23185 0.021794 0.117074
0 0 0 0.260749 0.673034 0.339868 0.0251203 0.179279
0 0 1 0.123325 0.587788 0.344253 0.0207521 0.101074
0 0 0 0.0302746 0.589634 0.2392 0.0196528 0.085847
0 0 1 0.345998 0.562906 0.371167 0.0245442 0.167225
0 0 0 0.0787623 0.725583 0.305383 0.0262553 0.204694
0 0 0 0.237687 0.510854 0.352798 0.0173395 0.0589609
0 0 0 0.100125 0.749443 0.254957 0.0172003 0.0575516
0 0 0 0.0155383 0.569925 0.202601 0.0244657 0.165625
0 0 1 0.0449766 0.606437 0.314877 0.0265258 0.211085
0 0 1 0.0620033 0.5734 0.333611 0.0150986 0.0389281
0 0 1 0.221241 0.554141 0.339805 0.0190106 0.0777037
0 0 1 0.0433756 0.71488 0.366723 0.0187466 0.0745111
0 0 0 0.0822044 0.606588 0.339951 0.0183611 0.0700081
0 0 1 0.341988 0.509831 0.380041 0.0254234 0.185846
0 0 0 0.00384361 0.605624 0.255811 0.0154308 0.0415545
0 0 1 0.172319 0.652861 0.313866 0.0130712 0.0252578
0 0 1 0.0860076 0.571764 0.366207 0.0254183 0.185734
0 0 1 0.278925 0.530241 0.387147 0.0146616 0.0356445
0 0 0 0.273459 0.665785 0.392775 0.0297818 0.298748
0 0 1 0.045038 0.607444 0.367906 0.0265229 0.211016
0 0 0 0.0274317 0.59434 0.27614 0.0176941 0.062652
0 0 1 0.00305937 0.620242 0.299211 0.0203101 0.0947522
0 0 0 0.0324227 0.636936 0.266747 0.0262147 0.203745
0 0 0 0.0102391 0.626295 0.225537 0.0217867 0.116957
0 0 1 0.337854 0.58631 0.20556 0.024222 0.160724
0 0 1 0.279901 0.681872 0.242874 0.0183484 0.0698629
0 0 0 0.303795 0.696874 0.271866 0.0221186 0.122384
0 0 1 0.268355 0.711233 0.209245 0.027778 0.242411
0 0 1 0.357542 0.720549 0.211697 0.0278196 0.243504
0 0 0 0.0735798 0.733136 0.224406 0.0264399 0.209041
0 0 0 0.343961 0.67509 0.372524 0.0183769 0.0701892
0 0 0 0.2949 0.528757 0.211528 0.0163856 0.0497556
0 0 0 0.331668 0.537633 0.211653 0.0214553 0.111701
0 0 1 0.34716 0.702084 0.343174 0.0216276 0.114414
0 0 0 0.227645 0.73295 0.355957 0.021095 0.106167
0 0 0 0.257239 0.539973 0.207336 0.0231531 0.140372
0 0 0 0.293247 0.569143 0.226452 0.0266401 0.213826
0 0 1 0.336822 0.563723 0.244564 0.0208648 0.10273
0 0 1 0.118694 0.740397 0.381123 0.0289658 0.274857
0 0 1 0.36483 0.569437 0.27339 0.0197422 0.0870237
0 0 0 0.249491 0.583386 0.212966 0.0213175 0.109562
0 0 1 0.252993 0.623217 0.209689 0.0181829 0.0679901
0 0 0 0.209993 0.648913 0.206852 0.0158543 0.0450707
0 0 0 0.318327 0.618681 0.239204 0.0263862 0.207771
0 0 0 0.279618 0.732512 0.25517 0.0240784 0.157883
0 0 1 0.363481 0.746665 0.358204 0.027876 0.244987
0 0 0 0.0500897 0.667095 0.236372 0.0200984 0.0918197
0 0 1 0.0236178 0.515148 0.370717 0.0180121 0.0660919
0 0 1 0.240227 0.658708 0.237029 0.0279768 0.247654
0 0 1 0.207389 0.615606 0.23269 0.026393 0.207932
0 0 1 0.161061 0.742402 0.3881 0.013793 0.0296776
0 0 1 0.364798 0.737296 0.262113 0.0227759 0.133623
0 0 1 0.286395 0.57332 0.284195 0.0222356 0.124336
0 0 0 0.311955 0.534301 0.244119 0.0166741 0.0524299
0 0 1 0.183858 0.660697 0.352351 0.0250818 0.178455
0 0 0 0.159823 0.565315 0.219438 0.021529 0.112856
0 0 0 0.00574176 0.617414 0.341277 0.0219374 0.1194
0 0 1 0.358654 0.651778 0.229932 0.0266035 0.212946
0 0 1 0.0202092 0.715584 0.229927 0.0165895 0.0516362
0 0 1 0.369239 0.649785 0.269338 0.0142481 0.0327134
0 0 0 0.244533 0.7034 0.25806 0.0216046 0.114048
0 0 0 0.31021 0.710382 0.232575 0.0199249 0.0894619
0 0 1 0.0465381 0.702627 0.245807 0.0167764 0.0534006
0 0 1 0.0391584 0.693922 0.215506 0.0156029 0.0429603
0 0 0 0.264889 0.609478 0.253895 0.0296167 0.293808
0 0 1 0.218391 0.579677 0.257263 0.018531 0.0719699
0 0 1 0.264583 0.603791 0.302352 0.0191773 0.079765
0 0 1 0.300757 0.527421 0.287201 0.0259588 0.197835
0 0 0 0.360865 0.598173 0.244581 0.0211447 0.10692
0 0 0 0.186894 0.677343 0.228117 0.0265112 0.210736
0 0 0 0.272892 0.658859 0.2825 0.0280147 0.248661
0 0 0 0.223015 0.610521 0.271509 0.0157634 0.0442998
0 0 0 0.32438 0.737522 0.293081 0.0281517 0.252328
0 0 1 0.347023 0.69432 0.255381 0.0242204 0.160693
0 0 0 0.147891 0.74726 0.203012 0.0261857 0.20307
0 0 0 0.203857 0.718476 0.249102 0.0226915 0.132142
0 0 1 0.216649 0.710775 0.291875 0.0226286 0.131046
0 0 1 0.350868 0.642084 0.375144 0.0129365 0.024485
0 0 1 0.141065 0.657585 0.320459 0.0174579 0.060177
0 0 0 0.0780829 0.505345 0.285606 0.0180052 0.0660154
0 0 0 0.267003 0.52175 0.247686 0.0221871 0.123524
0 0 0 0.346153 0.509238 0.30704 0.0268149 0.218062
0 0 0 0.342322 0.517446 0.243494 0.0177475 0.0632216
0 0 1 0.173342 0.597474 0.222544 0.0134949 0.0277945
0 0 0 0.203738 0.64815 0.261694 0.0173154 0.0587155
0 0 1 0.236969 0.637467 0.273873 0.0146798 0.035778
0 0 0 0.317522 0.586229 0.26632 0.0159121 0.045565
0 0 0 0.140109 0.660565 0.211534 0.0258929 0.196334
0 0 1 0.153968 0.703538 0.213461 0.0180433 0.0664359
0 0 1 0.171099 0.679999 0.283515 0.0276624 0.239399
0 0 0 0.211965 0.681994 0.26416 0.0176014 0.0616723
0 0 0 0.219583 0.661134 0.306488 0.0292126 0.281945
0 0 0 0.283924 0.645316 0.227926 0.0185615 0.0723259
0 0 0 0.345937 0.61014 0.28998 0.028122 0.251531
0 0 0 0.295531 0.676992 0.31673 0.0168573 0.0541774
0 0 0 0.266448 0.711081 0.302662 0.0283373 0.257351
0 0 0 0.0167973 0.557541 0.264032 0.022487 0.128602
0 0 0 0.0194207 0.5219 0.288672 0.0191194 0.0790446
0 0 0 0.0181121 0.708339 0.277238 0.0228823 0.135504
0 0 0 0.344694 0.647412 0.333676 0.0293291 0.285331
0 0 1 0.328029 0.568619 0.292257 0.0171528 0.0570761
0 0 0 0.224638 0.510303 0.217705 0.0208806 0.102963
0 0 0 0.221429 0.527788 0.262856 0.0237574 0.151652
0 0 1 0.251707 0.56151 0.248453 0.0204327 0.0964784
0 0 1 0.216873 0.515974 0.313092 0.027787 0.242648
0 0 0 0.0492335 0.542244 0.352488 0.0234964 0.146709
0 0 1 0.214785 0.554042 0.223158 0.0242994 0.162269
0 0 1 0.185561 0.600321 0.281873 0.0244158 0.164613
0 0 0 0.238375 0.564863 0.296668 0.0280969 0.250857
0 0 1 0.30276 0.60285 0.308838 0.0195669 0.0847259
0 0 0 0.111834 0.701738 0.214042 0.0241339 0.158977
0 0 1 0.136876 0.68763 0.248408 0.0199672 0.0900337
0 0 0 0.227084 0.711393 0.222502 0.0132589 0.026362
0 0 0 0.154038 0.637976 0.295677 0.0167039 0.0527119
0 0 0 0.189032 0.622421 0.323695 0.0230191 0.137948
0 0 1 0.301594 0.62316 0.278734 0.0167748 0.0533859
0 0 0 0.371364 0.6137 0.209945 0.0182441 0.0686783
0 0 1 0.341924 0.594109 0.333395 0.0183329 0.0696862
0 0 1 0.0144911 0.705393 0.329341 0.0294396 0.288567
0 0 1 0.144642 0.568974 0.283848 0.0211966 0.107709
0 0 1 0.265815 0.530933 0.327626 0.0254209 0.185792
0 0 0 0.339914 0.541209 0.275176 0.0172612 0.0581656
0 0 1 0.227012 0.61279 0.306673 0.0197052 0.0865352
0 0 1 0.312162 0.678608 0.377018 0.0139307 0.0305754
0 0 1 0.185157 0.639598 0.288124 0.0153651 0.0410257
0 0 1 0.149321 0.602333 0.312316 0.0229179 0.136137
0 0 1 0.179203 0.5541 0.31204 0.025828 0.194862
0 0 0 0.252851 0.633897 0.30935 0.0137666 0.0295073
0 0 0 0.162271 0.746375 0.359251 0.0153571 0.0409616
0 0 1 0.314868 0.66779 0.234583 0.0202591 0.0940407
0 0 0 0.0704055 0.743516 0.264135 0.0144646 0.0342272
0 0 1 0.275107 0.546106 0.363175 0.0143386 0.0333403
0 0 1 0.178978 0.521873 0.228118 0.0219944 0.120334
0 0 1 0.166115 0.705935 0.248984 0.0145362 0.0347378
0 0 0 0.0501189 0.570959 0.261644 0.0135159 0.0279247
0 0 1 0.173496 0.586591 0.348036 0.023001 0.137623
0 0 0 0.186867 0.726935 0.329396 0.0279426 0.246747
0 0 0 0.00781478 0.584312 0.301652 0.0160168 0.0464705
0 0 1 0.0720927 0.69297 0.231002 0.0142959 0.0330438
0 0 1 0.060426 0.622262 0.223265 0.0275467 0.236408
0 0 1 0.181693 0.556633 0.259423 0.0248688 0.173947
0 0 0 0.0813368 0.545784 0.21207 0.0163509 0.0494398
0 0 1 0.195271 0.722695 0.200076 0.0272719 0.229402
0 0 0 0.118303 0.557137 0.20655 0.0227144 0.132543
0 0 1 0.0292216 0.657552 0.200343 0.0226249 0.130982
0 0 0 0.0367913 0.678084 0.26619 0.0143514 0.0334302
0 0 1 0.162116 0.635675 0.252737 0.0270506 0.223864
0 0 0 0.0907815 0.572346 0.247783 0.0291485 0.280092
0 0 1 0.168009 0.726456 0.230072 0.0134365 0.0274351
0 0 0 0.134293 0.535164 0.249496 0.0281164 0.25138
0 0 1 0.17576 0.506439 0.276081 0.0283606 0.257987
0 0 1 0.298795 0.640702 0.318092 0.0196073 0.0852518
0 0 0 0.329523 0.690217 0.30603 0.0211711 0.10732
0 0 1 0.0459178 0.501844 0.27748 0.0153605 0.0409888
0 0 0 0.130646 0.712923 0.300335 0.0271456 0.22623
0 0 1 0.133826 0.567477 0.316413 0.0131505 0.0257205
0 0 0 0.158475 0.688982 0.32905 0.0194616 0.0833663
0 0 1 0.229398 0.701846 0.330031 0.0185814 0.0725583
0 0 0 0.325557 0.656255 0.276148 0.0241762 0.159814
0 0 1 0.0509979 0.583037 0.2117 0.0144204 0.0339145
0 0 0 0.373852 0.72541 0.309678 0.0199109 0.0892745
0 0 1 0.114252 0.73792 0.21997 0.0126299 0.0227853
0 0 1 0.106565 0.659833 0.345682 0.0227931 0.133925
0 0 1 0.0615249 0.539606 0.273732 0.0218591 0.118127
0 0 1 0.0604941 0.718182 0.26684 0.0128737 0.0241305
0 0 0 0.255681 0.523232 0.286095 0.0178844 0.0646954
0 0 1 0.170112 0.509855 0.3248 0.0208046 0.101843
0 0 0 0.27061 0.623559 0.33027 0.0155573 0.0425851
0 0 0 0.117974 0.659626 0.281853 0.0275784 0.237224
0 0 1 0.15977 0.590345 0.248635 0.0167667 0.0533083
0 0 0 0.124086 0.607925 0.272935 0.0241896 0.160081
0 0 0 0.278439 0.705785 0.360905 0.0176364 0.0620413
0 0 1 0.228308 0.746366 0.318017 0.0191559 0.079499
0 0 0 0.303501 0.562882 0.326165 0.0240153 0.156644
0 0 1 0.355585 0.712308 0.286275 0.0125406 0.0223053
0 0 0 0.0694228 0.666267 0.27169 0.0201761 0.0928895
0 0 0 0.109433 0.736789 0.332902 0.0164559 0.0503985
0 0 0 0.00422463 0.667392 0.390069 0.0125163 0.0221756
0 0 1 0.371394 0.510079 0.224319 0.0174263 0.0598507
0 0 1 0.0947165 0.660483 0.234644 0.0250601 0.177992
0 0 1 0.0735763 0.67302 0.377182 0.0246897 0.170215
0 0 0 0.0407719 0.65517 0.311169 0.022531 0.129359
0 0 0 0.142978 0.672535 0.358905 0.0179822 0.0657631
0 0 1 0.127341 0.527111 0.305717 0.0291089 0.278952
0 0 0 0.0967491 0.621085 0.246884 0.0158077 0.0446748
0 0 1 0.0480451 0.73759 0.338687 0.0176358 0.0620357
0 0 0 0.170523 0.729116 0.276777 0.0219249 0.119196
0 0 0 0.0979736 0.688765 0.31787 0.0171143 0.0566932
0 0 0 0.0959827 0.70376 0.261363 0.0258231 0.194749
0 0 0 0.135538 0.730919 0.24811 0.0233487 0.143959
0 0 0 0.086104 0.5185 0.240857 0.0236 0.148658
0 0 0 0.0949944 0.577832 0.305101 0.0286001 0.264578
0 0 1 0.20761 0.585473 0.324702 0.0183498 0.0698788
0 0 0 0.051526 0.691467 0.295093 0.0186025 0.0728057
0 0 1 0.0798457 0.624665 0.282926 0.0241646 0.159585
0 0 1 0.082306 0.656764 0.311739 0.0190482 0.078165
0 0 0 0.0492196 0.506186 0.318378 0.0256817 0.191569
0 0 0 0.30617 0.714032 0.333632 0.022125 0.12249
0 0 0 0.0379269 0.73828 0.253753 0.0200332 0.0909295
0 0 1 0.142219 0.732974 0.337818 0.0169195 0.0547792
0 0 1 0.0364095 0.556628 0.308643 0.0243972 0.164237
0 0 1 0.0578923 0.582481 0.285141 0.0137907 0.0296628
0 0 1 0.259055 0.582023 0.346391 0.0284347 0.260014
0 0 1 0.0659429 0.640527 0.342454 0.0193579 0.08204
0 0 0 0.0983487 0.536094 0.273529 0.0151333 0.039197
0 0 0 0.0570975 0.599834 0.260685 0.0162079 0.0481536
0 0 0 0.110634 0.624933 0.317585 0.0221979 0.123706
0 0 1 0.0816208 0.533303 0.306429 0.0170345 0.0559034
0 0 0 0.0777132 0.55019 0.331015 0.0130488 0.0251282
0 0 0 0.0623463 0.686796 0.333977 0.0220343 0.12099
0 0 1 0.108285 0.552407 0.336828 0.014177 0.0322261
0 0 1 0.305575 0.612008 0.355002 0.0275876 0.237463
0 0 0 0.26836 0.51321 0.364507 0.015578 0.0427549
0 0 0 0.317331 0.681034 0.336238 0.012675 0.0230299
0 0 0 0.220972 0.675907 0.346067 0.0130573 0.0251777
0 0 0 0.373798 0.68035 0.302943 0.0243164 0.162611
0 0 0 0.119784 0.702692 0.347033 0.0218798 0.118464
0 0 1 0.143816 0.628917 0.353057 0.0260449 0.19981
0 0 1 0.0809146 0.721472 0.353132 0.0217193 0.115875
0 0 1 0.301041 0.658748 0.352632 0.0194316 0.0829812
0 0 1 0.311907 0.572739 0.360355 0.0125468 0.0223384
0 0 0 0.144531 0.546474 0.355539 0.0270453 0.223733
0 0 0 0.264964 0.734094 0.343249 0.0183468 0.0698442
0 0 0 0.362968 0.520032 0.345412 0.0163305 0.0492552
0 0 0 0.229623 0.631064 0.355976 0.0295606 0.29214
0 0 1 0.0679472 0.534689 0.399232 0.0274185 0.233122
0 0 0 0.240094 0.747668 0.276993 0.0235518 0.147749
0 0 1 0.0734964 0.713166 0.392141 0.0181554 0.0676809
0 0 0 0.308188 0.538921 0.370223 0.0202431 0.093818
0 0 0 0.195074 0.523924 0.367408 0.0295684 0.292373
0 0 1 0.243892 0.69959 0.370405 0.0187252 0.0742558
0 0 0 0.108994 0.537665 0.381043 0.0175778 0.0614249
0 0 1 0.158767 0.709219 0.368947 0.0232084 0.14138
0 0 1 0.36637 0.55811 0.319168 0.0274508 0.233948
0 0 1 0.213401 0.580887 0.373332 0.0245915 0.168192
0 0 1 0.0459976 0.568123 0.380499 0.0147774 0.0364963
0 0 0 0.144039 0.590753 0.380009 0.0206789 0.100008
0 0 1 0.116724 0.668545 0.385852 0.0195491 0.0844954
0 0 1 0.00802818 0.645287 0.320481 0.0129241 0.0244149
0 0 1 0.373004 0.536641 0.367777 0.0132806 0.0264916
0 0 0 0.191929 0.735649 0.376053 0.0197935 0.0877038
0 0 1 0.327185 0.746454 0.241722 0.0209812 0.104458
0 0 0 0.223701 0.721379 0.395078 0.0198941 0.0890483
0 0 1 0.0967836 0.623684 0.382312 0.0295933 0.29311
0 0 1 0.183716 0.620059 0.385238 0.025982 0.198366
0 0 1 0.0077358 0.570828 0.356228 0.0270389 0.223573
0 0 1 0.320086 0.718013 0.379917 0.026375 0.207505
0 0 1 0.241121 0.54441 0.373351 0.0211806 0.107465
0 0 0 0.319416 0.646075 0.386223 0.020653 0.099632
0 0 0 0.27004 0.616203 0.386787 0.0202829 0.0943719
0 0 1 0.174296 0.565971 0.384222 0.0186586 0.0734662
0 0 0 0.248291 0.590006 0.386413 0.0137734 0.0295511
0 0 1 0.0338329 0.688742 0.392829 0.0194109 0.0827159
0 0 1 0.0456687 0.725674 0.39607 0.0126073 0.0226631
0 0 0 0.00334715 0.503849 0.218549 0.0220632 0.121467
0 0 1 0.283863 0.571321 0.395205 0.0273592 0.231613
0 0 0 0.188208 0.704709 0.397735 0.0173566 0.0591351
0 0 1 0.00151052 0.675044 0.24063 0.0293216 0.285113
0 0 0 0.000331177 0.668382 0.293173 0.0236669 0.149925
0 0 0 0.201491 0.55393 0.399295 0.0146852 0.0358173
0 0 0 0.000460011 0.624699 0.39154 0.0268029 0.217769
0 0 1 0.217251 0.669917 0.399922 0.0270339 0.22345
0 0 0 0.343214 0.746791 0.404408 0.0172916 0.0584738
0 0 0 0.138868 0.561047 0.444863 0.0159185 0.0456199
0 0 1 0.0356992 0.555505 0.441038 0.02871 0.26764
0 0 1 0.00865418 0.511929 0.442537 0.0208021 0.101807
0 0 1 0.269675 0.644347 0.439584 0.021846 0.117915
0 0 1 0.0628744 0.687898 0.424634 0.0236717 0.150018
0 0 1 0.190512 0.680671 0.433828 0.0174681 0.0602823
0 0 0 0.169916 0.585735 0.461541 0.026746 0.216387
0 0 1 0.348017 0.658824 0.468091 0.0280215 0.248843
0 0 0 0.20132 0.722278 0.434589 0.0255271 0.18813
0 0 1 0.181972 0.749017 0.40848 0.016148 0.0476218
0 0 1 0.237359 0.542553 0.473121 0.0258246 0.194783
0 0 1 0.34682 0.58668 0.415829 0.0260604 0.200169
0 0 1 0.197374 0.585122 0.413631 0.0189847 0.0773861
0 0 1 0.307025 0.575049 0.436813 0.0204075 0.0961223
0 0 0 0.162768 0.739279 0.46309 0.0253429 0.184086
0 0 1 0.0804336 0.549605 0.486747 0.0243015 0.162313
0 0 1 0.312159 0.65955 0.430004 0.024283 0.161941
0 0 1 0.0519239 0.515679 0.469926 0.0230988 0.139386
0 0 1 0.207959 0.687701 0.476792 0.0294351 0.288436
0 0 0 0.28216 0.723242 0.441884 0.0183727 0.0701407
0 0 0 0.294939 0.536985 0.473274 0.0267591 0.216703
0 0 1 0.0248154 0.712562 0.470766 0.0295003 0.290357
0 0 0 0.300001 0.697322 0.408816 0.0144511 0.0341314
0 0 1 0.254007 0.721331 0.477681 0.0235049 0.146868
0 0 0 0.154244 0.530519 0.410517 0.0298252 0.300056
0 0 1 0.132355 0.544038 0.475195 0.0194614 0.0833634
0 0 1 0.135729 0.59037 0.439881 0.0139905 0.030971
0 0 0 0.0821486 0.56916 0.442845 0.0173414 0.0589796
0 0 1 0.0364002 0.614432 0.445872 0.0299583 0.304092
0 0 0 0.0701774 0.65261 0.4516 0.0213383 0.109884
0 0 1 0.153212 0.509788 0.459877 0.021114 0.106455
0 0 1 0.0646704 0.586287 0.409445 0.0240642 0.157604
0 0 1 0.159346 0.579297 0.416851 0.0196278 0.0855201
0 0 0 0.306245 0.577015 0.472504 0.0148447 0.0369967
0 0 1 0.0911458 0.701661 0.466759 0.0288971 0.272906
0 0 0 0.358391 0.708182 0.49671 0.029971 0.304479
0 0 1 0.3049 0.614301 0.414294 0.0241654 0.159601
0 0 0 0.152394 0.717135 0.415622 0.0245626 0.167601
0 0 1 0.169946 0.701882 0.445805 0.0135396 0.0280715
0 0 0 0.01274 0.670412 0.432217 0.0288839 0.272534
0 0 1 0.351795 0.502543 0.4479 0.0299228 0.303011
0 0 1 0.162065 0.544826 0.457551 0.0151021 0.0389551
0 0 1 0.198547 0.547712 0.43936 0.025767 0.193483
0 0 1 0.211825 0.743666 0.478268 0.0242295 0.160874
0 0 0 0.263826 0.523871 0.428208 0.0295541 0.291947
0 0 0 0.131721 0.697525 0.445814 0.0169532 0.0551074
0 0 0 0.316047 0.534992 0.415631 0.0252993 0.183137
0 0 1 0.355142 0.668804 0.421052 0.0205929 0.0987654
0 0 1 0.268491 0.720033 0.400582 0.0252537 0.182148
0 0 1 0.106583 0.702085 0.414632 0.0233594 0.144158
0 0 1 0.100711 0.527723 0.443702 0.0280715 0.250179
0 0 1 0.0760752 0.601875 0.48643 0.0281525 0.252349
0 0 0 0.223271 0.591474 0.459136 0.0269722 0.221921
0 0 1 0.135439 0.618083 0.460548 0.0205415 0.0980276
0 0 1 0.116911 0.742242 0.440862 0.0257052 0.192096
0 0 1 0.229758 0.618359 0.412277 0.0274428 0.233742
0 0 1 0.269689 0.568283 0.435976 0.0159127 0.0455701
0 0 1 0.353118 0.631193 0.406083 0.0199414 0.0896851
0 0 0 0.187412 0.529552 0.48812 0.0274453 0.233806
0 0 1 0.0456095 0.643352 0.402258 0.0231806 0.140872
0 0 0 0.200106 0.502692 0.422206 0.0189568 0.0770459
0 0 1 0.0951145 0.614851 0.437293 0.0261204 0.201554
0 0 0 0.141208 0.62041 0.415085 0.0253463 0.184161
0 0 1 0.158179 0.667041 0.458254 0.0252861 0.182852
0 0 1 0.236435 0.567526 0.414167 0.0238627 0.153677
0 0 0 0.107627 0.64973 0.480617 0.0261257 0.201676
0 0 1 0.116967 0.659582 0.432473 0.0238967 0.154336
0 0 0 0.295343 0.688504 0.472175 0.0295672 0.292336
0 0 0 0.0618917 0.740533 0.433934 0.0297772 0.298611
0 0 1 0.249609 0.689472 0.438635 0.0270799 0.224592
0 0 0 0.326462 0.71774 0.433436 0.0270626 0.224161
0 0 0 0.221433 0.528941 0.406889 0.018172 0.0678672
0 0 0 0.345359 0.55903 0.463724 0.0290934 0.278507
0 0 1 0.188901 0.632057 0.486789 0.0293235 0.285167
0 0 1 0.299061 0.637155 0.486255 0.0238081 0.152625
0 0 1 0.222937 0.514521 0.445762 0.0159169 0.0456064
0 0 0 0.268156 0.60197 0.419845 0.0149892 0.0380881
0 0 0 0.22242 0.652672 0.441308 0.0180984 0.067046
0 0 1 0.0820196 0.654652 0.412981 0.0164239 0.0501051
0 0 0 0.115334 0.579818 0.466437 0.0211172 0.106503
0 0 1 0.185303 0.633934 0.433428 0.0241927 0.160142
0 0 0 0.242676 0.642053 0.478936 0.0259354 0.197302
0 0 0 0.0171064 0.72016 0.415928 0.0226171 0.130847
0 0 1 0.370047 0.71034 0.400355 0.0281537 0.252382
0 0 1 0.328513 0.610354 0.457553 0.0252796 0.18271
0 0 0 0.276821 0.601801 0.459627 0.0257263 0.192568
0 0 0 0.00660875 0.586591 0.479654 0.022994 0.137498
0 0 0 0.0202108 0.582007 0.401563 0.0212979 0.109261
0 0 0 0.113568 0.570642 0.411149 0.0273131 0.230444
0 0 0 0.328073 0.68291 0.401552 0.0156264 0.0431546
0 0 0 0.162098 0.667515 0.400615 0.0281799 0.253087
0 0 1 0.361448 0.541153 0.407586 0.0206036 0.0989194
0 0 1 0.37441 0.691679 0.442549 0.0162434 0.0484715
0 0 1 0.00268678 0.538378 0.401292 0.0257231 0.192497
0 0 1 0.274741 0.960886 0.184532 0.0224313 0.127648
0 0 0 0.0589721 0.939838 0.0506445 0.0210943 0.106157
0 0 0 0.154952 0.96096 0.0557647 0.0278354 0.243919
0 0 0 0.0628266 0.816445 0.0135581 0.0135643 0.0282258
0 0 0 0.154343 0.784639 0.0185173 0.0185219 0.0718641
0 0 1 0.179526 0.81735 0.0230079 0.0230125 0.137829
0 0 1 0.226214 0.81874 0.023685 0.0237118 0.15078
0 0 0 0.27736 0.814863 0.0276866 0.0277436 0.241514
0 0 1 0.324039 0.834087 0.0208677 0.0208689 0.102791
0 0 0 0.151957 0.920095 0.023968 0.0240669 0.157658
0 0 0 0.238823 0.917749 0.0269308 0.0269432 0.221207
0 0 1 0.239291 0.865743 0.0251058 0.0251078 0.179011
0 0 0 0.288697 0.865534 0.0242956 0.0243082 0.162447
0 0 0 0.329058 0.880546 0.0190775 0.0190818 0.0785795
0 0 1 0.359812 0.910244 0.0239411 0.0239554 0.155476
0 0 1 0.317626 0.976714 0.196329 0.0247676 0.171832
0 0 0 0.0591208 0.764393 0.0550495 0.0156553 0.0433943
0 0 1 0.0610028 0.761397 0.147393 0.023337 0.143744
0 0 0 0.0102491 0.895348 0.0975112 0.0126975 0.0231531
0 0 0 0.287411 0.986979 0.113083 0.0245844 0.168046
0 0 0 0.314104 0.795248 0.0156158 0.0156272 0.0431611
0 0 1 0.157143 0.864765 0.0298622 0.0298761 0.301596
0 0 0 0.201359 0.838997 0.060132 0.0236066 0.148782
0 0 0 0.243115 0.809447 0.0724191 0.0287185 0.267878
0 0 1 0.290761 0.836946 0.0748324 0.0260649 0.200271
0 0 0 0.00831985 0.80161 0.15217 0.0152127 0.0398169
0 0 0 0.0654643 0.927412 0.0161377 0.0161571 0.0477025
0 0 1 0.119623 0.899412 0.0152877 0.01529 0.040427
0 0 0 0.19002 0.900067 0.0191972 0.0192115 0.0801934
0 0 1 0.201094 0.85337 0.0154452 0.0154456 0.0416738
0 0 0 0.198232 0.880718 0.0512844 0.0191617 0.0795712
0 0 0 0.358454 0.950915 0.176779 0.0273491 0.231357
0 0 0 0.0441948 0.811376 0.174265 0.0280383 0.249292
0 0 1 0.0278769 0.826438 0.0521893 0.0170733 0.0562864
0 0 1 0.291064 0.758518 0.0218561 0.0218574 0.118099
0 0 0 0.335733 0.764957 0.0236132 0.0224475 0.127926
0 0 0 0.276576 0.808007 0.116324 0.0265113 0.21074
0 0 0 0.330924 0.859241 0.0465457 0.0157305 0.0440231
0 0 1 0.361907 0.806198 0.0264436 0.0264881 0.210187
0 0 0 0.122081 0.906603 0.0488332 0.0171021 0.0565723
0 0 0 0.122881 0.873109 0.0657348 0.0204307 0.09645
0 0 0 0.16408 0.906118 0.0734593 0.0288349 0.271149
0 0 0 0.213401 0.875811 0.091406 0.0240287 0.156907
0 0 0 0.327659 0.902354 0.0543416 0.0210122 0.104922
0 0 1 0.328865 0.990111 0.0417545 0.0219068 0.118902
0 0 0 0.37195 0.976501 0.0528866 0.0246507 0.16941
0 0 1 0.288332 0.968718 0.0264116 0.0264638 0.209607
0 0 1 0.112268 0.967924 0.117239 0.0156036 0.0429663
0 0 1 0.244093 0.7713 0.0270606 0.0270991 0.22507
0 0 1 0.319983 0.802712 0.0537339 0.0236659 0.149908
0 0 0 0.343501 0.874451 0.0793314 0.0196828 0.0862409
0 0 1 0.187566 0.872064 0.127147 0.0202354 0.0937102
0 0 0 0.0753058 0.873746 0.0413308 0.0127705 0.0235548
0 0 1 0.104775 0.865047 0.0231048 0.0229549 0.136798
0 0 0 0.0972018 0.820675 0.0220113 0.0220943 0.121982
0 0 1 0.18029 0.946289 0.090802 0.0178498 0.0643213
0 0 0 0.266052 0.907957 0.101369 0.0144135 0.0338659
0 0 0 0.269373 0.884697 0.0675254 0.0267874 0.217391
0 0 1 0.0326694 0.856406 0.0188905 0.0189187 0.0765816
0 0 1 0.347228 0.937275 0.124377 0.0265507 0.211679
0 0 0 0.0540624 0.868585 0.168038 0.0273939 0.232494
0 0 1 0.0301606 0.939249 0.0195795 0.0195907 0.0850357
0 0 1 0.106679 0.983794 0.0757 0.0292163 0.282053
0 0 0 0.125087 0.965308 0.161995 0.0269639 0.221718
0 0 0 0.234316 0.988182 0.188147 0.0259985 0.198745
0 0 1 0.0376968 0.793722 0.115507 0.0277193 0.24088
0 0 0 0.280469 0.777319 0.0602212 0.0220533 0.121304
0 0 0 0.316932 0.762002 0.0591347 0.0175224 0.0608463
0 0 0 0.356756 0.773899 0.0655889 0.0245415 0.16717
0 0 0 0.208897 0.766107 0.0814339 0.0256553 0.190978
0 0 0 0.326464 0.845701 0.112252 0.0264183 0.20853
0 0 1 0.334919 0.800167 0.091916 0.0172992 0.0585505
0 0 1 0.360647 0.831362 0.0736846 0.0270792 0.224575
0 0 0 0.126502 0.813231 0.118791 0.0269367 0.221047
0 0 0 0.0699108 0.876095 0.0145823 0.0146177 0.0353254
0 0 1 0.29719 0.942681 0.0717162 0.0265446 0.211535
0 0 0 0.0779457 0.943073 0.0898545 0.0225968 0.130495
0 0 0 0.138779 0.822712 0.0176149 0.01762 0.0618681
0 0 0 0.306019 0.771493 0.0979246 0.0238747 0.15391
0 0 0 0.369567 0.840423 0.116071 0.0171781 0.0573294
0 0 1 0.238322 0.854286 0.0653343 0.0167316 0.0529744
0 0 0 0.261221 0.845635 0.0486994 0.0128645 0.0240783
0 0 1 0.345715 0.881871 0.134879 0.0204135 0.0962069
0 0 0 0.310171 0.873128 0.0677724 0.0156268 0.0431581
0 0 0 0.367412 0.901124 0.0998183 0.0216071 0.114089
0 0 0 0.0188762 0.767578 0.166406 0.0231685 0.140652
0 0 1 0.0131642 0.752683 0.119693 0.0182948 0.069253
0 0 1 0.114703 0.780873 0.021414 0.0214185 0.111127
0 0 1 0.0874107 0.902211 0.0235428 0.0180828 0.066873
0 0 1 0.169696 0.793716 0.050536 0.0145808 0.0350584
0 0 1 0.156631 0.763472 0.0739628 0.0258468 0.195288
0 0 0 0.1926 0.765329 0.0247981 0.0248025 0.17256
0 0 1 0.308433 0.76697 0.148605 0.0270674 0.224281
0 0 0 0.164026 0.916145 0.188192 0.0126769 0.0230404
0 0 1 0.159644 0.850487 0.0915705 0.0298791 0.301686
0 0 1 0.270103 0.780403 0.144892 0.0137619 0.0294772
0 0 0 0.25285 0.85159 0.103931 0.0239353 0.155084
0 0 1 0.331733 0.91026 0.157776 0.0186476 0.0733366
0 0 1 0.353798 0.841402 0.157104 0.0262881 0.205462
0 0 1 0.358314 0.774406 0.123136 0.0294553 0.289031
0 0 1 0.123209 0.866237 0.134174 0.0283627 0.258046
0 0 0 0.216067 0.925286 0.0748173 0.0266111 0.213128
0 0 0 0.296933 0.938562 0.145222 0.027932 0.246466
0 0 1 0.0107981 0.844933 0.0933151 0.0270204 0.223114
0 0 1 0.0596031 0.988787 0.175426 0.0135394 0.0280706
0 0 0 0.257773 0.762996 0.100592 0.0247612 0.171699
0 0 0 0.233157 0.80336 0.184139 0.0150174 0.0383034
0 0 0 0.225725 0.791617 0.108777 0.0153524 0.040924
0 0 1 0.300228 0.829139 0.161711 0.0288733 0.272232
0 0 1 0.318278 0.791863 0.186721 0.0195117 0.0840114
0 0 1 0.0839042 0.901071 0.0670392 0.0255733 0.189152
0 0 1 0.128255 0.809591 0.0618188 0.0296802 0.295702
0 0 1 0.202445 0.797857 0.0515275 0.018445 0.0709726
0 0 0 0.208265 0.829365 0.109957 0.0262544 0.204673
0 0 1 0.265922 0.885431 0.142125 0.0287516 0.268805
0 0 1 0.311536 0.875684 0.154627 0.0195501 0.0845088
0 0 0 0.336973 0.800802 0.155839 0.0176821 0.0625251
0 0 1 0.201017 0.969805 0.0683105 0.0207333 0.100799
0 0 0 0.242378 0.934925 0.156165 0.0278356 0.243924
0 0 1 0.25489 0.947822 0.104277 0.0270874 0.224778
0 0 0 0.0292969 0.811564 0.0790908 0.0137058 0.029118
0 0 1 0.243794 0.763957 0.066016 0.0125692 0.0224583
0 0 0 0.353917 0.772078 0.177757 0.0222271 0.124194
0 0 1 0.354773 0.81471 0.109824 0.0131387 0.0256515
0 0 0 0.0722581 0.869694 0.0889852 0.0126718 0.0230126
0 0 1 0.0955482 0.8812 0.10221 0.0164805 0.050625
0 0 0 0.179562 0.806553 0.0806265 0.0195892 0.0850161
0 0 0 0.164941 0.829827 0.0535167 0.0130315 0.0250288
0 0 0 0.243101 0.833354 0.15278 0.029112 0.279041
0 0 1 0.278136 0.912547 0.179805 0.019263 0.0808396
0 0 1 0.272538 0.860401 0.17905 0.0163455 0.0493908
0 0 1 0.0695396 0.904669 0.108531 0.0184873 0.0714621
0 0 1 0.126627 0.89431 0.0980501 0.0175209 0.0608308
0 0 1 0.103418 0.889689 0.181329 0.0279151 0.246019
0 0 0 0.158393 0.90646 0.126845 0.024874 0.174057
0 0 0 0.232376 0.907867 0.114827 0.0199821 0.0902358
0 0 0 0.0171935 0.96086 0.188986 0.0125443 0.0223249
0 0 1 0.0836033 0.80373 0.10847 0.0181974 0.0681525
0 0 1 0.292059 0.916039 0.0263183 0.0263577 0.207099
0 0 0 0.0345485 0.963851 0.15072 0.0295878 0.292947
0 0 1 0.0113911 0.767541 0.0851323 0.0162397 0.0484384
0 0 1 0.0100016 0.858699 0.045417 0.0160492 0.0467529
0 0 1 0.198746 0.979718 0.163472 0.0181167 0.0672495
0 0 0 0.178974 0.783941 0.124437 0.0297186 0.296852
0 0 1 0.229523 0.778785 0.149988 0.0272153 0.227977
0 0 1 0.100091 0.759591 0.0703096 0.0283414 0.257464
0 0 0 0.22464 0.869316 0.130416 0.0170864 0.0564166
0 0 1 0.202067 0.908089 0.144014 0.022105 0.122159
0 0 0 0.223608 0.880444 0.182257 0.0297844 0.298826
0 0 0 0.320323 0.803147 0.124139 0.0182038 0.0682247
0 0 0 0.194144 0.90742 0.106727 0.0160319 0.0466022
0 0 0 0.0381508 0.82424 0.0229692 0.0139816 0.0309118
0 0 1 0.166413 0.960262 0.0144123 0.0144226 0.0339298
0 0 0 0.0796702 0.938643 0.173784 0.0270266 0.223268
0 0 1 0.352571 0.973138 0.0166033 0.0166272 0.0519885
0 0 0 0.0793461 0.857847 0.197633 0.0129902 0.0247915
0 0 1 0.100384 0.844616 0.0890249 0.0227091 0.13245
0 0 0 0.34794 0.811587 0.183466 0.0139388 0.0306285
0 0 1 0.1672 0.833125 0.141711 0.0237258 0.151047
0 0 1 0.201015 0.851128 0.154301 0.0166043 0.0517744
0 0 0 0.342903 0.879981 0.171409 0.0162879 0.0488708
0 0 1 0.165385 0.87729 0.172075 0.0294106 0.287715
0 0 0 0.170921 0.944413 0.152794 0.0217522 0.116402
0 0 1 0.206441 0.960166 0.123962 0.0266396 0.213815
0 0 0 0.309153 0.898957 0.105092 0.0297738 0.298506
0 0 0 0.00204249 0.828896 0.0224131 0.0224309 0.127642
0 0 1 0.131361 0.763947 0.115424 0.0227118 0.132497
0 0 0 0.189739 0.772591 0.183939 0.0254704 0.186878
0 0 0 0.0664763 0.834376 0.14254 0.0170455 0.0560124
0 0 1 0.15215 0.796052 0.093996 0.0126699 0.0230022
0 0 1 0.135234 0.825251 0.169686 0.0194823 0.0836324
0 0 0 0.164196 0.835487 0.181659 0.0134987 0.0278185
0 0 1 0.174736 0.983466 0.096375 0.0200846 0.0916311
0 0 1 0.0765093 0.866204 0.127788 0.0187732 0.0748282
0 0 1 0.284449 0.98366 0.0666871 0.0166791 0.0524776
0 0 0 0.258112 0.926117 0.0670164 0.0161596 0.0477244
0 0 1 0.0986042 0.777988 0.137136 0.0190243 0.0778713
0 0 0 0.0853934 0.97979 0.1668 0.0151049 0.0389764
0 0 0 0.0671026 0.846594 0.0287581 0.0182554 0.068806
0 0 0 0.0214671 0.884302 0.0723093 0.0170357 0.0559158
0 0 0 0.0739984 0.775547 0.0984487 0.0132188 0.0261233
0 0 0 0.0928329 0.837047 0.124939 0.0147662 0.0364132
0 0 0 0.137079 0.779494 0.162215 0.0269281 0.220836
0 0 0 0.171221 0.803165 0.165509 0.0147481 0.0362793
0 0 1 0.138873 0.919655 0.166206 0.0209142 0.103461
0 0 1 0.00788894 0.932177 0.112135 0.0270121 0.222908
0 0 0 0.14861 0.954782 0.115303 0.0230924 0.13927
0 0 0 0.328135 0.984507 0.145619 0.0276117 0.238086
0 0 1 0.0744274 0.786251 0.0192787 0.0192875 0.0811483
0 0 1 0.0914042 0.843122 0.0496476 0.0139781 0.0308882
0 0 1 0.0689044 0.905212 0.145239 0.0182342 0.0685669
0 0 0 0.0337944 0.934119 0.185487 0.0161683 0.0478021
0 0 0 0.33447 0.978455 0.0903389 0.0283872 0.258714
0 0 1 0.0446694 0.859459 0.129241 0.0135587 0.0281909
0 0 0 0.085791 0.964822 0.137449 0.017849 0.0643127
0 0 1 0.0269048 0.782801 0.0294223 0.0294536 0.288979
0 0 0 0.33061 0.945128 0.0324136 0.0223216 0.125784
0 0 1 0.120171 0.932694 0.0783902 0.0223718 0.126636
0 0 0 0.0417867 0.911429 0.126437 0.0152269 0.0399289
0 0 0 0.355098 0.934278 0.0707245 0.0241914 0.160117
0 0 0 0.0777624 0.996834 0.143098 0.0150816 0.038797
0 0 1 0.250737 0.955978 0.0148749 0.014876 0.0372318
0 0 0 0.362614 0.945466 0.0130377 0.0130522 0.0251479
0 0 0 0.0555206 0.991211 0.0517402 0.0277872 0.242655
0 0 1 0.0615845 0.985253 0.10729 0.0258924 0.196322
0 0 0 0.34995 0.997237 0.178066 0.0135083 0.0278778
0 0 1 0.265464 0.965821 0.139759 0.0140825 0.0315856
0 0 0 0.092068 0.795536 0.174412 0.0224216 0.127483
0 0 0 0.107911 0.92486 0.127545 0.0288919 0.272761
0 0 1 0.0419543 0.897622 0.0360434 0.0267146 0.215624
0 0 0 0.370096 0.859755 0.0277239 0.0277325 0.241224
0 0 1 0.105148 0.946359 0.029937 0.0299381 0.303476
0 0 0 0.229848 0.890766 0.057143 0.0145547 0.0348705
0 0 1 0.0974791 0.815212 0.145771 0.0127481 0.0234307
0 0 1 0.0631154 0.935958 0.126179 0.017283 0.0583857
0 0 1 0.245074 0.963994 0.055046 0.0256664 0.191227
0 0 0 0.0347538 0.957094 0.0811742 0.0209632 0.10419
0 0 0 0.030743 0.833015 0.135767 0.0170337 0.0558957
0 0 1 0.0297276 0.958345 0.0468767 0.0137313 0.0292808
0 0 1 0.0418062 0.915378 0.0820258 0.0213556 0.110151
0 0 0 0.0584695 0.837823 0.104113 0.0223616 0.126462
0 0 0 0.0723686 0.80123 0.141562 0.0163066 0.0490387
0 0 1 0.0432678 0.877739 0.101321 0.0198454 0.0883963
0 0 1 0.0108693 0.882743 0.136278 0.0280865 0.250578
0 0 0 0.0211606 0.97826 0.0204457 0.0204643 0.0969271
0 0 1 0.0692192 0.807874 0.0632873 0.0294011 0.287437
0 0 0 0.0957366 0.84057 0.170773 0.0229128 0.136047
0 0 1 0.222466 0.957329 0.0134615 0.0134639 0.0276035
0 0 0 0.194402 0.940788 0.0303876 0.0232506 0.142153
0 0 1 0.215084 0.99479 0.0858719 0.0128908 0.0242263
0 0 1 0.139472 0.966742 0.0133129 0.0133283 0.0267782
0 0 0 0.0612886 0.961143 0.0178737 0.0178929 0.0647883
0 0 0 0.23421 0.986786 0.018637 0.0186697 0.0735977
0 0 0 0.0368539 0.912082 0.159915 0.017681 0.0625133
0 0 1 0.0498107 0.857456 0.0643654 0.0228244 0.134478
0 0 1 0.0371771 0.779699 0.0716008 0.0140688 0.0314939
0 0 1 0.103119 0.994307 0.128251 0.0144149 0.0338756
0 0 1 0.190381 0.990341 0.0274716 0.0262014 0.203436
0 0 1 0.283047 0.991102 0.155952 0.0187037 0.0740001
0 0 0 0.0923712 0.998931 0.0208895 0.020896 0.103192
0 0 0 0.283045 0.998488 0.190403 0.0165295 0.0510782
0 0 0 0.198751 0.928219 0.185552 0.0241822 0.159933
0 0 1 0.00544308 0.914498 0.0156033 0.0156148 0.0430587
0 0 1 0.271076 0.781731 0.187386 0.028771 0.26935
0 0 0 0.37294 0.907947 0.155695 0.0226771 0.131892
0 0 1 0.338227 0.752398 0.0915798 0.013957 0.0307488
0 0 0 0.00290293 0.983903 0.111045 0.0249817 0.176327
0 0 1 0.168019 0.968848 0.195791 0.0277905 0.24274
0 0 0 0.31519 0.929114 0.191933 0.0231081 0.139554
0 0 0 0.350678 0.907994 0.190028 0.0182524 0.0687716
0 0 0 0.200062 0.824384 0.185119 0.0242164 0.160614
0 0 1 0.22871 0.774152 0.191097 0.0141866 0.0322916
0 0 0 0.0622724 0.769261 0.193779 0.0217746 0.116763
0 0 0 0.011348 0.883756 0.192797 0.0242643 0.161568
0 0 1 0.00672005 0.796417 0.196406 0.0179935 0.0658871
0 0 1 0.0023575 0.928795 0.0562931 0.0276353 0.238697
0 0 0 0.00347058 0.880275 0.0188152 0.0188198 0.0753872
0 0 0 0.00256142 0.978372 0.0586285 0.0220158 0.120686
0 0 0 0.124342 0.937675 0.198902 0.0191476 0.0793952
0 0 1 0.000228303 0.82096 0.128218 0.0166336 0.0520486
0 0 1 0.0578148 0.934077 0.271003 0.0191838 0.0798462
0 0 0 0.0559624 0.849605 0.259189 0.0217647 0.116604
0 0 0 0.319161 0.862227 0.337588 0.0230864 0.139161
0 0 1 0.0634937 0.950708 0.343658 0.0193393 0.0818037
0 0 1 0.233959 0.781907 0.349539 0.028686 0.266971
0 0 0 0.0207184 0.838954 0.270469 0.0167535 0.0531824
0 0 1 0.224679 0.840862 0.340885 0.0294242 0.288117
0 0 0 0.0492001 0.965251 0.201939 0.0222712 0.124935
0 0 0 0.348072 0.921002 0.219295 0.0138837 0.0302667
0 0 0 0.0655327 0.79108 0.362954 0.012639 0.0228345
0 0 0 0.0126901 0.895515 0.234186 0.0187922 0.075056
0 0 1 0.130401 0.998929 0.293965 0.0196004 0.0851628
0 0 0 0.34245 0.950042 0.343998 0.0202449 0.0938425
0 0 0 0.291404 0.839381 0.358492 0.0185039 0.0716538
0 0 0 0.0445553 0.892976 0.32177 0.0162001 0.0480841
0 0 1 0.254833 0.931853 0.256261 0.0182666 0.0689328
0 0 0 0.31145 0.92319 0.227713 0.0133526 0.0269248
0 0 1 0.0218688 0.904672 0.350048 0.0148412 0.0369708
0 0 0 0.0593148 0.910215 0.358167 0.0238767 0.153948
0 0 1 0.055586 0.972503 0.244359 0.0212481 0.108496
0 0 1 0.282544 0.999852 0.265765 0.0158247 0.0448183
0 0 0 0.0157623 0.98697 0.234072 0.021916 0.119052
0 0 1 0.136083 0.960817 0.226166 0.0170186 0.0557472
0 0 0 0.0968183 0.799569 0.290554 0.014787 0.036567
0 0 0 0.198833 0.759915 0.350033 0.0127601 0.0234971
0 0 0 0.074446 0.86949 0.33732 0.0243141 0.162564
0 0 1 0.0317891 0.920288 0.250712 0.0165886 0.0516273
0 0 0 0.0153163 0.773999 0.276609 0.0280297 0.249063
0 0 1 0.306547 0.967364 0.252352 0.0242491 0.161264
0 0 1 0.0309771 0.87204 0.24748 0.0138069 0.0297675
0 0 0 0.033813 0.873786 0.349341 0.0182838 0.0691276
0 0 0 0.0259809 0.969956 0.271571 0.0190534 0.0782289
0 0 1 0.0528359 0.796439 0.316582 0.0153998 0.0413046
0 0 0 0.360994 0.83322 0.387638 0.0252489 0.182045
0 0 1 0.109726 0.975306 0.261397 0.0256423 0.190687
0 0 1 0.227776 0.959511 0.274781 0.0192105 0.0801801
0 0 1 0.125363 0.800327 0.272726 0.0188773 0.0760806
0 0 1 0.32979 0.835221 0.362274 0.0150229 0.0383453
0 0 1 0.356055 0.834061 0.33746 0.0196579 0.0859133
0 0 0 0.348703 0.979992 0.234018 0.023432 0.145505
0 0 1 0.054932 0.905697 0.201941 0.0228951 0.135732
0 0 0 0.162656 0.951319 0.243223 0.0159746 0.0461046
0 0 1 0.19304 0.980344 0.323356 0.0275467 0.236408
0 0 0 0.0672538 0.974291 0.295619 0.0289143 0.273395
0 0 0 0.263794 0.964663 0.337258 0.0195354 0.0843184
0 0 0 0.101171 0.861763 0.374086 0.0217917 0.117037
0 0 0 0.310791 0.876265 0.203304 0.0291384 0.279801
0 0 1 0.366258 0.932652 0.312143 0.0153689 0.0410565
0 0 1 0.155412 0.809949 0.335341 0.0240382 0.157094
0 0 1 0.0831733 0.9442 0.245328 0.0183048 0.0693666
0 0 1 0.268653 0.853141 0.336897 0.0157501 0.0441878
0 0 0 0.373414 0.914455 0.273506 0.0279342 0.246524
0 0 0 0.266946 0.814417 0.329836 0.0216462 0.114708
0 0 1 0.316313 0.786062 0.228077 0.0223022 0.125456
0 0 1 0.126749 0.784862 0.378837 0.0162841 0.0488362
0 0 1 0.28828 0.91293 0.211205 0.0137398 0.0293353
0 0 0 0.06498 0.770829 0.289943 0.0235021 0.146815
0 0 1 0.313592 0.807541 0.336699 0.0260056 0.198909
0 0 1 0.0481237 0.935501 0.226301 0.016196 0.0480484
0 0 1 0.310648 0.950766 0.368741 0.0156138 0.0430506
0 0 0 0.285922 0.807645 0.241439 0.0172971 0.0585294
0 0 0 0.365137 0.77381 0.22675 0.028064 0.249979
0 0 1 0.276865 0.771831 0.234999 0.0202086 0.0933382
0 0 1 0.231105 0.7938 0.214028 0.0161177 0.0473547
0 0 1 0.305162 0.826114 0.21239 0.0221442 0.12281
0 0 1 0.353466 0.839852 0.214911 0.0281556 0.252433
0 0 1 0.208407 0.895332 0.364624 0.0278295 0.243764
0 0 1 0.265908 0.886032 0.201071 0.0168682 0.0542822
0 0 0 0.330348 0.899182 0.243312 0.020954 0.104053
0 0 1 0.0171836 0.756858 0.215596 0.0272078 0.227789
0 0 0 0.117884 0.89634 0.337806 0.0267649 0.216844
0 0 1 0.0462491 0.829868 0.355722 0.0276858 0.240007
0 0 0 0.0437197 0.844594 0.200498 0.0142969 0.0330508
0 0 1 0.234189 0.751686 0.226138 0.0278163 0.243418
0 0 0 0.1819 0.763806 0.242044 0.0281737 0.252921
0 0 1 0.283987 0.84482 0.247593 0.0204391 0.0965694
0 0 0 0.295137 0.815905 0.285812 0.0287743 0.269442
0 0 1 0.25436 0.832369 0.209884 0.0291187 0.279234
0 0 1 0.321197 0.837263 0.247154 0.0175415 0.0610453
0 0 0 0.245494 0.92612 0.211249 0.0280602 0.249875
0 0 0 0.274722 0.892033 0.244428 0.0277908 0.242749
0 0 0 0.00376652 0.874161 0.266496 0.0194599 0.0833443
0 0 1 0.199988 0.9411 0.232246 0.0242759 0.161801
0 0 1 0.139746 0.821394 0.293076 0.0132156 0.0261044
0 0 0 0.342407 0.766069 0.266246 0.0139171 0.0304862
0 0 0 0.244548 0.799875 0.254218 0.0266999 0.21527
0 0 0 0.303135 0.771678 0.265996 0.0203484 0.0952886
0 0 0 0.173129 0.848179 0.212278 0.0208342 0.102278
0 0 0 0.212586 0.856551 0.226965 0.0221017 0.122103
0 0 1 0.225483 0.893639 0.238501 0.0188265 0.0754676
0 0 1 0.311246 0.869029 0.255681 0.0168243 0.0538597
0 0 0 0.34779 0.807189 0.267738 0.027581 0.237291
0 0 0 0.18705 0.895344 0.219134 0.0242494 0.161271
0 0 0 0.245086 0.873487 0.220766 0.0144235 0.0339363
0 0 1 0.354116 0.862235 0.266248 0.0278535 0.244395
0 0 1 0.194814 0.952918 0.372886 0.0291061 0.278873
0 0 0 0.1451 0.829055 0.375572 0.0216793 0.115236
0 0 0 0.00941364 0.765143 0.324199 0.0190055 0.0776414
0 0 1 0.0137757 0.809037 0.317244 0.0256499 0.190858
0 0 1 0.236531 0.976694 0.313213 0.017269 0.0582441
0 0 1 0.152684 0.801186 0.210745 0.0284915 0.261575
0 0 0 0.199904 0.812153 0.232133 0.024364 0.163569
0 0 1 0.216611 0.772563 0.263129 0.0133735 0.0270513
0 0 1 0.238827 0.871375 0.27564 0.0240757 0.15783
0 0 0 0.326286 0.783589 0.301195 0.0186734 0.0736417
0 0 1 0.0404933 0.850306 0.308237 0.0243395 0.163076
0 0 0 0.305794 0.922415 0.274766 0.0252211 0.181446
0 0 1 0.163463 0.866084 0.346805 0.0286805 0.266816
0 0 1 0.28801 0.944532 0.220414 0.0191789 0.0797853
0 0 1 0.0130673 0.751256 0.373197 0.0290385 0.276933
0 0 0 0.197412 0.802974 0.326271 0.0194955 0.0838017
0 0 1 0.0332775 0.929932 0.328157 0.0204787 0.0971319
0 0 1 0.281317 0.788147 0.347933 0.0132886 0.0265391
0 0 0 0.0808658 0.997374 0.242936 0.0142435 0.0326819
0 0 0 0.124693 0.849753 0.213557 0.0276492 0.239055
0 0 0 0.117166 0.812456 0.236023 0.0165381 0.0511576
0 0 1 0.257927 0.836457 0.271549 0.0159344 0.0457569
0 0 1 0.369677 0.769327 0.298144 0.0256873 0.191695
0 0 1 0.00784558 0.849528 0.337153 0.0192857 0.0811261
0 0 0 0.158466 0.833824 0.257516 0.0288509 0.271601
0 0 1 0.191641 0.875056 0.264233 0.0245027 0.166378
0 0 0 0.334882 0.838686 0.303745 0.0204232 0.0963436
0 0 1 0.124028 0.926506 0.250007 0.0264749 0.209873
0 0 1 0.217601 0.916084 0.275796 0.0254212 0.185799
0 0 0 0.317141 0.850002 0.277428 0.0126687 0.022996
0 0 1 0.0392136 0.815731 0.249415 0.0172702 0.0582568
0 0 1 0.158669 0.993562 0.24271 0.0260648 0.20027
0 0 0 0.134636 0.972409 0.319624 0.0175456 0.0610883
0 0 0 0.10971 0.963838 0.299802 0.0144386 0.0340432
0 0 1 0.03832 0.78371 0.346347 0.0200819 0.0915944
0 0 0 0.274969 0.767769 0.311144 0.029244 0.282853
0 0 0 0.235133 0.838223 0.247334 0.0133835 0.0271118
0 0 1 0.190835 0.971066 0.257184 0.0157732 0.0443829
0 0 1 0.228309 0.932957 0.326647 0.0292274 0.282372
0 0 0 0.0927219 0.921483 0.21578 0.0201829 0.0929831
0 0 0 0.140371 0.896411 0.213562 0.0215828 0.113704
0 0 1 0.158129 0.87594 0.240456 0.0165973 0.0517084
0 0 0 0.147231 0.883735 0.292358 0.0287894 0.269867
0 0 0 0.171293 0.917912 0.261792 0.023002 0.137641
0 0 0 0.159768 0.961407 0.284723 0.0268545 0.21903
0 0 0 0.0978632 0.978296 0.208602 0.0285552 0.263336
0 0 0 0.268832 0.770343 0.268349 0.0140653 0.0314705
0 0 1 0.104342 0.775731 0.21748 0.0265582 0.21186
0 0 1 0.250321 0.814581 0.294957 0.0169957 0.0555224
0 0 1 0.353823 0.807192 0.312198 0.0172904 0.0584611
0 0 0 0.127396 0.769939 0.253892 0.0169322 0.0549026
0 0 0 0.15074 0.79124 0.252718 0.0146972 0.0359049
0 0 1 0.170168 0.789313 0.290299 0.0276595 0.239325
0 0 0 0.208875 0.829242 0.284054 0.0283078 0.256548
0 0 0 0.256201 0.847495 0.305852 0.0181732 0.0678802
0 0 1 0.287476 0.926541 0.312011 0.0147821 0.0365309
0 0 0 0.363584 0.882246 0.318232 0.0280569 0.249787
0 0 0 0.208443 0.961202 0.201256 0.0136189 0.0285679
0 0 0 0.0827095 0.876981 0.230474 0.0251732 0.180412
0 0 0 0.10354 0.840544 0.266753 0.027272 0.229406
0 0 1 0.0967668 0.783016 0.259607 0.0168608 0.0542106
0 0 1 0.251958 0.858595 0.242384 0.0127122 0.0232332
0 0 1 0.283604 0.86478 0.28388 0.0209807 0.104451
0 0 1 0.335609 0.897643 0.277464 0.0136418 0.0287122
0 0 1 0.123168 0.88012 0.250152 0.0199326 0.0895661
0 0 1 0.161986 0.929181 0.217611 0.0178949 0.0648097
0 0 1 0.262718 0.908641 0.290468 0.0226102 0.130727
0 0 1 0.323917 0.915998 0.320392 0.024081 0.157935
0 0 0 0.320493 0.875427 0.297022 0.0196068 0.0852454
0 0 0 0.321791 0.897348 0.357957 0.0176037 0.0616968
0 0 0 0.371459 0.889612 0.22386 0.0255263 0.188112
0 0 0 0.317373 0.757258 0.339672 0.0229373 0.136484
0 0 0 0.353291 0.913553 0.351097 0.0184869 0.0714574
0 0 1 0.170115 0.770726 0.334704 0.0178557 0.0643843
0 0 0 0.348489 0.780847 0.332979 0.0166914 0.0525929
0 0 1 0.272062 0.960177 0.290778 0.0278892 0.245335
0 0 1 0.0753238 0.82296 0.220603 0.0289756 0.275138
0 0 1 0.225916 0.784742 0.299725 0.0218544 0.11805
0 0 1 0.117589 0.843609 0.32079 0.0286475 0.265896
0 0 0 0.166784 0.840412 0.305376 0.020186 0.0930253
0 0 0 0.153066 0.751301 0.309508 0.0182399 0.0686309
0 0 0 0.202872 0.882593 0.312452 0.0255822 0.189351
0 0 0 0.0342097 0.802231 0.217146 0.01693 0.0548807
0 0 0 0.0751926 0.822172 0.320082 0.0188713 0.0760083
0 0 1 0.199894 0.94906 0.293728 0.0160838 0.0470565
0 0 0 0.289744 0.889569 0.316231 0.0193199 0.0815575
0 0 0 0.206224 0.988687 0.280988 0.0176067 0.0617287
0 0 0 0.255138 0.779025 0.39787 0.0165778 0.0515272
0 0 0 0.255376 0.976149 0.238142 0.0295952 0.293168
0 0 0 0.203485 0.986403 0.225454 0.0216726 0.115129
0 0 0 0.148119 0.757532 0.273822 0.0143857 0.0336704
0 0 0 0.200324 0.753198 0.292331 0.0194407 0.0830972
0 0 1 0.313986 0.918126 0.381288 0.0142384 0.0326464
0 0 0 0.291514 0.848425 0.315094 0.0151353 0.0392129
0 0 0 0.0468566 0.894872 0.237957 0.0155948 0.0428936
0 0 0 0.0689747 0.832281 0.28882 0.0145717 0.0349931
0 0 1 0.0709458 0.912914 0.244881 0.0152891 0.0404201
0 0 1 0.340769 0.939021 0.247594 0.0204533 0.0967701
0 0 0 0.0919654 0.898086 0.270513 0.0210252 0.105118
0 0 0 0.105519 0.886556 0.30044 0.0137926 0.0296749
0 0 1 0.125109 0.929703 0.30153 0.0230489 0.138485
0 0 1 0.171006 0.924727 0.324893 0.028693 0.267166
0 0 1 0.249111 0.88509 0.327042 0.0229702 0.137072
0 0 0 0.3365 0.961881 0.296323 0.0292418 0.282789
0 0 0 0.0961853 0.956649 0.327649 0.017342 0.0589857
0 0 1 0.225837 0.84761 0.385901 0.0161122 0.0473059
0 0 1 0.1135 0.762636 0.293699 0.0258609 0.195606
0 0 1 0.044807 0.891521 0.27947 0.0261256 0.201676
0 0 1 0.0216739 0.933972 0.286684 0.0202132 0.0934026
0 0 1 0.0161049 0.971324 0.315578 0.0260728 0.200453
0 0 1 0.320614 0.927884 0.355152 0.012804 0.0237402
0 0 0 0.150225 0.994669 0.357483 0.0290587 0.27751
0 0 1 0.0563047 0.777776 0.242864 0.0248752 0.174082
0 0 1 0.230056 0.974236 0.347237 0.0169367 0.054946
0 0 0 0.00865775 0.84201 0.226173 0.0292596 0.283308
0 0 0 0.0734147 0.806977 0.268989 0.0178906 0.0647633
0 0 1 0.103637 0.799757 0.322003 0.0173955 0.0595341
0 0 0 0.131482 0.797761 0.305822 0.0148791 0.0372548
0 0 1 0.20113 0.793734 0.264491 0.0128898 0.0242209
0 0 0 0.201199 0.768528 0.323461 0.0152727 0.04029
0 0 1 0.0420202 0.814605 0.284503 0.017951 0.0654207
0 0 0 0.0941558 0.93879 0.276889 0.0155473 0.0425032
0 0 1 0.0767424 0.92011 0.311182 0.0272095 0.227831
0 0 1 0.338755 0.948662 0.213369 0.0142679 0.03285
0 0 0 0.0424609 0.871172 0.215417 0.0162085 0.0481591
0 0 1 0.0798634 0.766978 0.336777 0.0257212 0.192453
0 0 0 0.128739 0.770974 0.339805 0.0234125 0.145143
0 0 0 0.0796193 0.867931 0.294735 0.0186157 0.0729606
0 0 0 0.0396342 0.770991 0.316 0.0128496 0.023995
0 0 0 0.0955339 0.928148 0.345696 0.0129026 0.024293
0 0 0 0.279838 0.917799 0.354432 0.0292071 0.281786
0 0 1 0.0298808 0.99327 0.359605 0.0203673 0.0955549
0 0 0 0.303265 0.956825 0.333504 0.0208947 0.103172
0 0 1 0.129086 0.945038 0.351947 0.0251772 0.180499
0 0 0 0.0296931 0.957062 0.353132 0.0163344 0.0492905
0 0 1 0.285811 0.875336 0.345719 0.0136581 0.0288152
0 0 1 0.18412 0.826179 0.363256 0.0191745 0.0797303
0 0 1 0.0611794 0.987048 0.339612 0.0173002 0.0585608
0 0 0 0.352313 0.871765 0.364386 0.0205965 0.0988179
0 0 0 0.290047 0.987633 0.363945 0.0243893 0.164077
0 0 0 0.0981177 0.813955 0.3639 0.0271857 0.227233
0 0 0 0.345047 0.792514 0.369709 0.0220086 0.120567
0 0 1 0.0663449 0.991243 0.369808 0.0136234 0.0285962
0 0 1 0.343191 0.976846 0.385839 0.0294594 0.289152
0 0 0 0.065143 0.752989 0.381932 0.0237983 0.152436
0 0 1 0.0921658 0.969153 0.364716 0.0207385 0.100875
0 0 0 0.303114 0.883032 0.392456 0.0241612 0.159517
0 0 0 0.102222 0.9116 0.389576 0.0293212 0.2851
0 0 0 0.343704 0.902757 0.380646 0.0144008 0.0337763
0 0 0 0.0963429 0.774444 0.37101 0.0129995 0.0248446
0 0 1 0.152957 0.951596 0.381992 0.0137544 0.0294288
0 0 1 0.129361 0.882733 0.373748 0.0133447 0.0268768
0 0 0 0.05817 0.87228 0.376641 0.0183338 0.0696965
0 0 0 0.270065 0.782179 0.371722 0.0136958 0.0290547
0 0 1 0.157815 0.91102 0.379498 0.0271885 0.227305
0 0 0 0.339897 0.932645 0.376331 0.0158742 0.0452406
0 0 0 0.257711 0.87115 0.372834 0.0256156 0.190092
0 0 1 0.0223725 0.858351 0.376229 0.0147635 0.0363933
0 0 1 0.258318 0.819529 0.382405 0.0268944 0.220007
0 0 0 0.0206489 0.929217 0.375203 0.0203307 0.0950402
0 0 1 0.170587 0.783994 0.378146 0.0275707 0.237026
0 0 0 0.0601292 0.947652 0.391305 0.0261295 0.201765
0 0 1 0.028523 0.892621 0.379092 0.0173046 0.0586052
0 0 0 0.291479 0.939974 0.392738 0.0165605 0.0513657
0 0 1 0.302088 0.79471 0.381589 0.0220818 0.121774
0 0 1 0.323286 0.761557 0.380308 0.0172931 0.0584883
0 0 1 0.000988158 0.804214 0.367246 0.0256061 0.189881
0 0 1 0.251089 0.958074 0.384151 0.0285269 0.262552
0 0 0 0.187005 0.857376 0.394028 0.0247459 0.171381
0 0 1 0.0205562 0.83125 0.388391 0.0139039 0.0303993
0 0 0 0.209874 0.812338 0.394372 0.0235259 0.147263
0 0 0 0.161625 0.975585 0.395825 0.0152624 0.0402088
0 0 1 0.218514 0.983944 0.392544 0.0139089 0.0304317
0 0 1 0.143039 0.864202 0.397721 0.0199011 0.0891423
0 0 1 0.0160029 0.970642 0.394841 0.0237532 0.151571
0 0 0 0.0424097 0.793724 0.392519 0.0240387 0.157103
0 0 1 0.357965 0.772443 0.39597 0.0134806 0.0277061
0 0 1 0.249954 0.751485 0.380066 0.0166242 0.0519604
0 0 1 0.313025 0.836393 0.397223 0.0237615 0.151731
0 0 1 0.215945 0.765639 0.396229 0.0236087 0.148822
0 0 1 0.286996 0.75143 0.371441 0.0214151 0.111074
0 0 1 0.00424558 0.939905 0.221395 0.0281747 0.252948
0 0 1 0.330148 0.999893 0.335948 0.026037 0.19963
0 0 0 0.233619 0.840303 0.465647 0.0273457 0.23127
0 0 0 0.264785 0.918686 0.467221 0.0272915 0.229898
0 0 1 0.229104 0.887877 0.447656 0.0237175 0.150889
0 0 1 0.0331356 0.959192 0.469158 0.0243488 0.163262
0 0 0 0.16362 0.923624 0.458606 0.0247052 0.170537
0 0 0 0.0698335 0.837221 0.40686 0.0291135 0.279085
0 0 0 0.268528 0.949288 0.420738 0.0129479 0.0245498
0 0 1 0.0697046 0.923866 0.424226 0.0156013 0.042947
0 0 1 0.118357 0.834751 0.406332 0.0194783 0.0835811
0 0 1 0.0336923 0.907649 0.48238 0.0259268 0.197106
0 0 0 0.140988 0.785807 0.44421 0.0241843 0.159976
0 0 1 0.114317 0.815902 0.43988 0.0159921 0.0462559
0 0 0 0.366775 0.785776 0.452959 0.0248468 0.173485
0 0 1 0.0511302 0.84796 0.454238 0.021972 0.119966
0 0 0 0.280167 0.868842 0.477697 0.025914 0.196813
0 0 1 0.286825 0.809395 0.415895 0.0182381 0.0686104
0 0 1 0.0536146 0.800401 0.446196 0.0263271 0.206378
0 0 0 0.224947 0.877601 0.405595 0.0197828 0.0875621
0 0 1 0.0799228 0.882142 0.42063 0.018944 0.0768893
0 0 0 0.185156 0.97133 0.471819 0.0284323 0.25995
0 0 0 0.166931 0.942935 0.405708 0.0151033 0.038964
0 0 0 0.166566 0.874284 0.481449 0.0286716 0.266569
0 0 0 0.355899 0.961602 0.487303 0.023668 0.149947
0 0 0 0.303374 0.990724 0.46651 0.0234576 0.145982
0 0 1 0.00803331 0.784567 0.484716 0.0294499 0.288872
0 0 1 0.337296 0.760115 0.435115 0.0167008 0.0526824
0 0 0 0.369837 0.82417 0.491359 0.0295446 0.291666
0 0 0 0.0758873 0.82651 0.485491 0.023303 0.143116
0 0 0 0.359108 0.921513 0.451389 0.0263799 0.207622
0 0 1 0.231406 0.788987 0.472912 0.0245309 0.166953
0 0 1 0.174251 0.807675 0.480178 0.0294658 0.289339
0 0 1 0.192777 0.977792 0.42007 0.0242742 0.161766
0 0 1 0.254708 0.976398 0.481083 0.029326 0.285241
0 0 0 0.318513 0.833961 0.446477 0.0258583 0.195548
0 0 0 0.0241583 0.869814 0.418127 0.0281212 0.25151
0 0 1 0.139103 0.803173 0.405467 0.018316 0.0694935
0 0 0 0.0992761 0.854231 0.451095 0.0266828 0.214855
0 0 1 0.0559423 0.903193 0.400258 0.0189145 0.0765308
0 0 1 0.297299 0.76172 0.417603 0.0269918 0.222406
0 0 0 0.370253 0.832233 0.436554 0.0245463 0.167267
0 0 1 0.325692 0.934847 0.4132 0.0236343 0.149307
0 0 1 0.0844065 0.960939 0.43513 0.0257048 0.192085
0 0 1 0.105023 0.911816 0.449507 0.0294764 0.289651
0 0 1 0.304997 0.895883 0.44165 0.0255381 0.188372
0 0 0 0.0737511 0.884239 0.477475 0.0207299 0.10075
0 0 1 0.314156 0.940264 0.470773 0.026042 0.199745
0 0 0 0.0213535 0.927587 0.426557 0.0299897 0.305049
0 0 0 0.0583018 0.99716 0.408462 0.026303 0.20581
0 0 1 0.237478 0.880802 0.490101 0.0201206 0.0921251
0 0 0 0.148751 0.760923 0.410937 0.0180844 0.066891
0 0 0 0.294138 0.981507 0.416267 0.0284538 0.260541
0 0 1 0.138029 0.927946 0.417749 0.0190848 0.0786166
0 0 1 0.341763 0.972813 0.441082 0.0259505 0.197647
0 0 1 0.170985 0.819874 0.40571 0.0176814 0.0625179
0 0 0 0.0972403 0.781068 0.473044 0.0284266 0.259792
0 0 0 0.335527 0.797093 0.415641 0.0251296 0.179478
0 0 1 0.252232 0.981013 0.420718 0.0136923 0.0290321
0 0 0 0.167664 0.886544 0.41176 0.0144912 0.0344161
0 0 0 0.271334 0.853369 0.425392 0.0293435 0.28575
0 0 1 0.341435 0.874273 0.477194 0.0297668 0.298298
0 0 0 0.291189 0.935518 0.434671 0.0170106 0.0556684
0 0 0 0.360247 0.92012 0.400962 0.0158746 0.045244
0 0 0 0.197999 0.914286 0.415359 0.0267742 0.21707
0 0 1 0.0535901 0.89546 0.444197 0.0188218 0.0754108
0 0 1 0.121371 0.961044 0.473832 0.0278147 0.243373
0 0 0 0.289142 0.824718 0.479294 0.0191431 0.0793398
0 0 1 0.0248676 0.82195 0.419229 0.0185973 0.072745
0 0 0 0.0300343 0.975651 0.43207 0.0163475 0.0494089
0 0 0 0.279009 0.796261 0.452377 0.0213174 0.109561
0 0 1 0.0615077 0.930096 0.456452 0.0182312 0.0685326
0 0 0 0.195069 0.820769 0.436042 0.0210606 0.105649
0 0 1 0.167519 0.791666 0.418261 0.0133878 0.0271379
0 0 0 0.150262 0.840103 0.440178 0.0273418 0.231172
0 0 1 0.232106 0.949691 0.43701 0.0269489 0.221347
0 0 1 0.152262 0.96203 0.435111 0.0217298 0.116043
0 0 0 0.194795 0.773482 0.44095 0.0264821 0.210044
0 0 0 0.18845 0.872851 0.436968 0.0209231 0.103593
0 0 0 0.110407 0.871998 0.408591 0.0153658 0.0410319
0 0 0 0.261377 0.90908 0.41206 0.0288036 0.270266
0 0 1 0.146625 0.887251 0.43903 0.0199626 0.0899714
0 0 1 0.350844 0.878567 0.416591 0.0295104 0.290654
0 0 1 0.0110003 0.769993 0.428139 0.0290518 0.277314
0 0 0 0.210881 0.923228 0.478317 0.0265032 0.210546
0 0 1 0.224863 0.84205 0.420431 0.0187445 0.074486
0 0 1 0.242186 0.80404 0.427746 0.0236639 0.149869
0 0 0 0.320423 0.788411 0.45868 0.0213033 0.109344
0 0 1 0.0954402 0.784646 0.412511 0.0296412 0.294537
0 0 0 0.135632 0.894149 0.407854 0.0125701 0.0224628
0 0 1 0.289739 0.755071 0.46994 0.0247299 0.171049
0 0 1 0.245971 0.752747 0.436921 0.0285817 0.264068
0 0 1 0.159213 0.999586 0.429593 0.0168613 0.0542158
0 0 0 0.121137 0.964888 0.400106 0.0252024 0.181041
0 0 0 0.336857 0.75024 0.473312 0.022756 0.133272
0 0 1 0.000245742 0.829983 0.454862 0.0254557 0.186555
0 0 0 0.383843 0.11899 0.0145609 0.0145921 0.0351401
0 0 1 0.449842 0.0201335 0.0220568 0.0220654 0.121503
0 0 0 0.501657 0.0195454 0.0188501 0.0188558 0.0758202
0 0 0 0.56084 0.0457683 0.0132756 0.0132885 0.026539
0 0 0 0.593222 0.022755 0.0296707 0.0296913 0.296033
0 0 1 0.691973 0.060303 0.0191515 0.0191908 0.0799343
0 0 1 0.412461 0.120368 0.0140599 0.0140719 0.0315145
0 0 0 0.413644 0.082727 0.0252011 0.0252165 0.181344
0 0 0 0.477927 0.043901 0.0153353 0.0153407 0.0408312
0 0 0 0.514492 0.0623247 0.0264309 0.0264539 0.209373
0 0 1 0.618349 0.0698044 0.023948 0.0239761 0.15588
0 0 1 0.662755 0.0996932 0.0298599 0.0298869 0.301921
0 0 0 0.403994 0.156768 0.0248252 0.0248327 0.17319
0 0 1 0.422455 0.206639 0.0149546 0.0149888 0.0380849
0 0 1 0.46377 0.0801902 0.0257549 0.0249933 0.176573
0 0 0 0.568395 0.232038 0.0173457 0.0173591 0.059161
0 0 0 0.559955 0.176641 0.0510036 0.0156643 0.0434698
0 0 0 0.450032 0.130169 0.0267282 0.026782 0.217262
0 0 0 0.468857 0.16693 0.0159124 0.0159182 0.0456176
0 0 0 0.677326 0.155532 0.027842 0.0278659 0.244721
0 0 0 0.420103 0.21186 0.0435093 0.0141527 0.0320606
0 0 1 0.560329 0.207762 0.0405468 0.0171931 0.0574796
0 0 0 0.611477 0.161031 0.0410626 0.0134702 0.0276425
0 0 1 0.697469 0.20474 0.0253556 0.0253744 0.184774
0 0 0 0.542501 0.0171812 0.0217093 0.0217141 0.115792
0 0 1 0.668293 0.0428778 0.0807763 0.0173647 0.0592176
0 0 1 0.43758 0.0533719 0.0142225 0.0142289 0.0325815
0 0 1 0.390307 0.0666738 0.0641968 0.0230068 0.137727
0 0 1 0.477384 0.0396412 0.0583363 0.0274947 0.235071
0 0 1 0.525281 0.0346563 0.0551104 0.0148603 0.0371135
0 0 0 0.555075 0.0503713 0.0458164 0.0200866 0.0916584
0 0 0 0.633856 0.0740801 0.0747998 0.0293787 0.28678
0 0 1 0.655713 0.0360939 0.0375402 0.0281774 0.253019
0 0 0 0.710068 0.0174444 0.0281987 0.0282203 0.254177
0 0 0 0.707213 0.0896834 0.0299936 0.0156869 0.0436583
0 0 1 0.708883 0.0564294 0.0489692 0.0153069 0.0405616
0 0 1 0.387395 0.115852 0.0558309 0.0269766 0.222032
0 0 1 0.426155 0.108772 0.050022 0.0128759 0.0241424
0 0 1 0.498923 0.102241 0.0173144 0.0173761 0.059335
0 0 0 0.575387 0.0744585 0.0194755 0.0194785 0.0835829
0 0 0 0.601033 0.11267 0.0222839 0.0223157 0.125686
0 0 1 0.701192 0.111015 0.0535728 0.0166813 0.0524975
0 0 0 0.690571 0.0376107 0.0591051 0.0128404 0.0239434
0 0 1 0.708458 0.122137 0.0187096 0.018737 0.0743963
0 0 1 0.381473 0.20456 0.0280947 0.0281077 0.251147
0 0 1 0.416142 0.243753 0.0236233 0.0236547 0.149693
0 0 1 0.481161 0.200727 0.0226 0.0206724 0.0999144
0 0 1 0.543376 0.10994 0.0293092 0.0293217 0.285115
0 0 0 0.587675 0.14571 0.013297 0.0132973 0.0265918
0 0 0 0.587182 0.182523 0.0234201 0.0234573 0.145978
0 0 0 0.654899 0.237464 0.0277056 0.0277156 0.240782
0 0 1 0.482203 0.236437 0.015712 0.0157168 0.0439084
0 0 1 0.525609 0.184166 0.0269229 0.0269693 0.22185
0 0 1 0.531277 0.239317 0.070155 0.0134778 0.027689
0 0 0 0.606632 0.225376 0.0216957 0.0216969 0.115518
0 0 1 0.635526 0.188216 0.0252643 0.025275 0.182611
0 0 0 0.719949 0.200901 0.0706934 0.0244821 0.165959
0 0 0 0.524488 0.239704 0.0286147 0.028618 0.265076
0 0 1 0.517264 0.00801822 0.0458672 0.0144112 0.0338492
0 0 0 0.684439 0.233891 0.150582 0.0296724 0.295468
0 0 0 0.443862 0.0518467 0.0401891 0.0125305 0.0222513
0 0 1 0.411885 0.0390844 0.015182 0.0151825 0.0395809
0 0 1 0.518131 0.0537202 0.0917273 0.0270398 0.223595
0 0 1 0.55507 0.00709287 0.0710173 0.0287505 0.268776
0 0 1 0.681629 0.00710288 0.0651035 0.0195124 0.08402
0 0 0 0.713094 0.106395 0.0997602 0.0230338 0.138213
0 0 0 0.686979 0.0231731 0.100532 0.01622 0.0482618
0 0 0 0.73952 0.187924 0.193359 0.0152362 0.0400023
0 0 0 0.439436 0.0775082 0.0727945 0.0280431 0.249421
0 0 1 0.492552 0.107149 0.0631322 0.0291859 0.281172
0 0 1 0.537426 0.0768617 0.0551847 0.0130947 0.0253945
0 0 0 0.667912 0.127076 0.080921 0.0282898 0.256061
0 0 1 0.686673 0.0787311 0.072958 0.0236806 0.150186
0 0 0 0.714018 0.0507539 0.0807634 0.0162169 0.048234
0 0 0 0.440623 0.182189 0.0332064 0.0205423 0.0980388
0 0 0 0.450501 0.222443 0.017258 0.0172869 0.0584257
0 0 1 0.498326 0.14232 0.0231553 0.0231582 0.140464
0 0 1 0.557682 0.15374 0.0181089 0.0181198 0.0672836
0 0 0 0.631308 0.142811 0.0204366 0.0204521 0.0967532
0 0 0 0.698431 0.164406 0.0670245 0.0175161 0.060781
0 0 0 0.501948 0.202288 0.0604434 0.0179161 0.0650408
0 0 1 0.591779 0.191217 0.0696284 0.0238173 0.152803
0 0 1 0.640001 0.156838 0.0565298 0.0192493 0.0806677
0 0 0 0.681929 0.222554 0.0638459 0.0198141 0.0879786
0 0 1 0.714528 0.234525 0.0418033 0.0126876 0.0230991
0 0 1 0.502448 0.230585 0.0876608 0.0213697 0.11037
0 0 0 0.561517 0.237805 0.105271 0.018585 0.0726004
0 0 1 0.664373 0.00501488 0.157208 0.0252073 0.181146
0 0 0 0.42507 0.0265171 0.0626284 0.0259054 0.196619
0 0 0 0.502011 0.00689895 0.112604 0.0264014 0.208128
0 0 0 0.621437 0.0194146 0.0814652 0.0270998 0.225087
0 0 1 0.711672 0.0219336 0.0705825 0.0144431 0.034075
0 0 1 0.472772 0.0894442 0.101709 0.0176725 0.0624236
0 0 0 0.552976 0.102845 0.0851999 0.0278503 0.24431
0 0 1 0.591134 0.0864457 0.0515362 0.0181988 0.0681678
0 0 1 0.715566 0.171365 0.0940316 0.0134256 0.0273689
0 0 1 0.423859 0.140809 0.0758156 0.0215316 0.112897
0 0 0 0.450325 0.11818 0.0662859 0.0145771 0.0350321
0 0 0 0.474452 0.163424 0.065689 0.0299917 0.305111
0 0 1 0.580941 0.140693 0.0566065 0.0263779 0.207574
0 0 1 0.649493 0.167311 0.0897062 0.0168246 0.0538622
0 0 1 0.669116 0.185863 0.0626785 0.0190721 0.0784599
0 0 1 0.71798 0.134418 0.0713482 0.0171763 0.0573116
0 0 1 0.380796 0.237803 0.065056 0.021487 0.112197
0 0 0 0.458089 0.221013 0.0637943 0.0299113 0.302661
0 0 0 0.615541 0.160441 0.0838159 0.0175939 0.061594
0 0 0 0.635104 0.21197 0.0686945 0.0242353 0.16099
0 0 1 0.407141 0.0511872 0.108392 0.0267675 0.216907
0 0 0 0.463239 0.045736 0.113044 0.0285145 0.262209
0 0 1 0.581399 0.056064 0.0843056 0.0269002 0.22015
0 0 0 0.652842 0.0351713 0.117619 0.0233262 0.143544
0 0 1 0.40777 0.102689 0.0924229 0.0169265 0.0548469
0 0 1 0.511431 0.0970449 0.106547 0.0192372 0.0805155
0 0 1 0.605581 0.11812 0.100921 0.0291594 0.280408
0 0 0 0.662207 0.0901331 0.114045 0.0216524 0.114808
0 0 1 0.379763 0.148632 0.101457 0.0297504 0.297803
0 0 1 0.45803 0.127974 0.102368 0.0236156 0.148954
0 0 1 0.529494 0.149118 0.0676639 0.0269235 0.220722
0 0 0 0.62605 0.121179 0.0541914 0.0191131 0.0789667
0 0 0 0.668089 0.1236 0.122425 0.0133616 0.0269792
0 0 1 0.694925 0.106623 0.144672 0.0254212 0.185798
0 0 1 0.412616 0.188382 0.0769109 0.0273781 0.232092
0 0 1 0.579064 0.195507 0.105927 0.0148857 0.0373046
0 0 1 0.597724 0.224897 0.0979002 0.0205789 0.098564
0 0 0 0.675897 0.197308 0.106137 0.0263924 0.207916
0 0 1 0.553134 0.0273074 0.122157 0.0262972 0.205674
0 0 0 0.435948 0.0915706 0.131343 0.0278988 0.245588
0 0 1 0.546845 0.0742609 0.124516 0.0211468 0.106952
0 0 0 0.619693 0.0716532 0.129549 0.027229 0.228321
0 0 1 0.643207 0.110355 0.146661 0.0211864 0.107553
0 0 0 0.481708 0.169038 0.123081 0.0281322 0.251804
0 0 1 0.566736 0.156831 0.104089 0.025751 0.193123
0 0 1 0.582999 0.173658 0.134395 0.0125386 0.0222947
0 0 1 0.507091 0.195858 0.145796 0.0152223 0.0398931
0 0 0 0.508123 0.176299 0.0909961 0.0140626 0.0314518
0 0 0 0.578629 0.0583446 0.1373 0.0166309 0.0520231
0 0 1 0.599226 0.204889 0.136224 0.0227038 0.132358
0 0 1 0.542218 0.200721 0.0835425 0.0285463 0.263088
0 0 0 0.579438 0.0855041 0.113224 0.0144139 0.0338686
0 0 1 0.641387 0.148463 0.124033 0.0231743 0.140758
0 0 1 0.695175 0.151335 0.120392 0.0254706 0.186882
0 0 0 0.41496 0.228566 0.06546 0.0139086 0.0304303
0 0 0 0.541905 0.186661 0.133369 0.0228712 0.135307
0 0 0 0.624863 0.18961 0.105616 0.0200149 0.0906809
0 0 0 0.638607 0.230469 0.119268 0.0252281 0.181596
0 0 0 0.72123 0.200059 0.123802 0.0223506 0.126275
0 0 1 0.485386 0.1986 0.0917363 0.0151429 0.0392718
0 0 1 0.408355 0.232688 0.102569 0.0240088 0.156518
0 0 1 0.525838 0.226899 0.123488 0.0215735 0.113556
0 0 1 0.508526 0.198859 0.109701 0.0141574 0.0320925
0 0 0 0.390721 0.0848361 0.138796 0.0184327 0.0708306
0 0 0 0.41065 0.0130172 0.130505 0.0174996 0.0606092
0 0 0 0.429237 0.0435645 0.1565 0.0267193 0.215737
0 0 1 0.468302 0.0104872 0.152475 0.0246299 0.168982
0 0 1 0.581831 0.026507 0.152333 0.0153542 0.040939
0 0 0 0.596513 0.0343389 0.120192 0.0176982 0.0626957
0 0 1 0.400184 0.121858 0.137152 0.0193329 0.0817232
0 0 1 0.487833 0.0834114 0.140036 0.0239645 0.155652
0 0 1 0.50085 0.135809 0.0987528 0.0172813 0.0583689
0 0 0 0.539128 0.12256 0.137397 0.0294462 0.288762
0 0 0 0.512184 0.043958 0.142833 0.0225212 0.129189
0 0 1 0.595327 0.0632317 0.178571 0.0281596 0.252542
0 0 0 0.620768 0.0264012 0.15263 0.0235839 0.148354
0 0 1 0.685011 0.150002 0.160926 0.0163427 0.0493651
0 0 0 0.697651 0.0609099 0.116487 0.0243741 0.163771
0 0 0 0.42845 0.159948 0.126068 0.0259908 0.198569
0 0 0 0.524218 0.158234 0.111031 0.0173551 0.0591194
0 0 1 0.565568 0.16019 0.161825 0.0226344 0.131147
0 0 1 0.658956 0.183743 0.154641 0.0267519 0.216529
0 0 0 0.39073 0.195013 0.129349 0.0254776 0.187037
0 0 1 0.459917 0.214189 0.166477 0.0193244 0.0816152
0 0 1 0.531386 0.204082 0.17545 0.0237002 0.15056
0 0 0 0.496281 0.236478 0.17447 0.0240827 0.157968
0 0 0 0.444505 0.204278 0.112585 0.0230483 0.138474
0 0 1 0.48258 0.221287 0.13167 0.0228182 0.134369
0 0 0 0.562259 0.221925 0.138285 0.0180573 0.0665907
0 0 1 0.739052 0.183053 0.0982516 0.013149 0.0257117
0 0 0 0.688078 0.0270293 0.129713 0.0132354 0.0262219
0 0 0 0.711931 0.0295753 0.164215 0.0287872 0.269805
0 0 0 0.38669 0.108388 0.168734 0.0175671 0.0613134
0 0 0 0.408637 0.0799301 0.168785 0.0168588 0.0541916
0 0 0 0.47164 0.0509872 0.15763 0.016349 0.0494225
0 0 1 0.524942 0.0788421 0.159559 0.0182189 0.0683937
0 0 0 0.560098 0.0853591 0.159129 0.0175446 0.061078
0 0 0 0.549955 0.0481017 0.165106 0.0215353 0.112954
0 0 0 0.629897 0.0986444 0.179597 0.0162218 0.0482782
0 0 0 0.470402 0.125798 0.146604 0.0223817 0.126803
0 0 1 0.594624 0.116303 0.157807 0.0288489 0.271545
0 0 0 0.605097 0.162854 0.119698 0.0161157 0.0473371
0 0 0 0.632675 0.135028 0.172396 0.0160044 0.0463633
0 0 1 0.396831 0.160548 0.170578 0.0286122 0.264914
0 0 0 0.508496 0.157702 0.171287 0.0281984 0.253586
0 0 0 0.628048 0.228012 0.172454 0.0290594 0.27753
0 0 1 0.72684 0.211284 0.164659 0.0203992 0.0960046
0 0 1 0.430272 0.244189 0.150705 0.0227808 0.133709
0 0 0 0.400258 0.218807 0.168544 0.0204005 0.0960227
0 0 0 0.57887 0.203671 0.17808 0.0238623 0.153671
0 0 1 0.631968 0.0108591 0.0137933 0.0138572 0.0300942
0 0 0 0.733955 0.24581 0.139112 0.0225379 0.129478
0 0 1 0.425231 0.0169502 0.190192 0.0164197 0.0500668
0 0 0 0.463369 0.0398316 0.193458 0.0220902 0.121914
0 0 1 0.511705 0.0182347 0.187964 0.0294473 0.288793
0 0 1 0.732042 0.0193563 0.10996 0.0299796 0.304739
0 0 1 0.430945 0.129238 0.159026 0.0191301 0.0791775
0 0 1 0.497731 0.0614101 0.174514 0.0164298 0.0501588
0 0 0 0.497316 0.104485 0.187038 0.0284308 0.259907
0 0 0 0.666235 0.0634075 0.158735 0.028336 0.257318
0 0 1 0.421428 0.124254 0.109702 0.0139 0.0303739
0 0 0 0.455431 0.1649 0.169501 0.0253834 0.184971
0 0 0 0.702401 0.246175 0.0171524 0.017153 0.0570788
0 0 1 0.611639 0.166205 0.159038 0.023913 0.154652
0 0 1 0.657467 0.140395 0.155746 0.0132861 0.0265247
0 0 1 0.391539 0.0579753 0.156307 0.0136425 0.0287168
0 0 1 0.392192 0.0222166 0.163559 0.0166216 0.0519363
0 0 0 0.455607 0.118054 0.18113 0.015839 0.0449406
0 0 0 0.663147 0.104134 0.178866 0.0172009 0.0575578
0 0 1 0.481678 0.191387 0.157989 0.0133184 0.0267186
0 0 1 0.454148 0.0804345 0.176547 0.0220878 0.121874
0 0 0 0.428723 0.196361 0.152734 0.0191646 0.0796073
0 0 0 0.509834 0.0164557 0.0730744 0.0150323 0.0384174
0 0 0 0.709529 0.08541 0.175007 0.0143718 0.033573
0 0 0 0.657234 0.247928 0.0808092 0.0194708 0.0834839
0 0 0 0.661299 0.00290976 0.0950533 0.0169497 0.0550731
0 0 1 0.409794 0.00313979 0.021345 0.0213462 0.110006
0 0 0 0.477719 0.0075179 0.0821973 0.0125232 0.0222127
0 0 1 0.564267 0.245679 0.164209 0.0171637 0.0571857
0 0 0 0.733767 0.161128 0.0288405 0.0288662 0.272034
0 0 1 0.735333 0.0990414 0.0167626 0.0167724 0.0533629
0 0 1 0.730325 0.0854267 0.0598941 0.022376 0.126706
0 0 1 0.729824 0.163494 0.0716818 0.0142341 0.0326171
0 0 1 0.677457 0.00369624 0.120804 0.0134611 0.0275866
0 0 0 0.53248 0.239506 0.158036 0.0158007 0.0446154
0 0 1 0.731885 0.116546 0.130467 0.01437 0.0335603
0 0 1 0.735511 0.162114 0.15664 0.029828 0.30014
0 0 1 0.742667 0.0686678 0.0987464 0.0217261 0.115984
0 0 0 0.571042 0.247094 0.0604249 0.0282 0.253628
0 0 1 0.736351 0.0755232 0.145927 0.026406 0.208238
0 0 0 0.732415 0.0613277 0.0213156 0.0213335 0.109809
0 0 0 0.743451 0.144829 0.104373 0.0258124 0.194509
0 0 0 0.74974 0.0411311 0.0604381 0.0260006 0.198794
0 0 0 0.748523 0.242926 0.177333 0.0184685 0.0712442
0 0 1 0.377917 0.0486221 0.020496 0.020497 0.0973926
0 0 1 0.695655 0.176957 0.18678 0.0223187 0.125735
0 0 0 0.705497 0.24024 0.0992142 0.0262249 0.203983
0 0 0 0.701414 0.125239 0.196294 0.0298488 0.300768
0 0 1 0.566373 0.0113758 0.188186 0.0248529 0.173614
0 0 0 0.586433 0.137553 0.192606 0.0127414 0.0233938
0 0 1 0.449569 0.249193 0.199374 0.0298216 0.299947
0 0 1 0.668748 0.209125 0.192705 0.0200436 0.091071
0 0 1 0.696888 0.0625048 0.191511 0.0165615 0.0513748
0 0 0 0.658237 0.15397 0.193353 0.0221029 0.122124
0 0 1 0.629065 0.183683 0.194823 0.0195725 0.0847987
0 0 1 0.588948 0.167082 0.192945 0.0169 0.0545896
0 0 1 0.551818 0.116321 0.195091 0.0279434 0.24677
0 0 0 0.391614 0.0507442 0.195513 0.0262264 0.204017
0 0 1 0.537448 0.246227 0.196602 0.0236666 0.14992
0 0 0 0.381344 0.0908156 0.195794 0.0151437 0.0392775
0 0 1 0.672824 0.0309856 0.19716 0.0223755 0.126698
0 0 1 0.376844 0.0235964 0.0565929 0.0227913 0.133894
0 0 0 0.418455 0.109142 0.199078 0.026378 0.207576
0 0 1 0.623369 0.245394 0.0849418 0.0147509 0.0362998
0 0 0 0.672487 0.249269 0.196803 0.0204921 0.0973225
0 0 1 0.38303 0.249843 0.140587 0.0247957 0.172418
0 0 1 0.375134 0.166493 0.056338 0.0190021 0.0775994
0 0 1 0.73323 0.0779519 0.213944 0.0288651 0.272
0 0 1 0.729028 0.127118 0.299863 0.0267565 0.21664
0 0 0 0.584223 0.0100892 0.339685 0.0125515 0.0223637
0 0 0 0.576221 0.211754 0.346863 0.0269418 0.221174
0 0 0 0.386197 0.0882568 0.338271 0.0226924 0.132158
0 0 0 0.632724 0.198281 0.362297 0.0233284 0.143584
0 0 0 0.479217 0.0172461 0.220707 0.0166887 0.0525678
0 0 1 0.483406 0.0515271 0.359497 0.0126744 0.0230266
0 0 1 0.681371 0.0773648 0.352695 0.0238054 0.152574
0 0 0 0.38552 0.00933711 0.252979 0.0229448 0.136617
0 0 1 0.497337 0.241821 0.307813 0.0129013 0.0242857
0 0 0 0.57247 0.231595 0.389013 0.0179992 0.0659495
0 0 0 0.721528 0.105771 0.35104 0.0254182 0.185733
0 0 1 0.582608 0.0389925 0.212126 0.0151476 0.0393085
0 0 1 0.584682 0.173437 0.385585 0.0264598 0.209514
0 0 1 0.697033 0.200354 0.332198 0.0187426 0.0744632
0 0 1 0.436043 0.00138528 0.397797 0.0159128 0.0455717
0 0 0 0.545069 0.0657902 0.207298 0.0244839 0.165995
0 0 1 0.407851 0.237228 0.373879 0.0227603 0.133347
0 0 1 0.514029 0.0552551 0.366518 0.0189632 0.0771234
0 0 0 0.644806 0.0859416 0.396862 0.0184582 0.0711243
0 0 1 0.548193 0.169009 0.206574 0.02612 0.201546
0 0 0 0.513369 0.148159 0.347091 0.0270635 0.224185
0 0 0 0.422741 0.166806 0.362018 0.0141763 0.0322211
0 0 1 0.538428 0.185685 0.362234 0.0205374 0.0979695
0 0 0 0.551262 0.0283873 0.222579 0.0163959 0.0498489
0 0 1 0.622639 0.0199255 0.205479 0.0296897 0.295984
0 0 0 0.629178 0.245914 0.376967 0.0266438 0.213915
0 0 0 0.497268 0.0610993 0.217576 0.0246392 0.169174
0 0 1 0.532422 0.0582417 0.245389 0.0163595 0.0495182
0 0 1 0.599645 0.109216 0.208009 0.0221141 0.122309
0 0 1 0.701458 0.18436 0.35968 0.0133615 0.0269785
0 0 1 0.429427 0.151006 0.218937 0.0212713 0.108852
0 0 0 0.593008 0.00107079 0.381385 0.0225609 0.129874
0 0 0 0.551319 0.213072 0.223391 0.021167 0.107258
0 0 1 0.516189 0.243907 0.272757 0.0269569 0.221544
0 0 0 0.711137 0.107907 0.390666 0.0156036 0.0429661
0 0 1 0.548033 0.184221 0.393968 0.0126515 0.0229023
0 0 0 0.74025 0.100422 0.24853 0.0129727 0.0246913
0 0 1 0.744125 0.0163828 0.34384 0.0251333 0.179557
0 0 0 0.425932 0.0212289 0.368688 0.0145652 0.0349461
0 0 1 0.42906 0.0198671 0.232597 0.026271 0.205061
0 0 1 0.6191 0.0515058 0.24815 0.0235141 0.147041
0 0 1 0.461984 0.135403 0.20771 0.0165407 0.0511816
0 0 1 0.466457 0.0999727 0.233367 0.0274325 0.233479
0 0 0 0.64224 0.0698444 0.204741 0.0239602 0.155569
0 0 1 0.577159 0.105452 0.288288 0.0148069 0.0367154
0 0 0 0.461813 0.160779 0.371173 0.0264036 0.208182
0 0 0 0.643683 0.115857 0.211516 0.0225777 0.130164
0 0 0 0.518935 0.127974 0.393594 0.0195347 0.0843093
0 0 0 0.482595 0.195608 0.203415 0.027841 0.244066
0 0 1 0.596416 0.194644 0.2272 0.0277032 0.240459
0 0 1 0.491757 0.0347853 0.37829 0.0134967 0.0278056
0 0 1 0.748418 0.127388 0.224661 0.023955 0.155468
0 0 0 0.393526 0.239932 0.207817 0.0247073 0.17058
0 0 0 0.52031 0.215186 0.208811 0.0131645 0.0258027
0 0 1 0.579885 0.230594 0.207405 0.0159642 0.0460143
0 0 0 0.638973 0.212965 0.214931 0.0173194 0.0587558
0 0 1 0.606867 0.0112585 0.259392 0.0200313 0.090904
0 0 1 0.580851 0.00996039 0.230196 0.0190991 0.078794
0 0 0 0.462862 0.0447557 0.230963 0.0157435 0.0441319
0 0 0 0.476888 0.0275876 0.260403 0.0211124 0.10643
0 0 0 0.517542 0.0259199 0.236728 0.0202629 0.0940926
0 0 1 0.586145 0.0723113 0.226218 0.0212114 0.107934
0 0 0 0.587556 0.0504252 0.39226 0.0217799 0.116848
0 0 0 0.434236 0.0656735 0.215788 0.0228082 0.134191
0 0 0 0.718699 0.0286709 0.222751 0.0228418 0.134786
0 0 1 0.678558 0.0863124 0.20388 0.0159341 0.0457542
0 0 0 0.671984 0.134448 0.237704 0.0202316 0.093657
0 0 0 0.622442 0.0906777 0.235155 0.0178945 0.0648049
0 0 0 0.645142 0.115673 0.248244 0.0141802 0.0322475
0 0 1 0.641247 0.0801354 0.26171 0.0146431 0.0355104
0 0 1 0.582567 0.107639 0.245703 0.0193019 0.0813308
0 0 1 0.584422 0.145559 0.227254 0.0217437 0.116266
0 0 1 0.700727 0.103769 0.243747 0.0222469 0.124526
0 0 1 0.501398 0.147472 0.227139 0.0290343 0.276812
0 0 0 0.637819 0.2259 0.253758 0.0236452 0.149514
0 0 0 0.675631 0.227824 0.237584 0.0175272 0.060896
0 0 0 0.713082 0.218389 0.211595 0.0290345 0.276818
0 0 0 0.42384 0.243938 0.252546 0.0294858 0.28993
0 0 0 0.708397 0.223897 0.269596 0.0284552 0.260578
0 0 1 0.498848 0.236667 0.227204 0.0223381 0.126064
0 0 1 0.653658 0.0418785 0.231166 0.0161797 0.0479027
0 0 0 0.587592 0.0739603 0.281803 0.0190001 0.0775742
0 0 0 0.396192 0.0597304 0.248505 0.0277233 0.240983
0 0 0 0.497815 0.0697273 0.268042 0.0265721 0.212192
0 0 1 0.568875 0.042704 0.257169 0.0249844 0.176383
0 0 1 0.686958 0.0590565 0.228011 0.0214293 0.111296
0 0 1 0.680266 0.0210282 0.235458 0.0178973 0.0648357
0 0 0 0.388911 0.0994411 0.225197 0.0142327 0.0326073
0 0 0 0.452433 0.145314 0.262284 0.0281601 0.252554
0 0 0 0.669815 0.100982 0.278973 0.0247116 0.170668
0 0 0 0.66246 0.0896123 0.237535 0.0188925 0.0762645
0 0 0 0.691692 0.172509 0.271629 0.0175515 0.0611497
0 0 0 0.427236 0.196443 0.20127 0.0275675 0.236942
0 0 1 0.590923 0.186274 0.277497 0.0235849 0.148372
0 0 1 0.667672 0.182746 0.233789 0.0284243 0.259731
0 0 1 0.627191 0.150459 0.243455 0.0242577 0.161436
0 0 0 0.614017 0.149855 0.284803 0.01915 0.0794251
0 0 0 0.530411 0.154564 0.265419 0.0195279 0.0842209
0 0 1 0.546546 0.136219 0.236518 0.0183158 0.0694915
0 0 1 0.716172 0.186551 0.24524 0.0168191 0.0538097
0 0 1 0.725281 0.157572 0.247754 0.0136617 0.0288381
0 0 1 0.699712 0.13754 0.266791 0.018651 0.0733772
0 0 0 0.514664 0.196254 0.244738 0.0244721 0.165754
0 0 1 0.638378 0.184503 0.277118 0.0239087 0.154568
0 0 1 0.707166 0.1639 0.22194 0.0169161 0.0547458
0 0 1 0.710711 0.137628 0.23668 0.0134069 0.0272547
0 0 1 0.656604 0.205331 0.317085 0.024707 0.170574
0 0 1 0.461852 0.164957 0.223659 0.0143474 0.0334021
0 0 1 0.453846 0.215445 0.230707 0.0164286 0.0501485
0 0 0 0.481257 0.217462 0.25576 0.0163111 0.0490795
0 0 1 0.562593 0.0682534 0.35389 0.0262184 0.203832
0 0 0 0.521349 0.0268656 0.289634 0.0268853 0.219784
0 0 1 0.385298 0.0179891 0.367339 0.014316 0.0331833
0 0 1 0.548263 0.0835344 0.271168 0.0228514 0.134955
0 0 1 0.670447 0.170907 0.34634 0.022553 0.129738
0 0 1 0.450684 0.10206 0.274721 0.0168824 0.0544199
0 0 0 0.522631 0.0991898 0.234853 0.0242831 0.161945
0 0 0 0.417704 0.107454 0.250068 0.02465 0.169395
0 0 1 0.557747 0.178677 0.250496 0.019863 0.0886308
0 0 0 0.65682 0.144159 0.276347 0.0204626 0.0969027
0 0 0 0.724343 0.0946518 0.272427 0.0160108 0.0464186
0 0 1 0.385338 0.138818 0.228256 0.0254239 0.185858
0 0 1 0.412352 0.18389 0.253475 0.0281786 0.253052
0 0 0 0.466118 0.187305 0.247313 0.0184741 0.0713089
0 0 0 0.553542 0.215956 0.264955 0.020345 0.0952416
0 0 1 0.546209 0.182604 0.296246 0.0250425 0.177617
0 0 0 0.442491 0.203561 0.292838 0.025165 0.180237
0 0 0 0.595966 0.225399 0.262051 0.0187842 0.0749603
0 0 0 0.433702 0.240539 0.293577 0.0128507 0.0240011
0 0 0 0.43335 0.0170183 0.286796 0.0281769 0.253008
0 0 0 0.67943 0.221138 0.372135 0.0295996 0.293298
0 0 0 0.446438 0.0624163 0.263293 0.0245963 0.16829
0 0 0 0.568488 0.0426856 0.308421 0.0262748 0.20515
0 0 1 0.708284 0.0181869 0.270023 0.0266918 0.215072
0 0 0 0.70561 0.237845 0.318196 0.0221888 0.123552
0 0 0 0.412634 0.109606 0.303128 0.0262038 0.203491
0 0 1 0.499784 0.122053 0.276466 0.0264872 0.210166
0 0 0 0.592639 0.0781933 0.321951 0.0187529 0.0745864
0 0 1 0.559031 0.093536 0.228464 0.0131046 0.0254519
0 0 0 0.701961 0.0680824 0.264518 0.019065 0.0783723
0 0 0 0.38764 0.218586 0.241935 0.0159681 0.0460483
0 0 1 0.395246 0.14472 0.277269 0.0207594 0.10118
0 0 1 0.429536 0.146763 0.298673 0.0148759 0.0372308
0 0 0 0.468099 0.160895 0.315585 0.0295497 0.291818
0 0 1 0.616529 0.108697 0.272399 0.0239111 0.154615
0 0 1 0.572468 0.141619 0.27229 0.0250211 0.177163
0 0 0 0.639514 0.121166 0.302669 0.0160935 0.0471415
0 0 0 0.493743 0.168508 0.27324 0.0204811 0.0971661
0 0 1 0.491876 0.206125 0.297892 0.0245482 0.167307
0 0 0 0.532342 0.224483 0.321015 0.0255545 0.188736
0 0 0 0.568552 0.159628 0.33686 0.0266941 0.215128
0 0 0 0.39191 0.21679 0.288511 0.0240605 0.157531
0 0 0 0.458095 0.234865 0.325462 0.0226703 0.131772
0 0 0 0.670234 0.17096 0.298165 0.0166095 0.051823
0 0 1 0.588419 0.159179 0.302261 0.0132087 0.0260637
0 0 1 0.395293 0.0345606 0.281801 0.014035 0.0312674
0 0 0 0.474854 0.0421137 0.301482 0.0225076 0.128955
0 0 1 0.736215 0.214949 0.306471 0.0177931 0.06371
0 0 0 0.603244 0.00962176 0.311104 0.0217833 0.116902
0 0 1 0.632026 0.0175285 0.283594 0.0154407 0.0416342
0 0 0 0.643397 0.0138979 0.248345 0.018227 0.0684849
0 0 1 0.608298 0.0421537 0.287749 0.018585 0.0726008
0 0 1 0.512429 0.0717989 0.321571 0.0289621 0.274754
0 0 0 0.492448 0.115775 0.321265 0.0193421 0.0818392
0 0 0 0.662326 0.0461497 0.274262 0.0272728 0.229425
0 0 1 0.378352 0.17725 0.279964 0.0154342 0.0415822
0 0 1 0.451906 0.122332 0.299593 0.0152321 0.0399698
0 0 0 0.612556 0.238561 0.219385 0.0197355 0.0869349
0 0 0 0.676562 0.122296 0.326936 0.0282113 0.253934
0 0 1 0.405373 0.175854 0.322561 0.0298728 0.301494
0 0 1 0.512949 0.17983 0.315037 0.0132594 0.0263646
0 0 0 0.612405 0.182504 0.321141 0.0252114 0.181235
0 0 0 0.613537 0.213523 0.285285 0.0126759 0.0230353
0 0 0 0.572873 0.218858 0.300424 0.0201552 0.0926007
0 0 0 0.685236 0.145322 0.293622 0.0128145 0.0237989
0 0 1 0.436044 0.21435 0.369454 0.0138158 0.0298251
0 0 0 0.419111 0.0608432 0.310178 0.02351 0.146965
0 0 1 0.620696 0.0715644 0.280096 0.0142397 0.0326557
0 0 0 0.694466 0.0299813 0.318676 0.0252493 0.182053
0 0 1 0.416496 0.0805975 0.277009 0.0130257 0.0249953
0 0 1 0.743908 0.151813 0.380264 0.018666 0.0735543
0 0 1 0.462385 0.0857419 0.309927 0.0236533 0.149668
0 0 1 0.459131 0.119315 0.328792 0.0149997 0.0381682
0 0 1 0.542711 0.119044 0.310304 0.0282769 0.25571
0 0 0 0.70602 0.0796492 0.308639 0.0267325 0.216059
0 0 0 0.713037 0.0753299 0.372143 0.0125858 0.0225473
0 0 1 0.430989 0.136523 0.333463 0.0183128 0.0694568
0 0 0 0.644229 0.153491 0.313914 0.0184551 0.0710884
0 0 1 0.693075 0.193367 0.297108 0.0154054 0.0413498
0 0 1 0.702453 0.163513 0.317031 0.0214705 0.111939
0 0 1 0.412991 0.227871 0.329248 0.0231313 0.139976
0 0 1 0.673614 0.199039 0.27298 0.0144327 0.034001
0 0 1 0.63611 0.000293637 0.333291 0.0189539 0.0770106
0 0 1 0.416239 0.202292 0.353845 0.0125035 0.0221081
0 0 0 0.611931 0.233631 0.316707 0.0246671 0.169749
0 0 0 0.637074 0.221435 0.289741 0.0125554 0.0223842
0 0 1 0.412522 0.00859435 0.334339 0.0244135 0.164566
0 0 1 0.640676 0.078011 0.318385 0.0294308 0.288309
0 0 1 0.6609 0.0428171 0.340565 0.016832 0.0539339
0 0 0 0.538191 0.0389872 0.336931 0.015494 0.0420669
0 0 1 0.60016 0.122103 0.317608 0.0260113 0.199039
0 0 1 0.705121 0.148786 0.365651 0.0228949 0.135727
0 0 1 0.564838 0.0830119 0.304533 0.0144146 0.0338735
0 0 0 0.390659 0.0388621 0.322904 0.0146378 0.0354716
0 0 0 0.611921 0.0367057 0.35151 0.0276427 0.238888
0 0 0 0.643173 0.0306159 0.312707 0.0183712 0.0701236
0 0 1 0.528276 0.224716 0.374954 0.0217535 0.116424
0 0 1 0.515713 0.154623 0.299512 0.0164743 0.0505673
0 0 0 0.570824 0.104447 0.338347 0.0140314 0.0312431
0 0 0 0.493588 0.199415 0.349921 0.027952 0.246996
0 0 1 0.449828 0.0414253 0.343346 0.0256986 0.191947
0 0 1 0.446215 0.1972 0.341973 0.0201374 0.0923561
0 0 0 0.456735 0.00792167 0.321679 0.0147969 0.036641
0 0 0 0.476502 0.130313 0.349167 0.0139491 0.0306965
0 0 0 0.733586 0.177375 0.283585 0.0262868 0.205432
0 0 1 0.716859 0.216435 0.351634 0.0133438 0.0268717
0 0 1 0.499087 0.0185112 0.339991 0.0287578 0.268981
0 0 0 0.72781 0.142092 0.337563 0.0138295 0.0299136
0 0 1 0.6509 0.0180448 0.360487 0.0164968 0.050775
0 0 1 0.740648 0.182366 0.343936 0.02892 0.273557
0 0 0 0.735361 0.0448676 0.31149 0.0188638 0.0759174
0 0 0 0.721711 0.0563193 0.346541 0.0204638 0.0969193
0 0 1 0.435208 0.0933713 0.356433 0.0298348 0.300347
0 0 1 0.733909 0.158143 0.202762 0.0164965 0.0507726
0 0 1 0.467203 0.243113 0.281702 0.0227858 0.133796
0 0 0 0.474707 0.0741874 0.345228 0.0154834 0.0419812
0 0 0 0.749642 0.0567291 0.266325 0.0299862 0.30494
0 0 1 0.744516 0.231072 0.339772 0.0201286 0.0922342
0 0 1 0.403325 0.0497258 0.357257 0.0235632 0.147964
0 0 0 0.556903 0.205461 0.3823 0.0131576 0.0257624
0 0 1 0.610528 0.0902263 0.365291 0.0276515 0.239115
0 0 0 0.543242 0.111845 0.359668 0.0216143 0.114203
0 0 0 0.393703 0.134701 0.363194 0.0291286 0.279518
0 0 0 0.546578 0.249392 0.392467 0.0136129 0.02853
0 0 1 0.580794 0.126111 0.36532 0.0189543 0.0770146
0 0 0 0.497924 0.101414 0.364457 0.0251407 0.179716
0 0 1 0.626963 0.145297 0.36095 0.0299898 0.305051
0 0 1 0.575567 0.0850998 0.389239 0.0150341 0.0384314
0 0 0 0.690108 0.031432 0.369655 0.025937 0.197339
0 0 0 0.434004 0.0485289 0.379336 0.0142529 0.0327462
0 0 1 0.723531 0.0509474 0.380617 0.0140814 0.0315787
0 0 1 0.650222 0.0546343 0.374406 0.0204538 0.0967773
0 0 1 0.495407 0.246101 0.341598 0.0195076 0.0839585
0 0 1 0.547064 0.0231575 0.38054 0.0284269 0.259802
0 0 1 0.665259 0.230141 0.28409 0.0174841 0.0604478
0 0 0 0.660638 0.0045872 0.21718 0.0129258 0.0244245
0 0 1 0.491582 0.13621 0.378331 0.012854 0.0240199
0 0 0 0.662527 0.00140027 0.396836 0.013474 0.0276656
0 0 0 0.73316 0.231346 0.385065 0.026574 0.212238
0 0 1 0.603451 0.213237 0.39422 0.0183894 0.0703319
0 0 1 0.547824 0.147976 0.377703 0.0190303 0.0779447
0 0 0 0.505938 0.171522 0.390843 0.0230904 0.139235
0 0 0 0.464611 0.0239515 0.388388 0.0174267 0.0598543
0 0 0 0.671275 0.11717 0.380331 0.025695 0.191865
0 0 1 0.494591 0.235735 0.390556 0.0169698 0.0552693
0 0 1 0.589463 0.246616 0.365432 0.0147249 0.0361087
0 0 0 0.37813 0.193749 0.372684 0.0299234 0.30303
0 0 1 0.378278 0.213122 0.324037 0.014168 0.0321647
0 0 1 0.37726 0.235516 0.345475 0.0168503 0.0541093
0 0 1 0.464365 0.119219 0.381503 0.0165018 0.0508212
0 0 1 0.602181 0.122376 0.388893 0.0130969 0.0254075
0 0 0 0.624125 0.176713 0.39084 0.0134665 0.0276198
0 0 0 0.412626 0.0704232 0.394114 0.0197291 0.0868515
0 0 0 0.468282 0.205377 0.394159 0.0233638 0.14424
0 0 0 0.470242 0.0678162 0.393269 0.027067 0.224271
0 0 1 0.71876 0.183551 0.394343 0.0242094 0.160475
0 0 1 0.425413 0.184242 0.398085 0.0245952 0.168269
0 0 0 0.394361 0.0362027 0.396772 0.0191535 0.0794689
0 0 1 0.534887 0.0821303 0.395921 0.0260052 0.198899
0 0 0 0.633202 0.113722 0.38895 0.0126707 0.0230065
0 0 0 0.666682 0.169449 0.398749 0.0299282 0.303176
0 0 0 0.616813 0.14609 0.201635 0.0190598 0.0783085
0 0 0 0.548961 0.000258486 0.330202 0.0252659 0.182414
0 0 0 0.685502 0.192233 0.465824 0.0155538 0.042556
0 0 1 0.408209 0.00774954 0.404144 0.0133396 0.0268463
0 0 0 0.512923 0.150685 0.475357 0.0232076 0.141366
0 0 0 0.505424 0.131289 0.427483 0.0170423 0.0559802
0 0 0 0.707225 0.0834479 0.498929 0.021807 0.117284
0 0 0 0.678594 0.125787 0.484519 0.0190651 0.078373
0 0 0 0.577717 0.191726 0.465286 0.0246532 0.169462
0 0 0 0.38857 0.0330738 0.447993 0.021012 0.104919
0 0 1 0.44831 0.106521 0.460221 0.0218113 0.117353
0 0 0 0.551697 0.196563 0.428914 0.01606 0.0468477
0 0 0 0.68915 0.0724849 0.40572 0.0287225 0.26799
0 0 0 0.674336 0.0275108 0.411008 0.0184956 0.0715584
0 0 0 0.603255 0.107055 0.468665 0.0274375 0.233606
0 0 1 0.598406 0.245078 0.406778 0.016209 0.048164
0 0 1 0.648956 0.123407 0.461398 0.0185998 0.0727742
0 0 1 0.738375 0.0682477 0.415686 0.0216807 0.115259
0 0 1 0.684223 0.143736 0.453138 0.017522 0.0608422
0 0 0 0.636939 0.018776 0.456134 0.0277615 0.24198
0 0 0 0.598721 0.0493813 0.472888 0.0239892 0.156134
0 0 1 0.404318 0.236705 0.451356 0.0153743 0.0410997
0 0 0 0.713181 0.037623 0.482118 0.0273671 0.231813
0 0 1 0.410876 0.0757116 0.457219 0.0239306 0.154994
0 0 0 0.396135 0.106642 0.405454 0.0216568 0.114877
0 0 1 0.527695 0.0177035 0.428593 0.0236708 0.149999
0 0 0 0.545272 0.0482769 0.414888 0.0141656 0.0321483
0 0 0 0.496869 0.101231 0.409941 0.0187971 0.0751144
0 0 1 0.635971 0.0635107 0.431173 0.0234769 0.146345
0 0 1 0.462907 0.000169716 0.420102 0.0190275 0.0779112
0 0 0 0.566691 0.119331 0.404967 0.0236703 0.14999
0 0 0 0.61334 0.10372 0.418615 0.0237288 0.151106
0 0 1 0.701893 0.175086 0.436608 0.0220808 0.121758
0 0 1 0.388246 0.0516074 0.480835 0.0167002 0.0526762
0 0 1 0.631283 0.0238918 0.402796 0.0254826 0.187147
0 0 0 0.447121 0.246521 0.461931 0.0204734 0.0970565
0 0 0 0.723444 0.138057 0.416471 0.0251445 0.179797
0 0 0 0.382397 0.210872 0.426456 0.0266736 0.214633
0 0 0 0.463329 0.00924968 0.456362 0.0183557 0.0699468
0 0 1 0.586458 0.0193655 0.431987 0.0282047 0.253757
0 0 1 0.423652 0.0185598 0.480791 0.0291604 0.280436
0 0 0 0.72192 0.204036 0.467117 0.0227513 0.133189
0 0 1 0.585112 0.203694 0.424621 0.0183786 0.0702085
0 0 0 0.67847 0.0452749 0.447487 0.0222596 0.12474
0 0 1 0.53152 0.188882 0.460154 0.0219156 0.119045
0 0 1 0.461738 0.170327 0.413936 0.0174102 0.0596851
0 0 1 0.433769 0.0388287 0.425713 0.0297083 0.296541
0 0 0 0.572846 0.0745253 0.434528 0.0286733 0.266617
0 0 0 0.430255 0.16575 0.442442 0.0237083 0.150714
0 0 0 0.387942 0.068313 0.422743 0.0181332 0.067434
0 0 0 0.433725 0.0927579 0.421732 0.0215906 0.113827
0 0 1 0.484089 0.0321955 0.419649 0.0193742 0.0822475
0 0 1 0.541527 0.157993 0.419933 0.0248276 0.173083
0 0 1 0.469515 0.130428 0.48169 0.0166877 0.0525581
0 0 0 0.51547 0.210141 0.416889 0.0244573 0.165454
0 0 1 0.482488 0.24627 0.431058 0.0264758 0.209893
0 0 1 0.539749 0.116272 0.450578 0.026972 0.221919
0 0 0 0.613437 0.145851 0.408625 0.0195722 0.0847946
0 0 0 0.383956 0.155081 0.417826 0.029805 0.299446
0 0 1 0.661389 0.242159 0.413489 0.0201756 0.0928825
0 0 1 0.558816 0.242376 0.432783 0.0291025 0.278768
0 0 0 0.725027 0.244033 0.44664 0.0222905 0.12526
0 0 0 0.697496 0.217742 0.42167 0.0232379 0.14192
0 0 1 0.424198 0.205901 0.47396 0.0276966 0.240287
0 0 1 0.713722 0.0595362 0.44288 0.0160458 0.0467238
0 0 0 0.65554 0.0782751 0.474044 0.0259084 0.196686
0 0 1 0.431924 0.231627 0.418866 0.0275625 0.236814
0 0 1 0.505441 0.019634 0.477074 0.0297097 0.296584
0 0 1 0.519026 0.0896694 0.483672 0.0202761 0.094277
0 0 1 0.731313 0.101617 0.409591 0.0127657 0.0235281
0 0 1 0.470438 0.0858254 0.434445 0.0178767 0.0646124
0 0 1 0.49655 0.213868 0.463017 0.0211589 0.107135
0 0 1 0.65925 0.200869 0.439873 0.0223578 0.126399
0 0 0 0.584005 0.145834 0.44081 0.0240433 0.157194
0 0 0 0.511342 0.0656217 0.442079 0.0283798 0.258513
0 0 0 0.650698 0.15798 0.444534 0.019907 0.089221
0 0 1 0.704778 0.102365 0.452179 0.0286856 0.26696
0 0 1 0.633711 0.136023 0.500726 0.0254275 0.185936
0 0 0 0.491903 0.109539 0.458149 0.021936 0.119378
0 0 1 0.660095 0.0992735 0.433768 0.0197419 0.0870205
0 0 1 0.646506 0.128834 0.414486 0.0180803 0.0668446
0 0 1 0.464293 0.114642 0.4144 0.0167165 0.0528311
0 0 0 0.564776 0.146482 0.489413 0.0282308 0.254461
0 0 0 0.63975 0.210378 0.404225 0.0193732 0.0822351
0 0 1 0.464802 0.201619 0.438188 0.020965 0.104217
0 0 1 0.619889 0.182438 0.428508 0.0225689 0.130013
0 0 0 0.472289 0.0438433 0.452663 0.0175709 0.0613527
0 0 0 0.724492 0.151627 0.477238 0.029996 0.305242
0 0 0 0.713501 0.0362108 0.403618 0.0150184 0.0383113
0 0 0 0.551056 0.038165 0.461463 0.0215504 0.113193
0 0 0 0.481333 0.142828 0.405905 0.0172985 0.0585435
0 0 1 0.410057 0.120249 0.445089 0.0215568 0.113293
0 0 1 0.387668 0.09564 0.436987 0.0126857 0.0230886
0 0 0 0.498369 0.170392 0.436241 0.0229478 0.136672
0 0 1 0.468657 0.173155 0.475896 0.0264384 0.209005
0 0 0 0.42416 0.141419 0.489916 0.0299862 0.304942
0 0 1 0.618395 0.232851 0.446549 0.0299564 0.304035
0 0 0 0.393958 0.248673 0.49112 0.0274254 0.233299
0 0 1 0.74135 0.207538 0.426859 0.0220881 0.121878
0 0 0 0.466924 0.140306 0.441812 0.0209312 0.103713
0 0 0 0.622848 0.135112 0.441487 0.016259 0.0486108
0 0 0 0.727114 0.024441 0.436584 0.022044 0.12115
0 0 0 0.681676 0.129881 0.420386 0.0175973 0.0616301
0 0 0 0.451524 0.0654969 0.483564 0.0254999 0.18753
0 0 1 0.630323 0.185495 0.479033 0.0286986 0.267322
0 0 1 0.679624 0.238251 0.464596 0.0268762 0.21956
0 0 1 0.615137 0.0706659 0.401333 0.0136151 0.0285439
0 0 1 0.491831 0.0039389 0.437536 0.0149552 0.0378297
0 0 0 0.512931 0.0452715 0.40129 0.0172331 0.0578821
0 0 1 0.376501 0.173789 0.473927 0.029804 0.299417
0 0 0 0.431895 0.133513 0.400164 0.0233888 0.144703
0 0 0 0.375436 0.00167523 0.419514 0.0233671 0.144301
0 0 1 0.56327 0.459971 0.137312 0.0283712 0.258276
0 0 0 0.447588 0.470709 0.0831182 0.0128264 0.023865
0 0 1 0.499354 0.481228 0.0555202 0.0262689 0.205011
0 0 0 0.457104 0.315246 0.0230011 0.0167756 0.0533932
0 0 1 0.40306 0.287152 0.0217082 0.0217232 0.115938
0 0 1 0.417633 0.334079 0.0271135 0.0271695 0.22683
0 0 0 0.50466 0.28466 0.0210915 0.0210967 0.106193
0 0 1 0.551621 0.287034 0.0259893 0.0260063 0.198923
0 0 1 0.588409 0.262248 0.0189244 0.0189259 0.0766694
0 0 1 0.702855 0.373193 0.184495 0.0276071 0.237966
0 0 0 0.63605 0.484252 0.182009 0.0205054 0.0975117
0 0 1 0.4898 0.319226 0.0167259 0.0167845 0.0534783
0 0 0 0.542498 0.43357 0.0130774 0.0130875 0.0253527
0 0 1 0.530291 0.373183 0.0128055 0.012806 0.0237518
0 0 0 0.595016 0.296632 0.0141471 0.0141476 0.032026
0 0 1 0.585472 0.334187 0.0264754 0.0265154 0.210837
0 0 0 0.638854 0.339129 0.0224419 0.0224539 0.128034
0 0 1 0.623919 0.26809 0.0170944 0.0171266 0.0568153
0 0 1 0.687972 0.273836 0.0141536 0.0141893 0.03231
0 0 1 0.70272 0.306587 0.0227268 0.0227395 0.132983
0 0 1 0.39329 0.47555 0.0183098 0.0183147 0.0694783
0 0 1 0.442183 0.371357 0.0183039 0.018333 0.0696876
0 0 0 0.533981 0.396396 0.0272893 0.0148024 0.0366816
0 0 1 0.613416 0.402914 0.0225981 0.0226178 0.130859
0 0 1 0.679499 0.346373 0.0189758 0.0189781 0.077306
0 0 1 0.5038 0.428286 0.0291053 0.0291437 0.279955
0 0 1 0.696609 0.459926 0.152018 0.0220322 0.120956
0 0 0 0.621746 0.436012 0.012605 0.0126052 0.0226519
0 0 0 0.707131 0.433226 0.0159376 0.0159391 0.0457978
0 0 0 0.54368 0.452164 0.0974322 0.0167882 0.0535135
0 0 1 0.745382 0.494715 0.149042 0.0160528 0.0467844
0 0 1 0.448023 0.305427 0.053204 0.016264 0.0486562
0 0 1 0.691017 0.484608 0.013397 0.0134117 0.0272839
0 0 0 0.597559 0.380599 0.184518 0.0246485 0.169365
0 0 1 0.673419 0.331021 0.187404 0.0239485 0.155341
0 0 1 0.489417 0.309093 0.0577806 0.0255489 0.188611
0 0 1 0.746043 0.379108 0.0770659 0.0290697 0.277828
0 0 1 0.617948 0.256139 0.0520383 0.0203103 0.0947547
0 0 0 0.691331 0.268583 0.0555653 0.0277231 0.240977
0 0 1 0.401954 0.382902 0.0236479 0.023664 0.14987
0 0 1 0.470924 0.348712 0.0182614 0.0182657 0.0689221
0 0 0 0.529436 0.335662 0.0274265 0.0274725 0.234501
0 0 1 0.531357 0.25291 0.0965971 0.0162538 0.0485639
0 0 1 0.593693 0.292008 0.0510173 0.0230042 0.137681
0 0 0 0.620844 0.306108 0.0133608 0.0133611 0.0269761
0 0 0 0.656146 0.294578 0.0253931 0.0254319 0.186032
0 0 1 0.4325 0.375069 0.0538441 0.018717 0.074159
0 0 1 0.497806 0.378906 0.021197 0.0212299 0.108217
0 0 0 0.586175 0.341034 0.0649502 0.0125703 0.0224641
0 0 1 0.596358 0.373077 0.0412093 0.0164895 0.0507076
0 0 0 0.658819 0.418955 0.0256488 0.0256533 0.190933
0 0 1 0.659603 0.374963 0.0151655 0.0151669 0.0394583
0 0 1 0.419849 0.427122 0.0240225 0.0240488 0.157301
0 0 1 0.569681 0.392512 0.0215606 0.0215624 0.113382
0 0 1 0.580167 0.440722 0.0278831 0.0280271 0.248992
0 0 0 0.700809 0.395991 0.0222496 0.0223556 0.12636
0 0 0 0.385547 0.268891 0.0996381 0.0165721 0.0514735
0 0 0 0.461021 0.268557 0.0315216 0.0258866 0.196191
0 0 1 0.436834 0.294414 0.0137342 0.013746 0.0293752
0 0 0 0.481583 0.265635 0.0742167 0.0215965 0.11392
0 0 1 0.673939 0.283009 0.104107 0.0258364 0.195051
0 0 0 0.455848 0.342322 0.0562235 0.0215806 0.113668
0 0 1 0.55543 0.315373 0.0682437 0.0250246 0.177237
0 0 1 0.63669 0.292677 0.0714639 0.0246297 0.168979
0 0 0 0.677855 0.327594 0.0640417 0.0298728 0.301494
0 0 1 0.492141 0.350703 0.0463197 0.0169726 0.055296
0 0 0 0.472908 0.385626 0.0573817 0.0232166 0.14153
0 0 0 0.559619 0.365363 0.0571118 0.0242881 0.162044
0 0 0 0.618678 0.333297 0.0606138 0.0211209 0.106559
0 0 0 0.588938 0.402148 0.0504659 0.0144821 0.0343516
0 0 0 0.623811 0.438484 0.0456865 0.0191772 0.0797642
0 0 1 0.640729 0.376659 0.0488415 0.0234762 0.146331
0 0 0 0.687929 0.385829 0.0716058 0.0297313 0.297231
0 0 0 0.600918 0.469245 0.167068 0.0205445 0.0980709
0 0 0 0.546404 0.416517 0.0678449 0.0296504 0.29481
0 0 0 0.719453 0.482036 0.186214 0.0247064 0.170561
0 0 0 0.394689 0.359855 0.0638864 0.0232889 0.142857
0 0 1 0.524423 0.276094 0.0654747 0.0231812 0.140884
0 0 1 0.560621 0.278953 0.0991384 0.0230256 0.138065
0 0 1 0.595399 0.256881 0.133605 0.0274129 0.232979
0 0 0 0.63657 0.266521 0.101342 0.0151075 0.0389967
0 0 1 0.717129 0.280406 0.0896907 0.0166804 0.0524897
0 0 0 0.410615 0.406129 0.0617426 0.0201046 0.0919052
0 0 0 0.490002 0.351034 0.0915778 0.0283509 0.257723
0 0 0 0.457054 0.302099 0.0973615 0.026062 0.200206
0 0 0 0.518566 0.312503 0.0893298 0.0175485 0.061118
0 0 1 0.532876 0.350951 0.0827011 0.0154334 0.0415756
0 0 1 0.643793 0.351528 0.075538 0.0133159 0.0267033
0 0 0 0.6021 0.27104 0.0859329 0.0185831 0.0725781
0 0 1 0.648488 0.325993 0.107352 0.0224875 0.12861
0 0 0 0.383171 0.416841 0.0844483 0.0171048 0.0565985
0 0 1 0.443843 0.38534 0.089551 0.0201457 0.0924701
0 0 0 0.51906 0.391558 0.0901334 0.0135634 0.0282203
0 0 1 0.516099 0.377104 0.0590382 0.0208555 0.102592
0 0 0 0.517502 0.334042 0.0659575 0.0128973 0.0242631
0 0 1 0.60368 0.374029 0.0865356 0.0294477 0.288806
0 0 1 0.65153 0.370125 0.104556 0.0218525 0.11802
0 0 0 0.662669 0.426364 0.12691 0.0158176 0.0447584
0 0 0 0.533222 0.482542 0.0794898 0.0152471 0.0400876
0 0 0 0.595585 0.4287 0.0721769 0.0204546 0.0967895
0 0 0 0.642546 0.420559 0.0867943 0.0294379 0.288517
0 0 1 0.717524 0.459051 0.0706903 0.0207825 0.101518
0 0 0 0.473017 0.485545 0.090137 0.017447 0.0600638
0 0 0 0.647418 0.495983 0.0967292 0.0209764 0.104386
0 0 1 0.419538 0.27264 0.0683908 0.0297634 0.298195
0 0 0 0.453236 0.252187 0.109161 0.0253772 0.184835
0 0 1 0.495145 0.292321 0.0926313 0.0135516 0.0281465
0 0 1 0.49934 0.264542 0.115713 0.0228139 0.134291
0 0 1 0.527208 0.292516 0.115727 0.0166723 0.0524126
0 0 0 0.637001 0.494787 0.0571935 0.0199532 0.0898435
0 0 0 0.685056 0.321199 0.111823 0.0146875 0.0358342
0 0 1 0.704757 0.269066 0.129924 0.015906 0.0455131
0 0 0 0.73886 0.439675 0.0163996 0.0164448 0.0502967
0 0 0 0.422211 0.323015 0.0737203 0.0209715 0.104313
0 0 0 0.483802 0.403359 0.101068 0.0251927 0.180833
0 0 1 0.56711 0.34614 0.0896367 0.0142329 0.0326084
0 0 0 0.596986 0.317054 0.104106 0.0299123 0.302692
0 0 0 0.718623 0.305238 0.121511 0.0237439 0.151393
0 0 0 0.402848 0.385913 0.100296 0.0222463 0.124516
0 0 1 0.502619 0.430792 0.075147 0.0169902 0.0554691
0 0 1 0.552981 0.377593 0.101514 0.0222472 0.124532
0 0 0 0.622682 0.397353 0.137205 0.0295272 0.291151
0 0 1 0.711044 0.347618 0.101222 0.0238686 0.153792
0 0 0 0.721783 0.472955 0.0292704 0.0231281 0.139918
0 0 0 0.465008 0.444212 0.0629456 0.0247736 0.171957
0 0 1 0.622339 0.428778 0.186966 0.0293814 0.286859
0 0 0 0.57834 0.4158 0.111898 0.0247773 0.172033
0 0 0 0.658251 0.493756 0.0215547 0.0215857 0.11375
0 0 0 0.579456 0.491104 0.0224669 0.0224682 0.12828
0 0 0 0.633713 0.290027 0.131516 0.0233001 0.143063
0 0 0 0.682067 0.293872 0.152885 0.0248086 0.172686
0 0 1 0.390853 0.345362 0.104778 0.0202849 0.0944004
0 0 1 0.385913 0.3708 0.139181 0.022794 0.133941
0 0 1 0.38175 0.305347 0.10704 0.020827 0.102172
0 0 1 0.414552 0.328985 0.142619 0.0272964 0.23002
0 0 0 0.416032 0.281438 0.123342 0.0240389 0.157108
0 0 0 0.548993 0.25855 0.134016 0.0190394 0.0780575
0 0 1 0.536725 0.335807 0.123705 0.027789 0.242701
0 0 1 0.439226 0.42216 0.0873992 0.0170571 0.056127
0 0 0 0.448123 0.409684 0.113321 0.0130619 0.0252042
0 0 1 0.44381 0.412335 0.052451 0.0149216 0.0375749
0 0 0 0.455932 0.451262 0.120053 0.0297796 0.298683
0 0 1 0.50469 0.461874 0.101176 0.0236139 0.148921
0 0 0 0.56895 0.402688 0.155473 0.0217262 0.115985
0 0 0 0.719925 0.386248 0.133798 0.0274688 0.234409
0 0 1 0.39898 0.429715 0.160899 0.0237038 0.150629
0 0 1 0.408807 0.428906 0.112713 0.022926 0.136282
0 0 1 0.625968 0.467758 0.0198945 0.0199009 0.0891398
0 0 0 0.687348 0.432118 0.0570881 0.0187871 0.0749948
0 0 1 0.722001 0.323642 0.16934 0.0276596 0.239326
0 0 0 0.387321 0.471939 0.131867 0.0288631 0.271944
0 0 1 0.578915 0.435989 0.172458 0.0169704 0.0552747
0 0 0 0.459604 0.442302 0.015438 0.0154426 0.0416496
0 0 1 0.649142 0.258666 0.144275 0.0139193 0.0305003
0 0 1 0.646921 0.274563 0.175581 0.0212749 0.108906
0 0 1 0.745231 0.379323 0.184644 0.0152132 0.0398213
0 0 0 0.440338 0.346369 0.104614 0.0218192 0.117482
0 0 1 0.678722 0.350964 0.140603 0.0272028 0.227664
0 0 1 0.43678 0.380847 0.141968 0.0291485 0.280092
0 0 1 0.524923 0.435119 0.174736 0.0276182 0.238252
0 0 1 0.528066 0.420148 0.122522 0.026805 0.217822
0 0 1 0.582391 0.358953 0.140998 0.0262714 0.20507
0 0 0 0.677953 0.397567 0.117016 0.0182525 0.0687735
0 0 1 0.6961 0.425026 0.132332 0.0180782 0.0668213
0 0 0 0.430548 0.423306 0.141745 0.0137874 0.0296416
0 0 1 0.733137 0.480079 0.0959368 0.015604 0.0429697
0 0 0 0.435718 0.473162 0.0246286 0.0246568 0.169536
0 0 0 0.735362 0.447125 0.173476 0.0155454 0.0424874
0 0 0 0.493014 0.308402 0.132368 0.0245449 0.167238
0 0 1 0.553083 0.475357 0.184706 0.0224989 0.128806
0 0 1 0.622469 0.351886 0.124265 0.0177456 0.0632011
0 0 0 0.611192 0.283728 0.158905 0.0127154 0.0232509
0 0 0 0.376222 0.311155 0.0576724 0.0291911 0.281322
0 0 0 0.4438 0.498775 0.0628288 0.0220496 0.121242
0 0 1 0.711122 0.420499 0.167983 0.0208761 0.102897
0 0 1 0.3903 0.392 0.172043 0.0165717 0.0514696
0 0 0 0.469576 0.270434 0.152481 0.0243993 0.164279
0 0 0 0.541571 0.383622 0.135711 0.0143138 0.0331679
0 0 1 0.489028 0.358811 0.147133 0.0278105 0.243266
0 0 0 0.56272 0.297975 0.15443 0.0274483 0.233883
0 0 0 0.60711 0.316604 0.154372 0.0207228 0.100646
0 0 0 0.645507 0.311991 0.163629 0.0173989 0.0595685
0 0 1 0.481431 0.412506 0.151859 0.0264854 0.210121
0 0 0 0.533811 0.374532 0.176107 0.0278243 0.243628
0 0 0 0.605843 0.435503 0.128754 0.0130217 0.0249722
0 0 0 0.718412 0.421968 0.0969233 0.0239007 0.154413
0 0 0 0.671228 0.403429 0.157908 0.0236259 0.149148
0 0 1 0.666983 0.496313 0.134424 0.0215196 0.112709
0 0 0 0.537516 0.470666 0.0242127 0.0242228 0.160741
0 0 1 0.658571 0.459807 0.0498052 0.0218109 0.117347
0 0 1 0.413245 0.453886 0.0683623 0.0281833 0.253179
0 0 0 0.406743 0.283607 0.176319 0.0297938 0.29911
0 0 0 0.389364 0.347663 0.173726 0.0168861 0.0544549
0 0 0 0.51766 0.275529 0.156143 0.0229338 0.13642
0 0 0 0.417621 0.358445 0.172617 0.0133798 0.0270897
0 0 0 0.456553 0.326222 0.132258 0.0160649 0.0468909
0 0 0 0.517032 0.377022 0.116689 0.0167778 0.0534147
0 0 1 0.633106 0.35219 0.165365 0.0247278 0.171006
0 0 1 0.445651 0.432918 0.167475 0.0175708 0.0613522
0 0 0 0.668789 0.441134 0.170028 0.0160765 0.0469924
0 0 1 0.408041 0.493831 0.047933 0.0170146 0.0557076
0 0 0 0.477955 0.470328 0.0181525 0.0181757 0.0679089
0 0 1 0.621536 0.301216 0.185627 0.0168968 0.054559
0 0 0 0.461367 0.318068 0.177238 0.0299203 0.302936
0 0 1 0.518531 0.322064 0.174832 0.0268732 0.219487
0 0 1 0.587317 0.305053 0.192486 0.0182464 0.0687042
0 0 0 0.566692 0.46749 0.0690047 0.0229226 0.13622
0 0 0 0.513574 0.391038 0.145046 0.0127657 0.023528
0 0 0 0.519849 0.496324 0.150324 0.0297466 0.297691
0 0 1 0.425644 0.490489 0.102839 0.0226984 0.132263
0 0 0 0.712721 0.268109 0.183814 0.0257973 0.194166
0 0 1 0.738979 0.391265 0.0138455 0.0138458 0.0300198
0 0 0 0.681472 0.459572 0.104016 0.0283329 0.257233
0 0 0 0.611762 0.266651 0.178538 0.0133117 0.0266782
0 0 0 0.60727 0.466854 0.101078 0.0288214 0.270768
0 0 0 0.425705 0.464856 0.162012 0.0204613 0.0968845
0 0 1 0.500142 0.450581 0.140401 0.0174616 0.0602145
0 0 1 0.459582 0.406398 0.0208627 0.0208816 0.102978
0 0 1 0.640702 0.457804 0.143541 0.0259886 0.198519
0 0 0 0.744859 0.284185 0.155361 0.0200414 0.0910409
0 0 0 0.681544 0.455181 0.0178309 0.0178332 0.0641412
0 0 1 0.747606 0.484819 0.064524 0.0193094 0.0814256
0 0 0 0.645547 0.464307 0.0825978 0.0137599 0.0294642
0 0 0 0.668566 0.475162 0.170891 0.0150894 0.0388572
0 0 1 0.741936 0.454388 0.130599 0.0284372 0.260084
0 0 1 0.605627 0.471559 0.0532009 0.0193147 0.0814924
0 0 0 0.473279 0.469396 0.172585 0.0284911 0.261564
0 0 1 0.727844 0.420828 0.0501824 0.023821 0.152874
0 0 1 0.73136 0.255422 0.0134685 0.0134696 0.0276387
0 0 1 0.711321 0.484698 0.123402 0.0152335 0.0399812
0 0 1 0.569459 0.340295 0.183831 0.0222111 0.123925
0 0 1 0.744481 0.261486 0.0624084 0.0263529 0.206985
0 0 0 0.727417 0.353279 0.0283293 0.0283668 0.258156
0 0 0 0.737346 0.315364 0.0694619 0.0284971 0.26173
0 0 1 0.463985 0.414768 0.187988 0.0136997 0.0290796
0 0 1 0.689495 0.496027 0.163616 0.0153642 0.0410191
0 0 0 0.376901 0.419946 0.0181629 0.0181678 0.0678203
0 0 1 0.434059 0.494646 0.19177 0.0219813 0.120119
0 0 0 0.460733 0.369064 0.186733 0.0219577 0.119733
0 0 1 0.743165 0.287696 0.021907 0.0219178 0.119081
0 0 1 0.416554 0.331072 0.187733 0.0179116 0.0649909
0 0 0 0.629928 0.492514 0.126827 0.0140179 0.0311529
0 0 1 0.480321 0.492217 0.12 0.0140118 0.0311123
0 0 1 0.426561 0.402237 0.191689 0.02594 0.197408
0 0 0 0.377849 0.324841 0.0153333 0.0153398 0.0408237
0 0 1 0.683036 0.41923 0.193597 0.0171626 0.0571741
0 0 1 0.581077 0.263945 0.192593 0.0205482 0.0981238
0 0 0 0.682368 0.498436 0.195703 0.0169455 0.0550324
0 0 1 0.405243 0.438225 0.199694 0.0165061 0.0508615
0 0 0 0.384451 0.484764 0.187962 0.0287684 0.269278
0 0 1 0.496855 0.355696 0.190065 0.0159408 0.0458126
0 0 0 0.493773 0.396645 0.196056 0.0220897 0.121905
0 0 1 0.676396 0.289715 0.198218 0.0188674 0.0759603
0 0 0 0.703626 0.446136 0.191823 0.0149265 0.037612
0 0 1 0.375319 0.317579 0.177085 0.01649 0.0507129
0 0 1 0.56243 0.410378 0.199979 0.02393 0.154982
0 0 0 0.611264 0.468525 0.199884 0.0138857 0.0302801
0 0 1 0.687138 0.451197 0.287508 0.0181571 0.0677008
0 0 1 0.50061 0.41866 0.306441 0.0251224 0.179323
0 0 1 0.707247 0.472245 0.267301 0.0172813 0.0583687
0 0 1 0.464539 0.338833 0.359564 0.0201575 0.0926319
0 0 1 0.607078 0.405294 0.30996 0.0154144 0.041422
0 0 1 0.749156 0.260819 0.358797 0.0154862 0.0420036
0 0 1 0.604261 0.33725 0.348438 0.0186022 0.072802
0 0 0 0.714894 0.37538 0.3185 0.0177273 0.0630057
0 0 1 0.745421 0.302312 0.370685 0.016965 0.0552218
0 0 1 0.702458 0.49249 0.231267 0.0243417 0.163119
0 0 1 0.664918 0.479947 0.262403 0.0260229 0.199306
0 0 0 0.396975 0.368897 0.20148 0.0188878 0.0762073
0 0 0 0.389682 0.409943 0.351875 0.013756 0.0294395
0 0 1 0.709885 0.279436 0.304539 0.0217961 0.117109
0 0 1 0.385499 0.397064 0.378302 0.0159385 0.0457925
0 0 1 0.551761 0.258054 0.352859 0.0246353 0.169092
0 0 0 0.745287 0.444033 0.232024 0.0185994 0.0727698
0 0 0 0.456351 0.250038 0.373155 0.027412 0.232956
0 0 0 0.500334 0.481381 0.242374 0.0149056 0.037454
0 0 1 0.732625 0.410072 0.207566 0.0251591 0.180111
0 0 1 0.394456 0.485397 0.267736 0.0198387 0.0883062
0 0 1 0.65 0.320309 0.329198 0.0228292 0.134563
0 0 1 0.702635 0.445265 0.320249 0.0185713 0.0724402
0 0 1 0.705606 0.328731 0.320554 0.0298861 0.301897
0 0 0 0.41662 0.466307 0.217422 0.0185994 0.0727696
0 0 0 0.554247 0.481475 0.239096 0.0298456 0.300673
0 0 0 0.680152 0.446782 0.35186 0.0202715 0.0942131
0 0 0 0.461307 0.473234 0.227354 0.0277047 0.240498
0 0 1 0.46979 0.291299 0.362967 0.0171639 0.0571878
0 0 1 0.601545 0.405335 0.37191 0.0140994 0.0316996
0 0 0 0.570735 0.305415 0.324656 0.0173717 0.0592901
0 0 1 0.446511 0.418616 0.368562 0.0174136 0.0597194
0 0 1 0.671861 0.350294 0.349239 0.0193898 0.0824463
0 0 0 0.468684 0.443777 0.316428 0.0156455 0.0433131
0 0 1 0.482535 0.321968 0.225315 0.0227672 0.133469
0 0 0 0.426245 0.474488 0.38258 0.0186344 0.0731805
0 0 0 0.557757 0.454252 0.33797 0.0177595 0.0633501
0 0 1 0.637197 0.424896 0.381713 0.0277335 0.241249
0 0 0 0.558326 0.359922 0.306161 0.0153518 0.0409194
0 0 1 0.702577 0.486283 0.303281 0.0216362 0.11455
0 0 1 0.738836 0.266403 0.327859 0.0176026 0.0616858
0 0 1 0.638642 0.255392 0.204628 0.0144998 0.0344774
0 0 0 0.49308 0.315057 0.374272 0.017975 0.0656834
0 0 0 0.679603 0.381413 0.382517 0.0268839 0.21975
0 0 0 0.690554 0.388596 0.340185 0.0174596 0.0601941
0 0 0 0.658651 0.382458 0.341203 0.013114 0.025507
0 0 0 0.625427 0.369725 0.376014 0.0289742 0.275099
0 0 0 0.385596 0.371899 0.398318 0.0150454 0.0385179
0 0 1 0.612925 0.335119 0.205511 0.0233418 0.143831
0 0 1 0.604206 0.459768 0.353657 0.0278918 0.245404
0 0 1 0.511679 0.416307 0.364512 0.0228897 0.135636
0 0 1 0.409809 0.3698 0.371376 0.0212397 0.108367
0 0 0 0.634492 0.472727 0.388943 0.0203978 0.0959843
0 0 0 0.637817 0.461526 0.329108 0.0137677 0.0295148
0 0 0 0.701638 0.410336 0.316463 0.0165942 0.0516796
0 0 1 0.439502 0.443118 0.20091 0.0179257 0.0651453
0 0 0 0.724717 0.498248 0.261166 0.0133917 0.0271616
0 0 0 0.556614 0.34761 0.338177 0.0185865 0.0726179
0 0 1 0.690025 0.397922 0.21843 0.0163071 0.049044
0 0 0 0.599303 0.467092 0.394973 0.0143873 0.0336816
0 0 0 0.437055 0.390982 0.383086 0.0152112 0.0398054
0 0 1 0.726627 0.381958 0.245396 0.022364 0.126503
0 0 0 0.660044 0.459784 0.307808 0.0167833 0.0534667
0 0 0 0.463071 0.476612 0.307429 0.0188608 0.0758806
0 0 0 0.6273 0.365989 0.317571 0.0294608 0.289191
0 0 1 0.512513 0.47329 0.206675 0.0236903 0.150372
0 0 1 0.475228 0.466221 0.269303 0.0170632 0.056187
0 0 1 0.705284 0.304895 0.202659 0.0140671 0.0314822
0 0 1 0.439394 0.298169 0.225233 0.0265082 0.210665
0 0 0 0.670506 0.381978 0.316588 0.0142132 0.0324731
0 0 0 0.606334 0.439844 0.311066 0.0191833 0.0798399
0 0 1 0.610516 0.28282 0.221161 0.0246107 0.168586
0 0 1 0.497871 0.279917 0.202359 0.0275712 0.237038
0 0 0 0.492614 0.45222 0.376842 0.0186835 0.0737611
0 0 0 0.548299 0.292464 0.204335 0.0244602 0.165513
0 0 1 0.645625 0.308456 0.21161 0.0192741 0.0809794
0 0 1 0.682008 0.32392 0.238276 0.0281489 0.252253
0 0 1 0.600976 0.401735 0.230265 0.0258681 0.195771
0 0 1 0.647679 0.380504 0.209277 0.0295624 0.292194
0 0 0 0.571257 0.305638 0.360735 0.0187193 0.0741855
0 0 1 0.695893 0.338098 0.368347 0.0136477 0.0287493
0 0 0 0.58136 0.468923 0.313501 0.0192716 0.0809474
0 0 0 0.659677 0.271418 0.239089 0.0289431 0.274213
0 0 1 0.723195 0.329846 0.215727 0.0191927 0.079958
0 0 1 0.566774 0.257846 0.241372 0.0295174 0.290862
0 0 0 0.613934 0.268161 0.275133 0.0294158 0.287868
0 0 0 0.529858 0.344978 0.225477 0.0298633 0.301206
0 0 0 0.529998 0.44699 0.354636 0.0141882 0.0323025
0 0 1 0.59869 0.306403 0.339089 0.0141149 0.0318044
0 0 1 0.697378 0.25817 0.219729 0.0145039 0.0345069
0 0 1 0.666282 0.458368 0.211702 0.0291122 0.279048
0 0 0 0.540628 0.312465 0.389072 0.0201888 0.0930644
0 0 1 0.392964 0.333506 0.243682 0.0198125 0.0879572
0 0 1 0.420818 0.426597 0.236682 0.0252796 0.18271
0 0 1 0.456573 0.32468 0.25711 0.0183824 0.0702525
0 0 0 0.641946 0.422537 0.235665 0.0204016 0.0960387
0 0 0 0.681867 0.374149 0.248951 0.023241 0.141976
0 0 0 0.483092 0.436085 0.206586 0.0201102 0.0919811
0 0 0 0.527128 0.396808 0.211388 0.0144327 0.0340011
0 0 0 0.472227 0.295816 0.250652 0.0150844 0.038818
0 0 0 0.464969 0.433855 0.254211 0.0201062 0.0919264
0 0 1 0.581204 0.38419 0.307861 0.0180476 0.0664834
0 0 0 0.567579 0.488208 0.342034 0.0178329 0.064138
0 0 0 0.607117 0.411094 0.339019 0.0142185 0.0325098
0 0 1 0.393303 0.263645 0.290197 0.0228476 0.134889
0 0 1 0.732725 0.470348 0.330343 0.0219066 0.118898
0 0 0 0.574836 0.314471 0.242744 0.0271638 0.226686
0 0 0 0.640881 0.327213 0.367518 0.0170579 0.0561345
0 0 1 0.71696 0.279937 0.253235 0.0299987 0.305322
0 0 0 0.676575 0.304162 0.366494 0.0254482 0.18639
0 0 0 0.44696 0.281657 0.263864 0.0161804 0.0479089
0 0 1 0.468989 0.261769 0.243367 0.0198885 0.088973
0 0 0 0.522587 0.293316 0.250039 0.027815 0.243383
0 0 1 0.497474 0.334702 0.274516 0.0264337 0.208895
0 0 0 0.484635 0.36311 0.23914 0.0207212 0.100623
0 0 0 0.61965 0.294133 0.316018 0.0193947 0.0825088
0 0 0 0.545747 0.356343 0.263932 0.0132697 0.0264263
0 0 0 0.650603 0.350443 0.239219 0.0129713 0.0246833
0 0 1 0.628431 0.319545 0.254061 0.0278555 0.244447
0 0 0 0.393169 0.378486 0.253328 0.0260651 0.200277
0 0 0 0.434136 0.353219 0.226952 0.0288228 0.270807
0 0 0 0.454418 0.375939 0.267854 0.0221795 0.123397
0 0 1 0.548982 0.395291 0.24857 0.0287232 0.268009
0 0 0 0.579107 0.360136 0.221899 0.021791 0.117027
0 0 1 0.618119 0.435142 0.277467 0.016751 0.0531586
0 0 1 0.705896 0.358016 0.224098 0.0149203 0.0375653
0 0 1 0.513745 0.421681 0.212315 0.0138274 0.0299001
0 0 1 0.702369 0.430334 0.247859 0.0291864 0.281185
0 0 0 0.594048 0.270741 0.338327 0.0218575 0.118101
0 0 1 0.707173 0.265398 0.356417 0.0249587 0.17584
0 0 1 0.593732 0.31158 0.285377 0.0195617 0.0846591
0 0 1 0.681528 0.259175 0.277051 0.016545 0.0512212
0 0 1 0.508289 0.294595 0.29598 0.020327 0.0949892
0 0 0 0.58509 0.359433 0.270707 0.0267729 0.217039
0 0 0 0.668683 0.300199 0.28692 0.0275974 0.237716
0 0 1 0.397421 0.313486 0.211674 0.0174295 0.059883
0 0 1 0.396072 0.292755 0.24407 0.0210661 0.105731
0 0 0 0.418844 0.311259 0.283084 0.0277649 0.242069
0 0 1 0.502742 0.398608 0.236325 0.0192405 0.0805565
0 0 1 0.497758 0.38348 0.274727 0.0223477 0.126226
0 0 1 0.589573 0.408432 0.27664 0.0223615 0.126461
0 0 0 0.551862 0.395821 0.380641 0.0247662 0.171802
0 0 0 0.46045 0.398856 0.228002 0.0238699 0.153817
0 0 1 0.513939 0.441532 0.256508 0.0295182 0.290887
0 0 1 0.614941 0.359767 0.238012 0.0175026 0.0606397
0 0 0 0.382749 0.416644 0.277001 0.0167622 0.0532657
0 0 1 0.742151 0.257221 0.216837 0.0197627 0.0872949
0 0 1 0.434436 0.434226 0.310496 0.0185698 0.0724222
0 0 1 0.54509 0.44869 0.209365 0.0146909 0.035859
0 0 0 0.429563 0.270765 0.286642 0.0142751 0.0328992
0 0 0 0.481746 0.267645 0.309927 0.0173383 0.058948
0 0 1 0.560253 0.267027 0.299663 0.0296307 0.294224
0 0 0 0.533057 0.433245 0.327616 0.0162851 0.0488452
0 0 1 0.45379 0.457741 0.352374 0.0255571 0.188794
0 0 0 0.478087 0.281238 0.278612 0.016996 0.0555258
0 0 0 0.548151 0.321843 0.289718 0.0273621 0.231687
0 0 1 0.659759 0.349105 0.2803 0.0225829 0.130255
0 0 1 0.730398 0.296101 0.341732 0.016254 0.048566
0 0 0 0.396635 0.345342 0.330245 0.0249991 0.176695
0 0 1 0.418371 0.405148 0.283079 0.0211726 0.107343
0 0 0 0.418326 0.362397 0.291508 0.0224062 0.127221
0 0 0 0.471264 0.309317 0.322323 0.0273214 0.230655
0 0 0 0.637064 0.386375 0.262158 0.0246995 0.170419
0 0 0 0.558958 0.433807 0.22968 0.0140583 0.0314235
0 0 1 0.429869 0.390351 0.246847 0.0130454 0.0251089
0 0 1 0.629145 0.290856 0.356814 0.0226222 0.130935
0 0 1 0.623009 0.481027 0.295794 0.0275804 0.237276
0 0 0 0.45896 0.413018 0.2886 0.020555 0.0982207
0 0 0 0.724918 0.465315 0.24277 0.0127434 0.0234051
0 0 0 0.68945 0.367374 0.297527 0.0162096 0.0481688
0 0 1 0.663597 0.266379 0.367455 0.0145155 0.0345897
0 0 0 0.721905 0.436968 0.290298 0.0180035 0.0659974
0 0 0 0.491616 0.458283 0.297473 0.016494 0.0507489
0 0 1 0.422429 0.279782 0.330977 0.0296674 0.29532
0 0 0 0.659016 0.258722 0.324592 0.0292686 0.283569
0 0 1 0.52897 0.363066 0.290401 0.0181163 0.0672452
0 0 0 0.632649 0.328788 0.295037 0.0143615 0.0335006
0 0 0 0.416717 0.390921 0.328896 0.0246499 0.169394
0 0 1 0.710131 0.354268 0.272679 0.0186851 0.0737804
0 0 1 0.706518 0.319451 0.275214 0.0164112 0.0499893
0 0 0 0.601679 0.311118 0.365107 0.0125035 0.0221079
0 0 1 0.454905 0.341201 0.291555 0.0198779 0.0888312
0 0 0 0.548146 0.423009 0.292528 0.0232631 0.142382
0 0 1 0.411629 0.471534 0.341239 0.0201937 0.0931316
0 0 1 0.447384 0.382832 0.303946 0.0152324 0.039972
0 0 0 0.465631 0.445543 0.288355 0.0126495 0.0228912
0 0 1 0.460041 0.305803 0.282929 0.0137964 0.0296998
0 0 0 0.516672 0.264626 0.317567 0.0175483 0.0611165
0 0 0 0.454145 0.2792 0.298937 0.0144763 0.0343103
0 0 0 0.7475 0.483821 0.223649 0.0221579 0.123038
0 0 0 0.553241 0.385284 0.290689 0.0147917 0.0366024
0 0 0 0.430411 0.475097 0.311643 0.0141069 0.03175
0 0 1 0.721658 0.397392 0.286424 0.021771 0.116705
0 0 0 0.443125 0.364628 0.362878 0.0135307 0.0280163
0 0 1 0.581497 0.45093 0.207944 0.0216296 0.114446
0 0 1 0.748533 0.358676 0.295614 0.0262622 0.204855
0 0 0 0.658811 0.436685 0.267027 0.0179187 0.0650685
0 0 0 0.432604 0.460362 0.274147 0.0262399 0.204334
0 0 0 0.61624 0.464203 0.242225 0.0289966 0.275737
0 0 0 0.578195 0.450891 0.273043 0.0217427 0.11625
0 0 0 0.641416 0.417112 0.284467 0.013549 0.0281305
0 0 1 0.581718 0.423634 0.360462 0.015212 0.0398118
0 0 0 0.735166 0.296656 0.206821 0.0172074 0.0576232
0 0 1 0.509085 0.269018 0.362862 0.0146178 0.0353265
0 0 0 0.534666 0.47283 0.301561 0.029139 0.279818
0 0 1 0.383291 0.405129 0.20794 0.0203872 0.0958355
0 0 1 0.624302 0.353664 0.276722 0.013316 0.0267039
0 0 0 0.464949 0.269508 0.33705 0.0144996 0.0344765
0 0 1 0.391249 0.448387 0.268406 0.0172073 0.0576227
0 0 0 0.737139 0.363408 0.211888 0.0173621 0.0591913
0 0 1 0.731345 0.449021 0.202789 0.0141029 0.031723
0 0 0 0.424326 0.428607 0.344105 0.0166978 0.052654
0 0 1 0.740414 0.329472 0.255418 0.0241053 0.158413
0 0 1 0.441089 0.345229 0.328218 0.0195151 0.0840556
0 0 0 0.585859 0.338411 0.314003 0.0204618 0.0968917
0 0 0 0.485951 0.365151 0.322244 0.0299417 0.303587
0 0 1 0.459934 0.409813 0.33168 0.0226039 0.130618
0 0 1 0.493678 0.331367 0.346794 0.0125242 0.0222181
0 0 1 0.722259 0.405763 0.386884 0.0224905 0.128662
0 0 1 0.64691 0.457593 0.356061 0.0149503 0.0377923
0 0 0 0.666784 0.49316 0.338834 0.0292916 0.284238
0 0 0 0.720531 0.364307 0.358077 0.0237648 0.151794
0 0 1 0.417253 0.275659 0.377107 0.0169358 0.0549374
0 0 1 0.584469 0.383434 0.348187 0.022428 0.127592
0 0 0 0.676327 0.403406 0.285521 0.023983 0.156014
0 0 0 0.517437 0.355332 0.371313 0.0291935 0.28139
0 0 1 0.395075 0.442964 0.374223 0.0264831 0.210068
0 0 0 0.527437 0.345487 0.319652 0.016048 0.0467428
0 0 0 0.537831 0.389395 0.330283 0.0279034 0.245712
0 0 1 0.57676 0.494501 0.28276 0.0210416 0.105364
0 0 1 0.716258 0.316315 0.363587 0.016155 0.0476839
0 0 1 0.391329 0.306372 0.345327 0.0136938 0.0290416
0 0 1 0.381722 0.342198 0.281494 0.0205932 0.0987693
0 0 0 0.499349 0.456422 0.336037 0.02289 0.135641
0 0 0 0.491037 0.27932 0.343139 0.0140334 0.0312562
0 0 1 0.38774 0.435641 0.318063 0.0287591 0.269016
0 0 0 0.415407 0.406374 0.366551 0.0160757 0.0469855
0 0 0 0.57619 0.418842 0.325662 0.0203493 0.0953019
0 0 0 0.474529 0.387539 0.370503 0.0244779 0.165872
0 0 0 0.526584 0.305096 0.341554 0.0299084 0.302573
0 0 1 0.449288 0.376884 0.340541 0.0126829 0.023073
0 0 0 0.481585 0.42964 0.35116 0.0126313 0.0227925
0 0 0 0.420658 0.321104 0.372101 0.0286637 0.266347
0 0 0 0.383209 0.466796 0.235229 0.0192673 0.0808938
0 0 1 0.647337 0.420058 0.326344 0.0288691 0.272115
0 0 1 0.528695 0.48601 0.358268 0.0243652 0.163591
0 0 1 0.551984 0.424439 0.352022 0.0157101 0.043852
0 0 1 0.688658 0.289643 0.331692 0.0141499 0.0320418
0 0 0 0.669232 0.353439 0.315742 0.0143728 0.0335797
0 0 1 0.615596 0.325581 0.321578 0.0128029 0.0237345
0 0 0 0.377729 0.266589 0.332168 0.0169563 0.0551375
0 0 0 0.579736 0.275265 0.388872 0.0235515 0.147743
0 0 0 0.680569 0.26046 0.388094 0.012855 0.0240254
0 0 0 0.747227 0.338935 0.387519 0.0233923 0.144767
0 0 0 0.476217 0.347426 0.397082 0.0200686 0.0914123
0 0 1 0.54229 0.494308 0.396378 0.0164704 0.0505321
0 0 0 0.670095 0.462852 0.383843 0.016912 0.0547066
0 0 1 0.654309 0.279605 0.398733 0.0206915 0.10019
0 0 1 0.461834 0.314073 0.384094 0.0148021 0.0366791
0 0 0 0.685308 0.428508 0.388409 0.0209312 0.103713
0 0 1 0.380917 0.380354 0.348115 0.017337 0.0589356
0 0 1 0.463099 0.470153 0.396142 0.0208799 0.102952
0 0 1 0.378042 0.299328 0.37826 0.0195919 0.0850521
0 0 0 0.53128 0.275867 0.385429 0.0177693 0.0634548
0 0 0 0.49149 0.279383 0.394989 0.0233124 0.143289
0 0 1 0.729203 0.277835 0.394935 0.0211249 0.106619
0 0 1 0.443466 0.496596 0.334076 0.0186153 0.0729563
0 0 1 0.381942 0.265672 0.365469 0.0166261 0.0519788
0 0 1 0.693303 0.283512 0.39825 0.015373 0.0410891
0 0 1 0.50436 0.396125 0.398568 0.0173707 0.0592795
0 0 1 0.573207 0.347419 0.381856 0.0281479 0.252227
0 0 1 0.558431 0.451733 0.387909 0.0298438 0.300618
0 0 1 0.716399 0.467651 0.37948 0.0298527 0.300887
0 0 0 0.423419 0.328467 0.416014 0.0153027 0.0405283
0 0 1 0.704175 0.324619 0.463583 0.0226719 0.131799
0 0 0 0.62213 0.266953 0.414521 0.0169769 0.0553389
0 0 1 0.385477 0.459075 0.438833 0.0239184 0.154757
0 0 1 0.702582 0.252996 0.40481 0.0157762 0.0444078
0 0 0 0.388074 0.303927 0.485373 0.0284379 0.260104
0 0 0 0.477308 0.315191 0.40946 0.0144821 0.0343518
0 0 0 0.505741 0.364372 0.423178 0.0228275 0.134532
0 0 1 0.380739 0.29799 0.438626 0.0144434 0.0340768
0 0 0 0.531362 0.285535 0.421169 0.0192564 0.0807562
0 0 0 0.425467 0.458138 0.477948 0.0241969 0.160225
0 0 0 0.672216 0.290727 0.470993 0.0224384 0.12777
0 0 0 0.593081 0.268789 0.424214 0.0137014 0.0290905
0 0 0 0.519947 0.250792 0.404078 0.015473 0.041896
0 0 1 0.416465 0.26659 0.447286 0.0171416 0.0569652
0 0 0 0.41027 0.428253 0.45246 0.0179201 0.0650836
0 0 1 0.710857 0.316018 0.401028 0.0216771 0.115201
0 0 0 0.471485 0.424436 0.405625 0.0265611 0.211928
0 0 1 0.509189 0.320021 0.408948 0.0177698 0.0634595
0 0 0 0.399405 0.487016 0.464983 0.0168064 0.0536881
0 0 0 0.390074 0.49808 0.403088 0.02919 0.281292
0 0 0 0.437027 0.360037 0.40286 0.0215128 0.112602
0 0 1 0.377857 0.415227 0.452969 0.0170169 0.0557309
0 0 0 0.57171 0.299791 0.429133 0.024272 0.161723
0 0 1 0.649554 0.273404 0.439056 0.0203828 0.0957737
0 0 0 0.460924 0.337763 0.440865 0.0273074 0.2303
0 0 0 0.515842 0.39067 0.464539 0.0272176 0.228036
0 0 1 0.616119 0.310299 0.403176 0.0282312 0.254473
0 0 0 0.544368 0.33869 0.423892 0.0235641 0.14798
0 0 1 0.400724 0.354396 0.425077 0.0203286 0.0950106
0 0 1 0.389082 0.266468 0.41115 0.0281973 0.253557
0 0 1 0.411301 0.311815 0.444129 0.019551 0.0845202
0 0 1 0.49276 0.296011 0.440571 0.0252003 0.180996
0 0 1 0.51935 0.261971 0.455723 0.0205751 0.0985098
0 0 1 0.611746 0.318923 0.458943 0.0283711 0.258275
0 0 0 0.736154 0.287825 0.43807 0.0236989 0.150534
0 0 1 0.396812 0.379439 0.460406 0.0231437 0.1402
0 0 0 0.506759 0.337695 0.459314 0.0221013 0.122098
0 0 0 0.445875 0.294376 0.472764 0.0286098 0.264849
0 0 1 0.536298 0.303215 0.46075 0.023325 0.143522
0 0 0 0.442909 0.287793 0.414783 0.0298202 0.299905
0 0 1 0.376991 0.330846 0.447056 0.0196844 0.0862625
0 0 1 0.429791 0.365899 0.435802 0.012721 0.023282
0 0 0 0.468053 0.447596 0.451608 0.0250412 0.177589
0 0 0 0.449341 0.328264 0.403898 0.0125795 0.0225134
0 0 1 0.54706 0.478066 0.428766 0.0200765 0.0915203
0 0 0 0.520299 0.436229 0.430833 0.0296309 0.294229
0 0 1 0.39028 0.318682 0.410229 0.0197335 0.0869095
0 0 1 0.585981 0.271992 0.471324 0.026581 0.212405
0 0 1 0.730498 0.329264 0.432891 0.0180284 0.0662716
0 0 1 0.443061 0.493939 0.444051 0.0281518 0.252331
0 0 0 0.66751 0.318125 0.42751 0.0291718 0.280764
0 0 0 0.692759 0.274238 0.434369 0.0219239 0.11918
0 0 1 0.465418 0.382147 0.408431 0.0149004 0.0374147
0 0 0 0.428677 0.44985 0.418275 0.0248068 0.17265
0 0 0 0.457975 0.393805 0.450828 0.029692 0.296055
0 0 0 0.505041 0.487816 0.456053 0.029784 0.298814
0 0 0 0.547405 0.384632 0.426393 0.0225462 0.12962
0 0 0 0.421731 0.407682 0.483484 0.0210289 0.105172
0 0 1 0.412367 0.400108 0.416794 0.0275649 0.236877
0 0 1 0.716768 0.275637 0.482043 0.0258808 0.196059
0 0 1 0.386288 0.435936 0.484013 0.0212425 0.10841
0 0 1 0.421521 0.342545 0.470941 0.0224942 0.128725
0 0 0 0.500544 0.497333 0.401563 0.0257136 0.192284
0 0 1 0.549308 0.511906 0.0142211 0.0142215 0.0325302
0 0 0 0.58949 0.52623 0.0139126 0.0139129 0.0304582
0 0 0 0.661014 0.561105 0.0175992 0.0175998 0.0616565
0 0 1 0.420227 0.561066 0.0253318 0.0253546 0.184341
0 0 0 0.471455 0.558888 0.0230725 0.0230917 0.139257
0 0 0 0.511745 0.557569 0.0175911 0.0175919 0.0615728
0 0 1 0.605245 0.620619 0.0134634 0.0134699 0.0276403
0 0 0 0.55832 0.554664 0.0296984 0.0297362 0.297377
0 0 1 0.618329 0.561905 0.0258447 0.0258813 0.196069
0 0 1 0.646667 0.530354 0.015491 0.0155107 0.0422035
0 0 1 0.707558 0.513586 0.0207274 0.0207675 0.101299
0 0 1 0.40199 0.606661 0.0237759 0.0237877 0.152233
0 0 1 0.449752 0.600997 0.0242915 0.0243184 0.162651
0 0 0 0.47307 0.63587 0.018065 0.0181008 0.0670728
0 0 0 0.501664 0.652313 0.0128459 0.0128461 0.0239754
0 0 1 0.592206 0.648861 0.0179361 0.0179614 0.0655344
0 0 0 0.527728 0.589336 0.0179577 0.0179714 0.0656448
0 0 0 0.567785 0.623719 0.0170925 0.0171087 0.0566374
0 0 0 0.585216 0.583944 0.0132792 0.0132796 0.0264853
0 0 0 0.62803 0.601753 0.0162434 0.0162443 0.0484796
0 0 0 0.688404 0.604053 0.0527204 0.0241889 0.160066
0 0 1 0.694971 0.576324 0.0195431 0.0195541 0.0845604
0 0 1 0.413943 0.687161 0.0149235 0.0149243 0.0375953
0 0 1 0.430602 0.648726 0.0271861 0.0272008 0.227613
0 0 1 0.475708 0.681061 0.0282752 0.0283129 0.256688
0 0 1 0.537052 0.670792 0.0250346 0.0250445 0.177661
0 0 0 0.575278 0.668511 0.0399047 0.0160375 0.0466509
0 0 1 0.63596 0.664013 0.0236457 0.0236566 0.149731
0 0 0 0.623676 0.630008 0.029936 0.0129744 0.0247009
0 0 0 0.646674 0.626513 0.0147855 0.0147877 0.0365724
0 0 1 0.68025 0.644729 0.0246501 0.0246687 0.169783
0 0 0 0.486344 0.733262 0.023246 0.0232697 0.142503
0 0 1 0.544855 0.727402 0.0218826 0.021905 0.118873
0 0 0 0.65152 0.708662 0.0236228 0.0236335 0.149292
0 0 1 0.615739 0.682418 0.186698 0.0140943 0.0316655
0 0 1 0.569606 0.700646 0.0151513 0.0151603 0.0394074
0 0 0 0.597654 0.721897 0.0202838 0.0202967 0.0945652
0 0 0 0.745007 0.667866 0.0210805 0.0210831 0.105987
0 0 1 0.548725 0.507489 0.0530381 0.023778 0.152047
0 0 1 0.401596 0.511005 0.0180504 0.0180793 0.0668339
0 0 0 0.388005 0.577013 0.0518036 0.0192929 0.081216
0 0 0 0.42635 0.571273 0.0753319 0.0260598 0.200155
0 0 0 0.572912 0.63998 0.0414697 0.0126425 0.0228536
0 0 1 0.493746 0.592733 0.028674 0.0178238 0.0640398
0 0 1 0.513025 0.516858 0.0234955 0.0235541 0.147793
0 0 0 0.578863 0.565491 0.0676329 0.0147496 0.0362904
0 0 0 0.51892 0.575604 0.0528121 0.0205202 0.0977231
0 0 0 0.598247 0.525542 0.0630349 0.0298934 0.302119
0 0 1 0.6869 0.543174 0.0380474 0.0192646 0.0808603
0 0 1 0.414946 0.631117 0.0779787 0.0287979 0.270106
0 0 1 0.471895 0.637421 0.0649158 0.0288222 0.270791
0 0 1 0.496802 0.654133 0.0986406 0.0163118 0.0490858
0 0 1 0.505007 0.622738 0.0164642 0.0164754 0.0505779
0 0 0 0.558428 0.594778 0.0135196 0.0135236 0.0279724
0 0 1 0.535598 0.62272 0.0507928 0.0295178 0.290875
0 0 1 0.592852 0.604128 0.0511755 0.0295206 0.290958
0 0 1 0.67524 0.523861 0.0138318 0.0138389 0.0299749
0 0 0 0.664182 0.531261 0.170092 0.0285082 0.262038
0 0 0 0.38405 0.665802 0.0225924 0.0226076 0.130682
0 0 1 0.450407 0.716659 0.0168369 0.0168439 0.0540483
0 0 0 0.438881 0.680534 0.0685158 0.0256156 0.190093
0 0 1 0.510248 0.672103 0.0632718 0.0216722 0.115123
0 0 0 0.561044 0.700174 0.0491415 0.0199031 0.0891687
0 0 0 0.597787 0.68403 0.0176449 0.0176526 0.0622128
0 0 0 0.605434 0.653825 0.0532033 0.0200517 0.0911817
0 0 1 0.696043 0.675626 0.039508 0.0130787 0.0253014
0 0 1 0.575652 0.741531 0.0527947 0.0236025 0.148705
0 0 1 0.61878 0.508192 0.0204571 0.0204579 0.096836
0 0 0 0.647181 0.534131 0.0518267 0.0210435 0.105392
0 0 1 0.430614 0.524575 0.0141891 0.0141958 0.0323541
0 0 0 0.446546 0.538264 0.0525561 0.0188491 0.0757397
0 0 1 0.487808 0.534975 0.0589394 0.0230352 0.138239
0 0 1 0.521777 0.542263 0.0485712 0.0132266 0.0261696
0 0 1 0.620247 0.549456 0.093872 0.0149213 0.0375729
0 0 1 0.384661 0.573876 0.0133062 0.0133065 0.0266467
0 0 1 0.609002 0.548472 0.181353 0.024096 0.15823
0 0 1 0.387583 0.586941 0.0977334 0.0214089 0.110978
0 0 0 0.444555 0.6045 0.0621509 0.0140831 0.0315897
0 0 0 0.506569 0.609999 0.102095 0.0289864 0.275446
0 0 0 0.604227 0.588739 0.0915546 0.0151641 0.0394368
0 0 1 0.629979 0.574738 0.0697656 0.0213595 0.110211
0 0 1 0.671027 0.605753 0.0162439 0.0162611 0.0486298
0 0 1 0.650952 0.588906 0.039021 0.0184711 0.0712738
0 0 0 0.399172 0.692262 0.051274 0.0192425 0.0805814
0 0 1 0.553636 0.662296 0.0581064 0.0129156 0.0243665
0 0 1 0.480057 0.686736 0.0901415 0.0213127 0.109488
0 0 1 0.570705 0.643117 0.068702 0.014859 0.0371042
0 0 0 0.552523 0.582948 0.0652165 0.0160499 0.0467593
0 0 1 0.646354 0.633633 0.0597586 0.0246679 0.169766
0 0 1 0.680753 0.685323 0.0148 0.0148008 0.0366694
0 0 0 0.701827 0.726812 0.0204513 0.0205007 0.0974453
0 0 1 0.712846 0.68917 0.0176443 0.0176482 0.0621657
0 0 0 0.514537 0.706002 0.0395411 0.0191989 0.0800355
0 0 0 0.51867 0.745996 0.0461483 0.0183566 0.0699563
0 0 0 0.538726 0.72294 0.0555621 0.0126175 0.0227183
0 0 1 0.541409 0.686729 0.0737057 0.0142981 0.0330586
0 0 0 0.736461 0.508213 0.117095 0.0197633 0.087303
0 0 1 0.554619 0.718013 0.0847222 0.0204354 0.0965172
0 0 0 0.613002 0.697529 0.0543565 0.0243255 0.162794
0 0 0 0.670263 0.749026 0.0498984 0.0280548 0.249732
0 0 1 0.598503 0.726088 0.0926993 0.0249113 0.174839
0 0 0 0.407964 0.529681 0.0549705 0.0195291 0.0842357
0 0 1 0.461842 0.518445 0.106288 0.0208782 0.102928
0 0 0 0.381131 0.547334 0.0812619 0.0219847 0.120175
0 0 0 0.475567 0.580959 0.0656531 0.0250334 0.177424
0 0 0 0.643946 0.531264 0.0881165 0.0155096 0.0421946
0 0 1 0.473407 0.636125 0.107229 0.0135441 0.0280996
0 0 1 0.453391 0.604402 0.102861 0.024225 0.160784
0 0 0 0.456033 0.659718 0.100852 0.0163584 0.0495082
0 0 0 0.434939 0.599832 0.142271 0.0195342 0.0843019
0 0 1 0.499079 0.559414 0.100483 0.022197 0.12369
0 0 1 0.539982 0.547663 0.081186 0.0245338 0.167012
0 0 1 0.656353 0.598479 0.0732881 0.0143057 0.0331115
0 0 1 0.676887 0.561028 0.0816874 0.0289478 0.274345
0 0 1 0.39637 0.676163 0.098465 0.0240776 0.157868
0 0 0 0.478281 0.714927 0.0579473 0.0168139 0.0537595
0 0 0 0.415774 0.7182 0.08913 0.0231649 0.140587
0 0 0 0.579216 0.705104 0.11756 0.012932 0.0244597
0 0 0 0.511651 0.721447 0.0788022 0.0230954 0.139325
0 0 0 0.609848 0.637422 0.0984636 0.0283222 0.25694
0 0 0 0.708109 0.649699 0.0693329 0.0282434 0.254803
0 0 0 0.412464 0.723427 0.0220599 0.022067 0.12153
0 0 1 0.44182 0.724908 0.0538283 0.0212219 0.108095
0 0 0 0.551521 0.723816 0.126222 0.0216035 0.114032
0 0 0 0.578622 0.679001 0.0850947 0.0253788 0.184869
0 0 0 0.664449 0.679292 0.059418 0.0244492 0.165289
0 0 1 0.706413 0.710183 0.0647277 0.0270641 0.2242
0 0 0 0.482898 0.53927 0.130255 0.0172238 0.0577884
0 0 0 0.409852 0.550101 0.12438 0.0292268 0.282356
0 0 1 0.376058 0.588032 0.181602 0.0202858 0.0944117
0 0 0 0.456854 0.559838 0.109171 0.0209206 0.103556
0 0 0 0.506526 0.542101 0.150345 0.013922 0.0305183
0 0 1 0.537672 0.548588 0.129674 0.0240207 0.156751
0 0 0 0.613743 0.512807 0.106405 0.0178905 0.0647617
0 0 1 0.671993 0.635837 0.175376 0.013771 0.029536
0 0 0 0.46737 0.596931 0.137035 0.0134465 0.0274968
0 0 0 0.42867 0.64401 0.130154 0.0267058 0.215411
0 0 1 0.494846 0.575173 0.141421 0.0218762 0.118404
0 0 1 0.562944 0.607189 0.099868 0.0275198 0.235715
0 0 0 0.582214 0.557486 0.10783 0.0263835 0.207705
0 0 0 0.675128 0.615663 0.0875957 0.0148927 0.0373571
0 0 0 0.444827 0.6945 0.117166 0.0236696 0.149977
0 0 1 0.462211 0.724257 0.0899738 0.0202376 0.0937406
0 0 1 0.53737 0.653076 0.0952932 0.0244082 0.16446
0 0 1 0.62417 0.686423 0.098707 0.0227408 0.133005
0 0 0 0.664687 0.654253 0.107492 0.0297626 0.298171
0 0 0 0.395095 0.733826 0.0568785 0.0182092 0.0682851
0 0 0 0.449012 0.741135 0.129538 0.0247688 0.171858
0 0 0 0.591266 0.728434 0.136245 0.0192985 0.0812875
0 0 0 0.644035 0.719505 0.0785945 0.0207836 0.101535
0 0 0 0.675282 0.732511 0.0878398 0.0136316 0.028648
0 0 1 0.674393 0.700978 0.0967645 0.0191586 0.079532
0 0 0 0.715763 0.684779 0.112653 0.0280293 0.24905
0 0 0 0.546689 0.721382 0.196997 0.0251902 0.180779
0 0 1 0.614638 0.610637 0.190578 0.0295916 0.293061
0 0 0 0.415666 0.604323 0.112142 0.014625 0.0353788
0 0 1 0.429148 0.528223 0.0865712 0.0185458 0.0721418
0 0 0 0.734329 0.655157 0.174136 0.0212132 0.107962
0 0 0 0.453878 0.557112 0.154486 0.0245824 0.168007
0 0 0 0.534338 0.57882 0.10093 0.0127817 0.0236167
0 0 0 0.574739 0.587873 0.13967 0.0182693 0.0689637
0 0 1 0.407689 0.69467 0.132994 0.0167147 0.0528135
0 0 0 0.440145 0.626781 0.166084 0.0147739 0.0364704
0 0 0 0.493933 0.61899 0.148004 0.0194769 0.0835629
0 0 1 0.528776 0.648109 0.143055 0.0243888 0.164068
0 0 0 0.642965 0.594246 0.113311 0.0281121 0.251266
0 0 1 0.660463 0.535356 0.11401 0.0154805 0.0419577
0 0 0 0.696404 0.521927 0.111012 0.02302 0.137965
0 0 0 0.614507 0.506658 0.15473 0.0208717 0.102832
0 0 0 0.429169 0.712211 0.151064 0.0163861 0.0497595
0 0 0 0.479077 0.662642 0.138237 0.0276587 0.239302
0 0 1 0.556342 0.68093 0.126553 0.0215618 0.113373
0 0 1 0.716055 0.600676 0.0982661 0.0292034 0.281679
0 0 1 0.396786 0.735731 0.131847 0.025791 0.194025
0 0 0 0.486845 0.717369 0.12116 0.0201037 0.0918925
0 0 0 0.517145 0.691072 0.110759 0.0213466 0.110012
0 0 0 0.568193 0.713426 0.158113 0.015856 0.0450854
0 0 0 0.50688 0.735241 0.140316 0.0128819 0.0241764
0 0 1 0.639625 0.726858 0.127796 0.0291742 0.280835
0 0 1 0.696212 0.726924 0.127797 0.0208417 0.102389
0 0 0 0.702605 0.647671 0.131804 0.0157627 0.0442939
0 0 0 0.423954 0.747124 0.15776 0.0134446 0.0274849
0 0 0 0.387943 0.515584 0.146041 0.0170509 0.0560649
0 0 1 0.725783 0.723563 0.0970932 0.0129582 0.0246086
0 0 1 0.439412 0.508047 0.146062 0.0259612 0.197892
0 0 0 0.740377 0.560694 0.126847 0.024528 0.166892
0 0 0 0.414763 0.575558 0.166614 0.0203332 0.0950763
0 0 0 0.479441 0.521888 0.163644 0.0199093 0.0892527
0 0 1 0.588271 0.558501 0.149208 0.015448 0.0416936
0 0 0 0.60021 0.600728 0.121023 0.0158189 0.0447695
0 0 1 0.626253 0.54722 0.134313 0.0260477 0.199876
0 0 1 0.466298 0.650213 0.191694 0.0287013 0.267396
0 0 1 0.403491 0.617442 0.165413 0.0230704 0.138872
0 0 0 0.629698 0.635737 0.136786 0.0148748 0.0372225
0 0 0 0.689971 0.565888 0.135303 0.0264609 0.209539
0 0 0 0.469823 0.709316 0.163481 0.0262204 0.203879
0 0 1 0.521253 0.702843 0.156517 0.0260959 0.200989
0 0 1 0.60135 0.684825 0.140313 0.024746 0.171383
0 0 0 0.683486 0.614601 0.136166 0.0226937 0.13218
0 0 1 0.592322 0.740351 0.180783 0.0268221 0.218238
0 0 0 0.717444 0.641354 0.108329 0.0127332 0.0233486
0 0 0 0.569877 0.519828 0.154292 0.0256827 0.191591
0 0 1 0.408568 0.532189 0.178947 0.025193 0.180839
0 0 0 0.465537 0.598981 0.177327 0.0245324 0.166983
0 0 0 0.460316 0.622583 0.14538 0.0144361 0.0340256
0 0 1 0.534088 0.599538 0.146882 0.0246368 0.169124
0 0 1 0.612466 0.586461 0.14934 0.0181762 0.0679145
0 0 1 0.717365 0.525668 0.155339 0.0261715 0.20274
0 0 1 0.74075 0.74855 0.187734 0.0287787 0.269565
0 0 0 0.591745 0.636266 0.148405 0.0248217 0.17296
0 0 0 0.649461 0.620141 0.158573 0.0184235 0.0707244
0 0 1 0.436227 0.676833 0.163244 0.0205267 0.0978155
0 0 1 0.563021 0.672548 0.17606 0.0290918 0.27846
0 0 1 0.64669 0.666897 0.161778 0.0285357 0.262796
0 0 0 0.709882 0.699633 0.168289 0.0298871 0.301927
0 0 1 0.393632 0.697162 0.17566 0.0282939 0.256171
0 0 0 0.514272 0.620518 0.190587 0.027745 0.24155
0 0 1 0.631317 0.74797 0.0206419 0.0206719 0.0999058
0 0 0 0.626276 0.708785 0.170148 0.0187811 0.0749227
0 0 1 0.674887 0.693789 0.134362 0.0191245 0.0791081
0 0 0 0.673899 0.728564 0.159003 0.0172277 0.0578271
0 0 0 0.552124 0.562653 0.174862 0.0250819 0.178457
0 0 0 0.571252 0.648675 0.115949 0.0155251 0.0423213
0 0 1 0.729006 0.603108 0.15648 0.0284728 0.261062
0 0 0 0.402202 0.656213 0.161284 0.01595 0.0458919
0 0 0 0.499612 0.558734 0.190131 0.0297547 0.297933
0 0 1 0.552236 0.628313 0.169492 0.0161519 0.0476563
0 0 1 0.571685 0.600763 0.173201 0.0177929 0.0637081
0 0 0 0.557878 0.62614 0.135217 0.0129132 0.0243532
0 0 0 0.604102 0.654622 0.183022 0.0162675 0.0486872
0 0 1 0.696538 0.652588 0.164503 0.017873 0.064572
0 0 1 0.502977 0.731658 0.188323 0.0205552 0.0982237
0 0 1 0.650683 0.579445 0.160938 0.0223732 0.12666
0 0 0 0.595911 0.699993 0.178 0.0137953 0.0296923
0 0 1 0.689175 0.604816 0.170988 0.0139647 0.0307999
0 0 0 0.642134 0.747742 0.176343 0.0237374 0.151269
0 0 0 0.747761 0.64624 0.130606 0.0252196 0.181413
0 0 1 0.70246 0.744842 0.155613 0.0128304 0.0238874
0 0 0 0.436744 0.729668 0.175196 0.0143466 0.0333966
0 0 0 0.699534 0.569664 0.19024 0.0274615 0.234222
0 0 1 0.690269 0.734532 0.183719 0.0130225 0.024977
0 0 1 0.561754 0.505042 0.103229 0.0281584 0.252509
0 0 0 0.732481 0.712581 0.0132258 0.0132279 0.0261772
0 0 0 0.736948 0.539947 0.0187739 0.0187919 0.0750519
0 0 0 0.733774 0.577041 0.0483731 0.0287949 0.270023
0 0 0 0.507865 0.511683 0.0976653 0.0264414 0.209076
0 0 1 0.498952 0.506667 0.189794 0.0160998 0.047197
0 0 0 0.739823 0.74594 0.0220295 0.0220487 0.121227
0 0 1 0.746879 0.70572 0.0972696 0.0125097 0.0221406
0 0 1 0.719602 0.533513 0.0504988 0.0170373 0.0559308
0 0 1 0.724553 0.545837 0.0864801 0.0213242 0.109665
0 0 0 0.465517 0.511934 0.0241875 0.024261 0.161503
0 0 1 0.726615 0.625466 0.0253052 0.0253296 0.183796
0 0 1 0.727174 0.508388 0.0820631 0.0164836 0.0506535
0 0 1 0.39802 0.516761 0.0962027 0.0160073 0.0463883
0 0 1 0.726351 0.503839 0.0483683 0.013472 0.0276534
0 0 1 0.47085 0.50226 0.199184 0.0138586 0.0301032
0 0 0 0.376588 0.628113 0.123097 0.0282196 0.254158
0 0 0 0.663333 0.608213 0.191434 0.0191893 0.0799157
0 0 1 0.398672 0.749525 0.191114 0.0265423 0.21148
0 0 0 0.454083 0.53379 0.194952 0.0221051 0.122161
0 0 1 0.441108 0.569537 0.191084 0.0161262 0.0474292
0 0 1 0.379661 0.584245 0.142008 0.0196569 0.0859014
0 0 1 0.683053 0.667903 0.197467 0.0209097 0.103394
0 0 0 0.382735 0.671262 0.138091 0.01788 0.0646478
0 0 0 0.662568 0.70781 0.193106 0.0241755 0.159801
0 0 0 0.685517 0.501135 0.0640784 0.0294721 0.289523
0 0 1 0.512609 0.669868 0.189923 0.0216457 0.114702
0 0 0 0.585169 0.577461 0.191562 0.0148065 0.0367124
0 0 0 0.705785 0.6275 0.198611 0.0254697 0.186863
0 0 0 0.53808 0.519386 0.197616 0.0257843 0.193874
0 0 0 0.448487 0.64186 0.339642 0.0250557 0.177898
0 0 0 0.741078 0.635602 0.251676 0.0189959 0.0775237
0 0 0 0.748036 0.533965 0.3162 0.0132558 0.0263435
0 0 0 0.584657 0.66945 0.307478 0.0146352 0.0354525
0 0 0 0.532 0.660803 0.350746 0.0186929 0.0738725
0 0 1 0.422871 0.526272 0.274599 0.0137809 0.0295996
0 0 1 0.398671 0.655199 0.336973 0.0247745 0.171975
0 0 0 0.445966 0.503514 0.284512 0.0201124 0.0920118
0 0 0 0.613319 0.561868 0.350686 0.0280785 0.250365
0 0 1 0.433067 0.607611 0.341272 0.0125422 0.0223136
0 0 0 0.660035 0.661606 0.373925 0.0152706 0.0402737
0 0 1 0.500416 0.522569 0.216495 0.0150166 0.0382973
0 0 1 0.53903 0.622135 0.342318 0.0200236 0.0907981
0 0 1 0.701746 0.612853 0.339607 0.0256387 0.190607
0 0 1 0.557987 0.706064 0.363415 0.0293382 0.285597
0 0 1 0.558046 0.662591 0.372002 0.0149778 0.038001
0 0 1 0.424699 0.694737 0.397279 0.0287666 0.269228
0 0 0 0.735488 0.596196 0.220553 0.0229631 0.136944
0 0 0 0.420298 0.510102 0.236701 0.0275067 0.235378
0 0 1 0.564728 0.611309 0.390301 0.0239 0.1544
0 0 0 0.413202 0.596523 0.209821 0.0269864 0.222272
0 0 1 0.418187 0.55679 0.206773 0.0131748 0.0258635
0 0 1 0.537166 0.536774 0.374555 0.0296382 0.294448
0 0 0 0.428644 0.658857 0.243269 0.015058 0.038615
0 0 0 0.470744 0.667032 0.245528 0.0278879 0.245302
0 0 1 0.481616 0.694974 0.206898 0.0210147 0.104959
0 0 1 0.383896 0.660116 0.385359 0.0260612 0.200188
0 0 0 0.613651 0.71925 0.365438 0.0269052 0.220272
0 0 1 0.433224 0.702732 0.216627 0.028963 0.274779
0 0 0 0.741115 0.530724 0.384917 0.0244411 0.165125
0 0 0 0.410721 0.536961 0.367267 0.0140908 0.0316419
0 0 1 0.433115 0.621248 0.375122 0.0187632 0.0747085
0 0 0 0.468343 0.521836 0.234926 0.0219882 0.120232
0 0 0 0.559634 0.518307 0.315617 0.0230098 0.137781
0 0 0 0.723935 0.644096 0.340261 0.0126917 0.0231211
0 0 1 0.410852 0.571841 0.259381 0.028435 0.260022
0 0 0 0.519482 0.510581 0.310589 0.012543 0.0223182
0 0 0 0.564417 0.628742 0.210549 0.0266946 0.21514
0 0 0 0.744433 0.667495 0.350262 0.0199878 0.0903124
0 0 1 0.670108 0.569369 0.383466 0.0259659 0.197998
0 0 0 0.410749 0.651494 0.204447 0.0283203 0.256888
0 0 1 0.39311 0.678323 0.258023 0.0246395 0.16918
0 0 1 0.595737 0.673408 0.217103 0.0234029 0.144965
0 0 1 0.498535 0.572216 0.393863 0.0262408 0.204354
0 0 0 0.537201 0.583543 0.377553 0.0172289 0.05784
0 0 1 0.444653 0.51138 0.394599 0.0243136 0.162556
0 0 0 0.599007 0.59133 0.381141 0.0166463 0.052168
0 0 1 0.579564 0.732858 0.224068 0.0189272 0.0766851
0 0 0 0.63853 0.637842 0.33086 0.0217155 0.115815
0 0 1 0.706225 0.553862 0.394538 0.0148074 0.0367188
0 0 1 0.400579 0.626711 0.253654 0.0277123 0.240696
0 0 0 0.53863 0.58363 0.216597 0.0235655 0.148008
0 0 1 0.445139 0.626623 0.230883 0.0216995 0.115559
0 0 0 0.576752 0.550709 0.207284 0.0173535 0.0591033
0 0 0 0.59055 0.50435 0.200769 0.0275354 0.236117
0 0 1 0.711577 0.524715 0.201567 0.0204435 0.0966315
0 0 1 0.523495 0.667375 0.39489 0.0267432 0.216318
0 0 1 0.433104 0.685728 0.258281 0.0160432 0.0467006
0 0 0 0.453636 0.6351 0.264805 0.0131489 0.025711
0 0 0 0.455103 0.555147 0.395729 0.0204671 0.096966
0 0 1 0.42051 0.748055 0.302696 0.0187976 0.0751212
0 0 1 0.542502 0.67827 0.231121 0.029951 0.30387
0 0 1 0.63975 0.672984 0.210326 0.0208948 0.103173
0 0 0 0.390289 0.713259 0.277886 0.0156478 0.0433327
0 0 0 0.394469 0.717981 0.240167 0.0188906 0.0762416
0 0 1 0.477932 0.725342 0.24701 0.0294369 0.288489
0 0 1 0.583238 0.706646 0.203285 0.0147301 0.0361471
0 0 1 0.619296 0.712312 0.210008 0.0218395 0.117809
0 0 1 0.704628 0.723911 0.214265 0.0223732 0.126658
0 0 1 0.512654 0.712152 0.219549 0.0166761 0.0524493
0 0 1 0.49378 0.731086 0.31042 0.0163155 0.0491197
0 0 1 0.720359 0.678386 0.314209 0.0171538 0.0570865
0 0 1 0.494516 0.507367 0.2774 0.0291143 0.279108
0 0 0 0.665609 0.528362 0.260798 0.0172965 0.0585229
0 0 1 0.693758 0.5267 0.246795 0.0141903 0.0323167
0 0 1 0.403494 0.509818 0.310061 0.0298558 0.300981
0 0 1 0.522605 0.544847 0.236247 0.0206394 0.0994355
0 0 1 0.561387 0.53118 0.235802 0.0204877 0.0972592
0 0 1 0.647891 0.567828 0.209554 0.0277091 0.240613
0 0 0 0.615579 0.54834 0.244542 0.0236212 0.149058
0 0 0 0.646544 0.512278 0.221617 0.0291726 0.280789
0 0 0 0.706666 0.593477 0.390964 0.0183694 0.0701036
0 0 1 0.519891 0.618892 0.381807 0.0223609 0.12645
0 0 0 0.635698 0.690319 0.342702 0.0159616 0.0459917
0 0 1 0.477909 0.613176 0.212438 0.0153093 0.0405805
0 0 1 0.385613 0.605084 0.339027 0.0270647 0.224213
0 0 0 0.483767 0.61773 0.252836 0.0236328 0.149279
0 0 1 0.535605 0.626224 0.258362 0.029202 0.281638
0 0 0 0.673864 0.613326 0.228612 0.019791 0.0876705
0 0 1 0.682913 0.541453 0.220984 0.0174642 0.0602414
0 0 0 0.70395 0.62907 0.24728 0.0189606 0.0770919
0 0 0 0.697645 0.58136 0.237183 0.0209663 0.104235
0 0 0 0.428032 0.657206 0.292347 0.0286921 0.26714
0 0 1 0.511994 0.668366 0.271428 0.0208483 0.102486
0 0 1 0.598849 0.706201 0.248137 0.0218556 0.11807
0 0 0 0.642359 0.635001 0.222166 0.0189933 0.0774908
0 0 0 0.609234 0.747841 0.246386 0.0211164 0.106491
0 0 0 0.668815 0.637587 0.203981 0.0132375 0.0262342
0 0 0 0.683299 0.552476 0.250287 0.0138467 0.0300259
0 0 1 0.677154 0.690376 0.24132 0.0287352 0.268345
0 0 1 0.721826 0.702365 0.243125 0.0175443 0.0610748
0 0 0 0.497345 0.706814 0.286262 0.0181212 0.0672996
0 0 1 0.634716 0.726133 0.276949 0.0242189 0.160662
0 0 0 0.65631 0.742724 0.231916 0.0284116 0.259381
0 0 1 0.608726 0.618806 0.303313 0.0184188 0.0706699
0 0 1 0.426915 0.72416 0.267462 0.0239629 0.155622
0 0 1 0.482391 0.531765 0.380316 0.0186353 0.0731912
0 0 1 0.604935 0.634144 0.233202 0.0200502 0.091161
0 0 1 0.526406 0.748626 0.235652 0.025524 0.188062
0 0 0 0.734366 0.735308 0.285577 0.0155004 0.0421191
0 0 1 0.722776 0.534745 0.236541 0.0176257 0.0619283
0 0 1 0.58571 0.585486 0.231404 0.0258502 0.195363
0 0 1 0.516552 0.507418 0.238115 0.015934 0.0457538
0 0 0 0.392153 0.599761 0.29337 0.0193697 0.0821909
0 0 1 0.456626 0.54683 0.27387 0.025751 0.193123
0 0 0 0.460575 0.577402 0.229731 0.0278588 0.244535
0 0 0 0.712913 0.556362 0.265072 0.019484 0.0836544
0 0 0 0.538845 0.519078 0.265047 0.0183698 0.070108
0 0 0 0.465181 0.618306 0.298231 0.0254316 0.186026
0 0 1 0.505797 0.58082 0.245129 0.0200493 0.0911485
0 0 1 0.653803 0.558703 0.252253 0.0163689 0.0496035
0 0 1 0.546461 0.674852 0.284579 0.016611 0.0518365
0 0 0 0.582866 0.618656 0.261084 0.0187597 0.074667
0 0 1 0.684528 0.648865 0.227797 0.0149385 0.0377031
0 0 1 0.720421 0.664197 0.227751 0.0236401 0.149417
0 0 1 0.413269 0.706786 0.309677 0.0236848 0.150267
0 0 0 0.584234 0.663739 0.266546 0.0267011 0.215297
0 0 1 0.456605 0.721855 0.303475 0.0226285 0.131045
0 0 0 0.487256 0.702762 0.32258 0.0151915 0.039651
0 0 1 0.697955 0.735142 0.253767 0.0192393 0.0805417
0 0 0 0.709987 0.705935 0.281608 0.022886 0.135569
0 0 0 0.471689 0.724347 0.396277 0.0267903 0.217463
0 0 1 0.675527 0.545319 0.340542 0.0236232 0.149096
0 0 1 0.561158 0.648004 0.342835 0.0140221 0.031181
0 0 0 0.697259 0.507173 0.271045 0.0171499 0.0570478
0 0 1 0.522736 0.54882 0.302038 0.0267745 0.21708
0 0 1 0.595598 0.508978 0.248466 0.0207006 0.100323
0 0 1 0.591238 0.582949 0.285435 0.0253021 0.183198
0 0 1 0.635869 0.55206 0.278404 0.016041 0.0466818
0 0 0 0.677455 0.614926 0.263224 0.0150437 0.0385046
0 0 0 0.435718 0.545299 0.222955 0.0133067 0.0266481
0 0 0 0.489811 0.548995 0.230501 0.0129166 0.0243722
0 0 0 0.633822 0.60004 0.254815 0.0296182 0.293852
0 0 0 0.439817 0.60837 0.264521 0.0169437 0.0550141
0 0 0 0.527719 0.698612 0.279208 0.0141278 0.0318919
0 0 1 0.639968 0.645523 0.261376 0.016751 0.0531586
0 0 0 0.559223 0.726853 0.272865 0.0286666 0.266429
0 0 1 0.477504 0.672654 0.299974 0.0237019 0.150592
0 0 0 0.457829 0.69631 0.275021 0.015637 0.0432431
0 0 0 0.512845 0.638098 0.307581 0.0263136 0.20606
0 0 1 0.635144 0.721146 0.32325 0.020496 0.0973778
0 0 0 0.378057 0.554547 0.216614 0.0282052 0.25377
0 0 0 0.520301 0.711713 0.25215 0.0153666 0.0410383
0 0 1 0.506014 0.674266 0.325646 0.0146987 0.0359162
0 0 1 0.741623 0.552824 0.20784 0.0211841 0.107518
0 0 0 0.475598 0.533315 0.305673 0.0136707 0.0288951
0 0 1 0.445589 0.529165 0.310601 0.0164761 0.0505846
0 0 1 0.68646 0.53892 0.294741 0.0239356 0.155091
0 0 1 0.487432 0.505322 0.332264 0.0262452 0.204456
0 0 0 0.421086 0.568298 0.315124 0.0283623 0.258034
0 0 1 0.479004 0.566833 0.308563 0.0201426 0.0924275
0 0 1 0.447358 0.584877 0.284561 0.0148446 0.0369959
0 0 1 0.726484 0.599359 0.264643 0.0221801 0.123408
0 0 0 0.505688 0.593495 0.286732 0.0234538 0.145913
0 0 0 0.545863 0.573455 0.262902 0.0244015 0.164323
0 0 1 0.566287 0.632845 0.305764 0.0263557 0.20705
0 0 0 0.401531 0.732228 0.37856 0.0159573 0.0459548
0 0 0 0.630552 0.679002 0.249655 0.0199588 0.0899199
0 0 0 0.543072 0.667725 0.317387 0.0171356 0.0569046
0 0 1 0.72893 0.522083 0.288879 0.0221377 0.122701
0 0 0 0.502071 0.63884 0.351004 0.0184354 0.0708612
0 0 1 0.574667 0.538241 0.276771 0.0231683 0.140648
0 0 1 0.424356 0.600406 0.289051 0.0131287 0.0255927
0 0 1 0.497787 0.551228 0.265119 0.0165629 0.0513879
0 0 1 0.676941 0.57957 0.275045 0.0222397 0.124405
0 0 0 0.384122 0.637701 0.298676 0.0197762 0.0874743
0 0 1 0.384131 0.685279 0.218147 0.0168387 0.053998
0 0 0 0.446514 0.686033 0.32196 0.0165832 0.0515768
0 0 1 0.660695 0.652285 0.241489 0.0127648 0.0235233
0 0 0 0.680691 0.654702 0.286273 0.0287706 0.269339
0 0 1 0.565998 0.694917 0.304861 0.0170458 0.0560153
0 0 1 0.598721 0.710113 0.286003 0.0162158 0.0482247
0 0 0 0.595949 0.709041 0.322628 0.0205354 0.0979397
0 0 1 0.628221 0.677352 0.299387 0.0298685 0.301364
0 0 0 0.633962 0.605778 0.358954 0.0211839 0.107515
0 0 0 0.628652 0.501596 0.25943 0.0140139 0.0311265
0 0 0 0.597303 0.668016 0.347726 0.0275826 0.237333
0 0 1 0.664418 0.699925 0.282951 0.0158545 0.0450726
0 0 0 0.731107 0.665948 0.278134 0.0224906 0.128664
0 0 1 0.390966 0.534839 0.345549 0.0153482 0.040891
0 0 1 0.475382 0.581362 0.268576 0.0139029 0.0303926
0 0 1 0.677295 0.733095 0.287016 0.0199602 0.0899393
0 0 1 0.67122 0.503239 0.295416 0.0148698 0.0371851
0 0 1 0.527435 0.707402 0.317872 0.025527 0.188126
0 0 0 0.655855 0.697108 0.372798 0.0204963 0.0973824
0 0 1 0.575524 0.552708 0.32811 0.0168939 0.0545309
0 0 0 0.615171 0.523991 0.279331 0.0188517 0.0757717
0 0 0 0.666849 0.616051 0.313824 0.0178751 0.0645948
0 0 0 0.421466 0.617105 0.314907 0.0177879 0.0636538
0 0 0 0.698628 0.610168 0.294261 0.0199095 0.0892551
0 0 1 0.641668 0.629548 0.292164 0.0179856 0.0658006
0 0 0 0.561471 0.562646 0.302029 0.0143574 0.0334721
0 0 1 0.459296 0.590798 0.333383 0.0195989 0.0851429
0 0 1 0.733011 0.717666 0.322134 0.0248663 0.173894
0 0 0 0.590212 0.616084 0.349018 0.024852 0.173595
0 0 0 0.632919 0.703312 0.397827 0.0140148 0.0311322
0 0 0 0.531414 0.744759 0.301855 0.0153161 0.0406345
0 0 0 0.694228 0.659178 0.355161 0.0238083 0.152629
0 0 0 0.646395 0.511406 0.278693 0.0139651 0.0308024
0 0 1 0.440951 0.718363 0.349971 0.0265577 0.211849
0 0 1 0.544894 0.598094 0.294782 0.0159079 0.0455294
0 0 1 0.564121 0.732047 0.320838 0.0187837 0.0749548
0 0 1 0.629852 0.581584 0.387256 0.016276 0.0487638
0 0 0 0.637708 0.663487 0.355413 0.0138005 0.0297259
0 0 0 0.612547 0.634852 0.269926 0.0138912 0.0303159
0 0 1 0.422224 0.586443 0.360937 0.0183204 0.0695441
0 0 1 0.499437 0.73543 0.352414 0.0262877 0.205452
0 0 0 0.390173 0.565212 0.364092 0.0202566 0.0940046
0 0 1 0.592571 0.518293 0.300376 0.012558 0.022398
0 0 1 0.720793 0.702379 0.369387 0.0262901 0.205509
0 0 1 0.569205 0.57626 0.358421 0.0189647 0.0771424
0 0 0 0.642749 0.530415 0.31053 0.0233156 0.143348
0 0 0 0.73526 0.571745 0.305593 0.0280131 0.248619
0 0 1 0.525382 0.522791 0.33419 0.0146787 0.0357698
0 0 0 0.71791 0.566431 0.356976 0.0265078 0.210657
0 0 0 0.448098 0.538709 0.352213 0.0262433 0.204412
0 0 1 0.482429 0.62513 0.331364 0.0125407 0.0223059
0 0 0 0.392495 0.701635 0.353188 0.0248064 0.17264
0 0 0 0.638947 0.582501 0.30753 0.0262149 0.20375
0 0 1 0.418174 0.506618 0.358765 0.0181231 0.0673211
0 0 0 0.689005 0.577285 0.314927 0.019503 0.0838983
0 0 1 0.459321 0.590862 0.374345 0.0213748 0.110448
0 0 0 0.498237 0.598312 0.347328 0.0224443 0.12787
0 0 0 0.404109 0.631984 0.366659 0.0133073 0.0266515
0 0 1 0.60398 0.546743 0.307257 0.0188861 0.0761871
0 0 0 0.566109 0.589756 0.322237 0.0197793 0.0875151
0 0 0 0.68112 0.701376 0.325219 0.0296356 0.294371
0 0 0 0.525652 0.60066 0.318487 0.0147343 0.036178
0 0 0 0.429879 0.676369 0.355444 0.017221 0.0577602
0 0 0 0.537784 0.746878 0.367134 0.016356 0.0494864
0 0 1 0.480508 0.680355 0.361136 0.0294355 0.288447
0 0 1 0.394153 0.60274 0.392792 0.0271599 0.226588
0 0 0 0.483171 0.651445 0.328794 0.0125275 0.0222353
0 0 1 0.669955 0.633854 0.3445 0.0127793 0.0236034
0 0 0 0.387656 0.508994 0.355784 0.0126334 0.0228039
0 0 0 0.605506 0.511485 0.335182 0.0252194 0.181409
0 0 1 0.444408 0.655889 0.38017 0.0180207 0.0661865
0 0 0 0.665606 0.587647 0.343125 0.0185845 0.0725942
0 0 1 0.495301 0.552641 0.346273 0.0233376 0.143754
0 0 0 0.672657 0.622205 0.382404 0.0269689 0.221842
0 0 1 0.720011 0.747004 0.385479 0.0211568 0.107103
0 0 1 0.702242 0.733532 0.348151 0.0151538 0.0393562
0 0 0 0.653884 0.72856 0.355037 0.0156806 0.0436051
0 0 0 0.741496 0.606664 0.345751 0.0150569 0.0386064
0 0 1 0.716673 0.518551 0.335072 0.0258099 0.194451
0 0 1 0.533558 0.574163 0.340851 0.0208328 0.102258
0 0 0 0.742442 0.627496 0.30838 0.0277395 0.241405
0 0 0 0.638161 0.520851 0.380781 0.028561 0.263494
0 0 1 0.613823 0.681389 0.387393 0.0168781 0.054378
0 0 1 0.582788 0.503254 0.38193 0.0274584 0.23414
0 0 1 0.402899 0.739486 0.33459 0.0186347 0.0731844
0 0 1 0.399056 0.749416 0.231656 0.014011 0.0311074
0 0 1 0.73102 0.632264 0.380823 0.0285423 0.262978
0 0 0 0.583825 0.648195 0.386298 0.0178336 0.0641456
0 0 1 0.397614 0.747785 0.277755 0.0150629 0.0386528
0 0 0 0.625461 0.641996 0.385053 0.0242883 0.162047
0 0 0 0.475607 0.629763 0.39211 0.0243882 0.164055
0 0 0 0.692558 0.518042 0.380829 0.0259155 0.196848
0 0 1 0.37871 0.527613 0.264118 0.0253099 0.183368
0 0 0 0.466802 0.731676 0.201416 0.0179296 0.0651877
0 0 0 0.583681 0.551312 0.388336 0.0210359 0.105278
0 0 0 0.632252 0.749995 0.343723 0.0149973 0.03815
0 0 1 0.660351 0.717162 0.409592 0.0188953 0.0762976
0 0 0 0.532125 0.74388 0.443357 0.018482 0.0713996
0 0 1 0.440568 0.728438 0.479458 0.0284578 0.26065
0 0 0 0.378639 0.734752 0.449777 0.0276387 0.238784
0 0 1 0.454438 0.709184 0.43904 0.0182977 0.0692859
0 0 0 0.456465 0.596301 0.471149 0.0181436 0.0675496
0 0 0 0.597855 0.74056 0.403174 0.0192272 0.0803892
0 0 0 0.741937 0.682537 0.412472 0.0255622 0.188907
0 0 0 0.740135 0.731283 0.469519 0.0267948 0.217573
0 0 1 0.501167 0.736698 0.478151 0.0286432 0.265777
0 0 1 0.585518 0.700665 0.407284 0.0227368 0.132935
0 0 0 0.422956 0.642121 0.418562 0.0280228 0.248879
0 0 1 0.40839 0.55166 0.406125 0.0275221 0.235774
0 0 1 0.52361 0.719254 0.404832 0.0260815 0.200654
0 0 1 0.640483 0.673712 0.407203 0.0172119 0.0576681
0 0 1 0.394233 0.622711 0.479621 0.0210239 0.105098
0 0 0 0.713677 0.676467 0.458954 0.0291759 0.280883
0 0 0 0.481203 0.577575 0.441521 0.0247568 0.171607
0 0 1 0.409243 0.693493 0.459503 0.022541 0.12953
0 0 0 0.514569 0.648786 0.443435 0.026002 0.198826
0 0 1 0.424765 0.736162 0.428568 0.0231515 0.140343
0 0 1 0.47337 0.67471 0.416741 0.0269148 0.220508
0 0 1 0.378186 0.565632 0.433841 0.0157899 0.0445236
0 0 0 0.502808 0.746462 0.42746 0.0149699 0.0379414
0 0 0 0.397424 0.574823 0.472244 0.0259783 0.198283
0 0 1 0.657557 0.696138 0.448327 0.0252671 0.18244
0 0 0 0.550857 0.692349 0.42011 0.0151499 0.039326
0 0 1 0.739563 0.716807 0.431629 0.0137716 0.0295394
0 0 1 0.436398 0.679161 0.437046 0.0155006 0.042121
0 0 0 0.478743 0.685158 0.470471 0.0280873 0.250602
0 0 1 0.576081 0.676669 0.461211 0.029543 0.291618
0 0 1 0.568418 0.663872 0.415398 0.0186404 0.0732523
0 0 1 0.692339 0.748366 0.427657 0.0293093 0.284752
0 0 1 0.39269 0.677364 0.4216 0.0150276 0.0383816
0 0 1 0.628205 0.718385 0.423556 0.0161761 0.0478712
0 0 1 0.468422 0.626119 0.441693 0.0254428 0.186272
0 0 0 0.545814 0.636312 0.416609 0.0170278 0.0558373
0 0 1 0.552754 0.569901 0.409397 0.0207458 0.100982
0 0 1 0.566312 0.72367 0.439684 0.0214039 0.1109
0 0 1 0.656714 0.739458 0.45995 0.0195935 0.0850726
0 0 0 0.381284 0.536384 0.480238 0.016472 0.0505467
0 0 1 0.439319 0.592353 0.415545 0.0244541 0.165389
0 0 0 0.720309 0.717957 0.408812 0.016106 0.0472519
0 0 1 0.400908 0.523471 0.447943 0.0234637 0.146097
0 0 0 0.402454 0.586337 0.43202 0.0161626 0.047751
0 0 1 0.433703 0.65166 0.474508 0.0281903 0.253368
0 0 0 0.423919 0.608487 0.454464 0.0204066 0.0961091
0 0 0 0.615898 0.685885 0.433337 0.0199277 0.0895002
0 0 0 0.392108 0.656311 0.451377 0.019198 0.0800244
0 0 1 0.400058 0.707756 0.428326 0.0129546 0.0245881
0 0 1 0.475228 0.531364 0.427372 0.0239402 0.15518
0 0 0 0.530289 0.532735 0.431099 0.0274704 0.234447
0 0 1 0.740485 0.741226 0.41512 0.0153321 0.0407622
0 0 0 0.526727 0.697724 0.451685 0.0249546 0.175753
0 0 0 0.618273 0.709429 0.480607 0.0272883 0.229818
0 0 0 0.490173 0.540447 0.469548 0.0217187 0.115866
0 0 0 0.687302 0.676846 0.406297 0.02972 0.296891
0 0 1 0.378389 0.617489 0.43848 0.0233722 0.144394
0 0 0 0.524659 0.601499 0.42673 0.024951 0.175677
0 0 1 0.553376 0.738279 0.480273 0.0236338 0.149298
0 0 1 0.689836 0.719672 0.487715 0.0279416 0.246722
0 0 1 0.525853 0.57131 0.467155 0.0255181 0.187931
0 0 0 0.49038 0.715316 0.436269 0.0182693 0.0689635
0 0 0 0.438302 0.554436 0.448592 0.0244977 0.166276
0 0 0 0.466122 0.992945 0.0547075 0.0206824 0.100058
0 0 1 0.652557 0.931436 0.188388 0.017079 0.0563431
0 0 0 0.476675 0.993733 0.0157815 0.0157821 0.0444579
0 0 1 0.743269 0.872957 0.0520252 0.0128638 0.0240745
0 0 1 0.44401 0.992622 0.101651 0.0291499 0.280134
0 0 1 0.732419 0.84087 0.108797 0.0192354 0.080492
0 0 0 0.5209 0.757451 0.11128 0.0262776 0.205215
0 0 1 0.73682 0.924581 0.100409 0.0197888 0.0876419
0 0 0 0.730124 0.789095 0.0505273 0.0255841 0.189393
0 0 0 0.458244 0.998028 0.194176 0.0200439 0.0910754
0 0 0 0.731578 0.905207 0.0286471 0.0286536 0.266067
0 0 0 0.723823 0.866814 0.0916738 0.0130253 0.0249927
0 0 0 0.54109 0.999663 0.155126 0.0183927 0.0703701
0 0 0 0.531316 0.929234 0.139898 0.021578 0.113628
0 0 1 0.383781 0.946301 0.142469 0.0152337 0.039982
0 0 0 0.640848 0.914708 0.0615896 0.0144833 0.0343601
0 0 1 0.503039 0.939628 0.106448 0.0234608 0.146043
0 0 1 0.432921 0.930484 0.0862137 0.0171054 0.0566045
0 0 1 0.381489 0.957351 0.0843917 0.0134362 0.0274338
0 0 1 0.431155 0.988446 0.14768 0.0188367 0.0755903
0 0 1 0.592446 0.956799 0.11786 0.0209396 0.103838
0 0 1 0.711825 0.948572 0.0679217 0.0277139 0.240739
0 0 0 0.628128 0.948484 0.159651 0.0243122 0.162527
0 0 0 0.474652 0.953149 0.0317718 0.0260386 0.199666
0 0 0 0.409428 0.954127 0.0954033 0.0167696 0.0533361
0 0 1 0.594233 0.959396 0.171467 0.0128081 0.0237632
0 0 1 0.599136 0.968606 0.0689778 0.0298037 0.299407
0 0 1 0.511501 0.980778 0.0212088 0.0212245 0.108135
0 0 0 0.464603 0.88692 0.0487107 0.0220566 0.121359
0 0 0 0.466672 0.951017 0.0800322 0.0229288 0.136332
0 0 1 0.701834 0.944886 0.11976 0.0250636 0.178067
0 0 1 0.457912 0.972971 0.16318 0.0157522 0.0442054
0 0 0 0.417334 0.943393 0.171554 0.0292772 0.283819
0 0 0 0.488662 0.93017 0.167526 0.0126769 0.0230406
0 0 1 0.742853 0.796645 0.0911173 0.0176334 0.0620096
0 0 0 0.555323 0.966124 0.175597 0.023405 0.145003
0 0 1 0.545417 0.972993 0.116399 0.0288488 0.271541
0 0 1 0.657004 0.941119 0.129852 0.0178333 0.0641424
0 0 0 0.58816 0.997997 0.109158 0.0212034 0.107812
0 0 0 0.70604 0.96747 0.0221396 0.0221682 0.123209
0 0 0 0.424464 0.965997 0.0539075 0.0289407 0.274146
0 0 1 0.668453 0.990357 0.0218391 0.0218438 0.11788
0 0 1 0.412804 0.962833 0.128798 0.0179098 0.0649721
0 0 0 0.552244 0.95831 0.0720824 0.0183374 0.069737
0 0 1 0.498945 0.769502 0.0309795 0.015881 0.0452985
0 0 1 0.457489 0.9138 0.0187756 0.0188274 0.075479
0 0 0 0.715699 0.977227 0.181667 0.0265573 0.211839
0 0 1 0.465069 0.751944 0.166295 0.0167735 0.0533735
0 0 0 0.749047 0.983415 0.0237147 0.0237304 0.151135
0 0 1 0.568824 0.812261 0.070496 0.0187588 0.074657
0 0 1 0.733228 0.993159 0.0653044 0.0218175 0.117453
0 0 1 0.728131 0.882931 0.125361 0.0245729 0.167811
0 0 1 0.620922 0.756631 0.0626496 0.0234878 0.146547
0 0 1 0.734566 0.840376 0.199415 0.0159794 0.046146
0 0 1 0.701865 0.984955 0.0524323 0.013072 0.0252624
0 0 1 0.536588 0.930123 0.17837 0.0172778 0.058333
0 0 0 0.707773 0.987406 0.138003 0.0189745 0.0772611
0 0 0 0.683431 0.907236 0.179497 0.0190986 0.078787
0 0 0 0.551995 0.88595 0.131147 0.0151211 0.039102
0 0 0 0.38153 0.935438 0.0427944 0.0142874 0.0329846
0 0 1 0.513369 0.87079 0.170243 0.0179461 0.0653681
0 0 1 0.417528 0.885686 0.165806 0.0281891 0.253336
0 0 1 0.446519 0.901871 0.133163 0.0155792 0.0427651
0 0 1 0.455949 0.879832 0.185395 0.0153605 0.0409887
0 0 0 0.397488 0.844114 0.163959 0.0180297 0.066285
0 0 1 0.739426 0.892143 0.0780466 0.0197011 0.0864813
0 0 0 0.683676 0.769511 0.183721 0.0225835 0.130264
0 0 1 0.658759 0.965546 0.0700335 0.0280504 0.249613
0 0 0 0.735886 0.948301 0.0327954 0.0148708 0.0371929
0 0 0 0.745711 0.967566 0.102276 0.0241599 0.159492
0 0 0 0.426985 0.986047 0.181814 0.0156569 0.0434082
0 0 0 0.624751 0.989077 0.169652 0.0176384 0.0620624
0 0 0 0.695544 0.985209 0.0970532 0.0216534 0.114824
0 0 0 0.667695 0.947756 0.0207772 0.0207886 0.101609
0 0 0 0.725358 0.84741 0.159455 0.0247349 0.171152
0 0 1 0.548159 0.892213 0.17484 0.0225227 0.129215
0 0 0 0.503564 0.811837 0.129168 0.014336 0.0333225
0 0 0 0.425074 0.81318 0.147138 0.0139305 0.0305743
0 0 0 0.392457 0.774783 0.155479 0.0175864 0.0615153
0 0 0 0.67318 0.846125 0.158633 0.027477 0.234617
0 0 1 0.559563 0.7843 0.171923 0.0192193 0.0802905
0 0 1 0.398472 0.827249 0.0167592 0.016802 0.0536459
0 0 1 0.389018 0.806132 0.188042 0.0277521 0.241734
0 0 0 0.641619 0.799918 0.167548 0.0292039 0.281692
0 0 0 0.591632 0.787659 0.187696 0.0166949 0.052626
0 0 1 0.668842 0.962958 0.110449 0.0136901 0.0290181
0 0 0 0.43621 0.942705 0.016589 0.016595 0.0516876
0 0 0 0.380825 0.986439 0.145331 0.0251203 0.179278
0 0 1 0.614525 0.912377 0.180969 0.0191073 0.0788948
0 0 0 0.459839 0.911743 0.167307 0.0215344 0.11294
0 0 0 0.408259 0.918137 0.121377 0.0276335 0.238648
0 0 1 0.386829 0.873712 0.127799 0.0221183 0.122379
0 0 0 0.412174 0.842436 0.087425 0.0162391 0.0484325
0 0 0 0.714872 0.802909 0.0152432 0.0152436 0.0400606
0 0 1 0.509891 0.906818 0.173931 0.0184378 0.0708894
0 0 1 0.545032 0.851864 0.163041 0.0196432 0.0857208
0 0 1 0.439252 0.835734 0.178571 0.027007 0.222784
0 0 1 0.728269 0.763424 0.140354 0.0224428 0.127845
0 0 1 0.628066 0.846021 0.16928 0.0188854 0.0761781
0 0 0 0.645019 0.864206 0.128432 0.0169505 0.0550804
0 0 0 0.700736 0.877232 0.152646 0.0145095 0.0345471
0 0 1 0.578408 0.833437 0.168674 0.0188993 0.0763463
0 0 0 0.435221 0.782795 0.17182 0.0265188 0.210919
0 0 0 0.643685 0.76956 0.130771 0.0138236 0.0298757
0 0 0 0.502557 0.968499 0.155995 0.0296921 0.296057
0 0 0 0.456882 0.944323 0.129811 0.0282444 0.254829
0 0 0 0.71256 0.930108 0.162671 0.0215872 0.113774
0 0 1 0.647107 0.886612 0.173857 0.0230545 0.138585
0 0 0 0.652847 0.92023 0.160226 0.0132329 0.0262069
0 0 1 0.492659 0.912821 0.139613 0.0204309 0.0964523
0 0 0 0.465514 0.902312 0.0951691 0.0269014 0.220178
0 0 0 0.434811 0.881603 0.112345 0.0139226 0.0305222
0 0 0 0.707674 0.823097 0.122454 0.0134629 0.0275972
0 0 1 0.594267 0.875413 0.164439 0.0261762 0.202848
0 0 0 0.521476 0.903298 0.111647 0.0176156 0.0618222
0 0 1 0.491395 0.784805 0.123103 0.0156652 0.0434774
0 0 0 0.472813 0.867276 0.145627 0.0296273 0.294123
0 0 0 0.425554 0.846745 0.127241 0.0250988 0.178819
0 0 0 0.699081 0.802054 0.154464 0.0238176 0.152808
0 0 0 0.614174 0.764471 0.146983 0.0201287 0.0922357
0 0 1 0.505458 0.826542 0.167828 0.0270723 0.224402
0 0 1 0.389483 0.813607 0.138043 0.022809 0.134205
0 0 0 0.677057 0.762618 0.140552 0.0216393 0.114599
0 0 1 0.470246 0.772449 0.141714 0.0149771 0.0379956
0 0 1 0.744192 0.80335 0.178651 0.0268889 0.219873
0 0 0 0.509697 0.974361 0.0692102 0.0272489 0.228822
0 0 1 0.548574 0.910875 0.015516 0.0155426 0.0424646
0 0 1 0.698675 0.903617 0.0913815 0.0246882 0.170185
0 0 0 0.668185 0.931439 0.0981405 0.017158 0.057128
0 0 1 0.677555 0.904312 0.136111 0.0247858 0.172211
0 0 0 0.623995 0.905673 0.137481 0.0240886 0.158084
0 0 1 0.578867 0.926157 0.153481 0.027994 0.248111
0 0 0 0.523274 0.891792 0.144193 0.016961 0.0551827
0 0 0 0.56016 0.921811 0.102496 0.0262424 0.204392
0 0 0 0.419823 0.886183 0.0768063 0.0249183 0.174987
0 0 0 0.688434 0.855341 0.107063 0.0271185 0.225553
0 0 1 0.574328 0.847266 0.129092 0.0232402 0.141962
0 0 1 0.495949 0.883084 0.112556 0.0130777 0.0252958
0 0 0 0.548554 0.814174 0.145859 0.02194 0.119443
0 0 0 0.581329 0.892298 0.123683 0.0158067 0.0446656
0 0 0 0.507948 0.884455 0.0801121 0.0215416 0.113054
0 0 1 0.48047 0.859139 0.0980965 0.0188916 0.0762528
0 0 0 0.390607 0.801732 0.0962012 0.0207118 0.100485
0 0 1 0.381765 0.866921 0.0890135 0.0170279 0.0558391
0 0 1 0.73264 0.892216 0.17085 0.0220755 0.121671
0 0 0 0.706814 0.813604 0.0879445 0.0223393 0.126084
0 0 0 0.593521 0.800147 0.151797 0.0213733 0.110424
0 0 0 0.570927 0.767824 0.124625 0.0265313 0.211216
0 0 0 0.483967 0.787841 0.166659 0.0172154 0.0577033
0 0 0 0.463948 0.812847 0.137473 0.0261288 0.201749
0 0 0 0.419283 0.779906 0.123476 0.024495 0.166221
0 0 1 0.394681 0.75884 0.0892556 0.0226483 0.13139
0 0 0 0.49851 0.756907 0.160063 0.0176106 0.0617699
0 0 1 0.676935 0.976022 0.133696 0.0141808 0.0322519
0 0 1 0.446321 0.981713 0.0168556 0.0168823 0.0544189
0 0 0 0.67396 0.921942 0.0587178 0.0194981 0.0838354
0 0 1 0.628315 0.937563 0.100619 0.0232805 0.142701
0 0 0 0.526628 0.932559 0.0730867 0.0180162 0.066137
0 0 0 0.492733 0.918509 0.0586839 0.0214149 0.11107
0 0 0 0.648711 0.892268 0.0952052 0.0266987 0.21524
0 0 1 0.541046 0.802734 0.101824 0.0241853 0.159995
0 0 1 0.587465 0.851768 0.0910313 0.0156617 0.043448
0 0 0 0.599024 0.917396 0.111401 0.0138894 0.0303043
0 0 1 0.522704 0.849888 0.119483 0.0293456 0.285811
0 0 1 0.437833 0.812997 0.0979106 0.0212883 0.109113
0 0 0 0.397075 0.85546 0.0619812 0.0160872 0.0470859
0 0 0 0.619687 0.83069 0.128614 0.0250625 0.178043
0 0 1 0.595563 0.783845 0.0717743 0.0148121 0.0367538
0 0 1 0.460471 0.77862 0.107401 0.0195692 0.0847561
0 0 1 0.437234 0.755694 0.0845384 0.0202924 0.0945048
0 0 0 0.416648 0.786331 0.0794032 0.0138997 0.0303715
0 0 0 0.389203 0.997242 0.0959222 0.0261559 0.202376
0 0 0 0.517524 0.786324 0.146994 0.0197774 0.08749
0 0 1 0.734908 0.961501 0.143552 0.0189502 0.0769651
0 0 0 0.632408 0.983229 0.121924 0.0271628 0.226662
0 0 1 0.601814 0.959703 0.0263546 0.0138234 0.0298739
0 0 1 0.435012 0.753209 0.0157726 0.015773 0.0443809
0 0 0 0.481906 0.971388 0.107769 0.0147222 0.0360886
0 0 0 0.637003 0.973174 0.0147013 0.0147032 0.035949
0 0 1 0.421181 0.758965 0.0480689 0.0190186 0.077802
0 0 1 0.699219 0.931452 0.0151485 0.0151559 0.0393729
0 0 0 0.572154 0.932783 0.0617886 0.0156364 0.0432375
0 0 0 0.39887 0.925962 0.0712692 0.0203829 0.0957743
0 0 1 0.678265 0.901012 0.0225271 0.0225299 0.129339
0 0 0 0.600323 0.903222 0.0732987 0.0267891 0.217434
0 0 1 0.563244 0.833987 0.0953379 0.0146963 0.0358986
0 0 1 0.667242 0.886936 0.0568901 0.0162085 0.0481593
0 0 0 0.491522 0.855153 0.0554646 0.0201349 0.0923212
0 0 0 0.447734 0.845324 0.0651812 0.025804 0.194319
0 0 0 0.40722 0.816047 0.0560709 0.0250404 0.177572
0 0 1 0.50372 0.800961 0.0172767 0.0172813 0.0583687
0 0 1 0.664972 0.803719 0.115462 0.0280259 0.24896
0 0 1 0.609278 0.871992 0.111915 0.0206903 0.100173
0 0 0 0.616934 0.779627 0.104852 0.0247619 0.171714
0 0 1 0.565192 0.778254 0.0781103 0.0162846 0.048841
0 0 1 0.49002 0.812637 0.0871315 0.0298392 0.30048
0 0 1 0.448958 0.790706 0.060144 0.0239788 0.155933
0 0 1 0.394946 0.778205 0.0572472 0.0147868 0.036566
0 0 0 0.418542 0.785395 0.0197825 0.0197859 0.0876031
0 0 0 0.48617 0.760947 0.0701267 0.0247144 0.170726
0 0 1 0.441735 0.81964 0.0216157 0.0216198 0.114289
0 0 0 0.703682 0.873615 0.015482 0.0155019 0.0421317
0 0 1 0.559035 0.970942 0.0277564 0.0277675 0.242138
0 0 1 0.699622 0.821531 0.0479873 0.019028 0.0779169
0 0 0 0.704669 0.866035 0.056931 0.0266649 0.214422
0 0 1 0.619734 0.932849 0.0496708 0.0158006 0.0446142
0 0 1 0.626611 0.866351 0.064095 0.0194381 0.0830641
0 0 0 0.560325 0.875036 0.0979815 0.020775 0.101408
0 0 1 0.447836 0.924083 0.0539156 0.0190661 0.0783858
0 0 1 0.472105 0.809069 0.190759 0.0170266 0.0558259
0 0 1 0.707028 0.76171 0.0927003 0.0297768 0.298599
0 0 0 0.68057 0.791461 0.0672892 0.0174806 0.0604123
0 0 0 0.644714 0.847441 0.0973341 0.01838 0.0702245
0 0 1 0.58412 0.809907 0.10938 0.0201396 0.0923859
0 0 1 0.576995 0.781573 0.0147549 0.0147678 0.036425
0 0 1 0.531572 0.790662 0.0517364 0.0282122 0.253959
0 0 0 0.490481 0.791373 0.047939 0.0130608 0.0251977
0 0 1 0.382708 0.759444 0.0247137 0.0247364 0.171184
0 0 1 0.645256 0.790427 0.0625972 0.0181628 0.0677643
0 0 1 0.526033 0.764616 0.0156337 0.0156384 0.0432544
0 0 1 0.609858 0.984441 0.0146868 0.0146907 0.0358575
0 0 1 0.528986 0.852658 0.194505 0.0156866 0.0436555
0 0 0 0.656776 0.760306 0.0952232 0.0205707 0.0984462
0 0 0 0.627635 0.898547 0.0264059 0.0264302 0.208812
0 0 1 0.549113 0.896648 0.0562164 0.0276005 0.237795
0 0 0 0.5065 0.886719 0.0257257 0.0257506 0.193114
0 0 0 0.657863 0.851616 0.0294383 0.029516 0.29082
0 0 0 0.582098 0.858317 0.0529121 0.0224816 0.128509
0 0 0 0.536303 0.844026 0.0651285 0.0270233 0.223188
0 0 1 0.478934 0.820868 0.0395589 0.0197047 0.0865285
0 0 0 0.469179 0.855113 0.0206224 0.0206279 0.0992702
0 0 1 0.668616 0.827771 0.0727652 0.0211515 0.107023
0 0 1 0.614093 0.822037 0.0741263 0.0277035 0.240467
0 0 0 0.57592 0.781811 0.0466487 0.017146 0.0570087
0 0 0 0.632256 0.994765 0.0431854 0.0197003 0.0864709
0 0 0 0.675034 0.954498 0.164195 0.0231994 0.141215
0 0 1 0.468747 0.786926 0.0204915 0.0205455 0.0980851
0 0 1 0.569901 0.818805 0.0271335 0.0251119 0.179099
0 0 1 0.555502 0.763324 0.0267521 0.0158892 0.0453691
0 0 0 0.549845 0.788703 0.0129413 0.0129416 0.0245142
0 0 1 0.533632 0.810513 0.0142518 0.014266 0.0328364
0 0 1 0.594959 0.757247 0.0154805 0.0154816 0.0419663
0 0 1 0.61561 0.792925 0.0273787 0.0274261 0.233316
0 0 1 0.668772 0.79737 0.0259179 0.0259604 0.197873
0 0 0 0.420541 0.857276 0.0274618 0.0219713 0.119955
0 0 0 0.512484 0.839202 0.0222511 0.0222685 0.12489
0 0 0 0.585666 0.882375 0.0191363 0.0191405 0.079307
0 0 1 0.608425 0.843825 0.0212042 0.0212064 0.107859
0 0 0 0.716098 0.840761 0.0190789 0.0190797 0.0785535
0 0 0 0.411818 0.90683 0.0283523 0.0283577 0.257908
0 0 1 0.550658 0.861271 0.0217728 0.021833 0.117705
0 0 1 0.584635 0.925597 0.0244151 0.024418 0.164658
0 0 1 0.647882 0.935173 0.0448736 0.0128657 0.0240852
0 0 1 0.627056 0.942185 0.0180098 0.0180155 0.0661289
0 0 0 0.520772 0.937087 0.0235002 0.0235009 0.146794
0 0 0 0.747739 0.836852 0.0662241 0.0261945 0.203275
0 0 0 0.39224 0.956834 0.0192505 0.0192949 0.0812414
0 0 0 0.737887 0.805765 0.130051 0.0221886 0.12355
0 0 0 0.588185 0.988822 0.152244 0.0228625 0.135153
0 0 1 0.703508 0.767493 0.0201875 0.0202276 0.0936016
0 0 1 0.457764 0.756487 0.0394552 0.0169662 0.0552338
0 0 1 0.680353 0.993367 0.190144 0.0132161 0.0261072
0 0 0 0.382238 0.959533 0.113965 0.01623 0.0483514
0 0 0 0.597411 0.982431 0.191225 0.0177075 0.0627951
0 0 0 0.4648 0.948156 0.191199 0.0223176 0.125718
0 0 1 0.390112 0.911283 0.1918 0.0174482 0.0600764
0 0 0 0.549079 0.819875 0.194427 0.0224289 0.127608
0 0 1 0.518888 0.780946 0.193284 0.0268527 0.218985
0 0 1 0.506031 0.940601 0.196954 0.0200026 0.0905135
0 0 1 0.733845 0.936169 0.195117 0.0177013 0.0627284
0 0 0 0.586855 0.900418 0.195423 0.0143232 0.0332329
0 0 1 0.472454 0.770219 0.19872 0.0211424 0.106885
0 0 0 0.379713 0.935177 0.0983397 0.0128205 0.0238323
0 0 0 0.566596 0.859065 0.198555 0.0206974 0.100276
0 0 1 0.747303 0.781301 0.0148089 0.0148118 0.0367519
0 0 0 0.541467 0.751591 0.0731588 0.017445 0.0600436
0 0 0 0.486575 0.750774 0.131378 0.0140621 0.0314486
0 0 0 0.476551 0.750273 0.105106 0.0131012 0.0254323
0 0 0 0.607318 0.946614 0.199038 0.0202827 0.0943686
0 0 1 0.377629 0.893574 0.0603442 0.0198701 0.0887263
0 0 1 0.649842 0.973762 0.199463 0.0242317 0.160917
0 0 0 0.568628 0.750254 0.0884434 0.0137642 0.0294923
0 0 1 0.375473 0.872249 0.181756 0.0187575 0.0746408
0 0 0 0.538379 0.750181 0.159479 0.0228377 0.134713
0 0 0 0.666402 0.809638 0.374924 0.0206317 0.0993245
0 0 0 0.683862 0.958495 0.371254 0.0248532 0.173619
0 0 0 0.678759 0.995165 0.377321 0.0126645 0.022973
0 0 1 0.703965 0.810783 0.367105 0.0177535 0.0632859
0 0 0 0.726028 0.982322 0.240139 0.0232518 0.142174
0 0 0 0.431045 0.967952 0.218351 0.0253282 0.183766
0 0 1 0.494972 0.750579 0.214272 0.0125425 0.0223153
0 0 0 0.430493 0.948316 0.26188 0.0224316 0.127653
0 0 1 0.501656 0.755451 0.281634 0.022221 0.124092
0 0 0 0.568498 0.974506 0.216887 0.0207422 0.100929
0 0 1 0.705897 0.876492 0.367153 0.0205021 0.0974649
0 0 1 0.592525 0.969049 0.340559 0.0293295 0.285343
0 0 0 0.477182 0.763202 0.319852 0.0210596 0.105633
0 0 0 0.60282 0.852204 0.38624 0.0223623 0.126475
0 0 0 0.677646 0.882881 0.350513 0.012902 0.0242898
0 0 0 0.619782 0.816286 0.397072 0.0188163 0.075345
0 0 0 0.548326 0.890787 0.377052 0.0205625 0.0983285
0 0 0 0.542463 0.998811 0.217481 0.0148808 0.0372673
0 0 0 0.719214 0.757705 0.269945 0.015737 0.0440777
0 0 0 0.576215 0.917865 0.380088 0.0130995 0.0254225
0 0 0 0.667868 0.876685 0.375325 0.014484 0.0343654
0 0 1 0.672347 0.75914 0.32837 0.0289 0.272989
0 0 1 0.624823 0.939172 0.388111 0.0226268 0.131015
0 0 0 0.462921 0.887631 0.385874 0.0169382 0.054961
0 0 0 0.61976 0.902791 0.380003 0.0149941 0.0381256
0 0 0 0.399815 0.979707 0.375473 0.0274369 0.233591
0 0 1 0.589297 0.942462 0.375961 0.0150638 0.0386597
0 0 0 0.738227 0.891761 0.389132 0.0161569 0.0477007
0 0 0 0.427819 0.965754 0.328461 0.0208213 0.102088
0 0 0 0.689816 0.774584 0.373126 0.021566 0.113439
0 0 1 0.737125 0.902809 0.21292 0.0202643 0.0941129
0 0 1 0.475036 0.775462 0.37858 0.0274052 0.232783
0 0 0 0.382927 0.932617 0.372393 0.0226886 0.132091
0 0 1 0.572968 0.796104 0.380426 0.0183698 0.0701071
0 0 1 0.535874 0.750065 0.33383 0.0171576 0.0571248
0 0 1 0.514396 0.757654 0.388055 0.0168277 0.0538923
0 0 1 0.437551 0.756121 0.226168 0.0254522 0.186477
0 0 0 0.479498 0.998275 0.29419 0.0221785 0.123382
0 0 0 0.541498 0.772445 0.352878 0.0127648 0.023523
0 0 0 0.550572 0.83695 0.38094 0.0206323 0.0993337
0 0 1 0.460097 0.816025 0.367239 0.017285 0.0584064
0 0 1 0.440348 0.843709 0.360959 0.0132123 0.0260849
0 0 1 0.718255 0.841734 0.360759 0.0168951 0.0545424
0 0 0 0.588951 0.888763 0.366419 0.0214855 0.112174
0 0 0 0.504245 0.827674 0.36793 0.0283798 0.258511
0 0 1 0.616599 0.790736 0.359662 0.0266035 0.212946
0 0 0 0.741427 0.902323 0.346211 0.0281626 0.252622
0 0 0 0.535368 0.859922 0.357749 0.0134958 0.0278004
0 0 0 0.563891 0.792325 0.334217 0.0225185 0.129143
0 0 0 0.612038 0.921665 0.3485 0.0225331 0.129395
0 0 1 0.687652 0.796 0.343168 0.0136664 0.0288677
0 0 1 0.548189 0.973003 0.364655 0.0186802 0.0737225
0 0 1 0.724678 0.949039 0.349477 0.021581 0.113675
0 0 0 0.502255 0.905232 0.363253 0.0296586 0.295057
0 0 0 0.43328 0.750237 0.384445 0.0210212 0.105057
0 0 1 0.678332 0.845269 0.349504 0.0247346 0.171147
0 0 0 0.40465 0.759888 0.364001 0.0154593 0.0417849
0 0 0 0.4356 0.869495 0.353182 0.0138542 0.0300743
0 0 1 0.454683 0.990445 0.360143 0.0275066 0.235376
0 0 0 0.382146 0.895248 0.356082 0.0160615 0.0468611
0 0 0 0.745854 0.86048 0.3611 0.0164706 0.0505333
0 0 1 0.458707 0.91518 0.369178 0.0154031 0.0413312
0 0 1 0.635769 0.98289 0.374802 0.0243704 0.163697
0 0 1 0.432943 0.944378 0.36528 0.0220632 0.121467
0 0 1 0.713337 0.987377 0.356421 0.0190018 0.0775955
0 0 0 0.509708 0.864343 0.340659 0.01765 0.0621856
0 0 1 0.738276 0.838149 0.33894 0.0129355 0.0244794
0 0 1 0.702585 0.924819 0.364137 0.0143326 0.0332984
0 0 1 0.734862 0.863511 0.269786 0.0257176 0.192372
0 0 0 0.573199 0.858005 0.367458 0.0130928 0.0253833
0 0 1 0.742842 0.869094 0.206003 0.0146273 0.0353955
0 0 1 0.743935 0.78758 0.245079 0.013129 0.0255946
0 0 0 0.664309 0.995639 0.296376 0.0256073 0.189908
0 0 1 0.508453 0.963004 0.342735 0.0276109 0.238065
0 0 0 0.647877 0.954196 0.331905 0.0286436 0.265787
0 0 0 0.446311 0.971707 0.292621 0.0193104 0.0814372
0 0 1 0.530467 0.953085 0.231154 0.0238626 0.153675
0 0 1 0.385379 0.96597 0.273312 0.0249543 0.175748
0 0 1 0.613016 0.974462 0.23423 0.0249707 0.176094
0 0 0 0.61689 0.92936 0.25729 0.0173627 0.0591979
0 0 1 0.540135 0.886144 0.337605 0.0199123 0.0892926
0 0 0 0.700381 0.97526 0.270293 0.0169652 0.0552239
0 0 1 0.709665 0.986515 0.30577 0.0210958 0.106179
0 0 1 0.644939 0.910494 0.333348 0.0151877 0.0396212
0 0 0 0.61018 0.900555 0.319648 0.0132728 0.0264447
0 0 1 0.380465 0.966966 0.32711 0.0246721 0.169853
0 0 1 0.518375 0.786386 0.317732 0.0262585 0.204767
0 0 0 0.728763 0.76875 0.340473 0.0295968 0.293215
0 0 1 0.633912 0.789262 0.298646 0.0132532 0.0263279
0 0 1 0.551901 0.93001 0.351272 0.0265119 0.210754
0 0 1 0.532013 0.962987 0.273966 0.0201093 0.0919693
0 0 0 0.407066 0.920488 0.32843 0.028917 0.273471
0 0 0 0.643923 0.847589 0.320472 0.0203461 0.095257
0 0 0 0.514582 0.874698 0.303455 0.0154041 0.0413393
0 0 1 0.713056 0.816362 0.328963 0.0218544 0.118051
0 0 1 0.654573 0.807555 0.332761 0.0228858 0.135566
0 0 1 0.469553 0.861928 0.358336 0.0213121 0.109479
0 0 1 0.57535 0.898324 0.330597 0.0180106 0.0660753
0 0 0 0.554919 0.799671 0.294184 0.0191713 0.0796903
0 0 0 0.542595 0.804204 0.364912 0.0166882 0.0525627
0 0 1 0.474528 0.975208 0.321751 0.0141036 0.0317279
0 0 0 0.527765 0.97802 0.200604 0.0156679 0.0434995
0 0 1 0.686737 0.796515 0.31362 0.0134552 0.0275503
0 0 1 0.664703 0.792527 0.290429 0.0187819 0.0749321
0 0 1 0.632199 0.921833 0.291539 0.0209071 0.103355
0 0 0 0.429219 0.87131 0.312524 0.027343 0.231201
0 0 0 0.415356 0.951399 0.297001 0.0159417 0.0458204
0 0 0 0.648186 0.847244 0.388598 0.0233415 0.143826
0 0 1 0.714653 0.863613 0.318107 0.0266617 0.214345
0 0 0 0.568815 0.870511 0.344447 0.0134635 0.0276008
0 0 1 0.599081 0.862056 0.319278 0.0267992 0.217679
0 0 0 0.546821 0.83962 0.321927 0.0292429 0.282823
0 0 1 0.539586 0.770662 0.27399 0.0193613 0.082084
0 0 1 0.556957 0.764902 0.305952 0.0174739 0.0603421
0 0 1 0.601972 0.811619 0.316149 0.023839 0.15322
0 0 0 0.68 0.831018 0.300873 0.0239395 0.155167
0 0 0 0.675586 0.994661 0.343125 0.0216834 0.115302
0 0 0 0.458173 0.974968 0.398821 0.0142987 0.0330627
0 0 0 0.725988 0.942995 0.289033 0.0282903 0.256073
0 0 0 0.656004 0.910554 0.263966 0.0170757 0.05631
0 0 0 0.587276 0.927927 0.303415 0.0239227 0.15484
0 0 1 0.464788 0.934585 0.324057 0.0277345 0.241277
0 0 0 0.475956 0.948377 0.379077 0.0232959 0.142986
0 0 1 0.689332 0.913833 0.323453 0.0298478 0.300739
0 0 0 0.438823 0.819857 0.328217 0.0273262 0.230775
0 0 0 0.479595 0.799198 0.338375 0.019507 0.0839504
0 0 0 0.416013 0.920053 0.28409 0.016324 0.0491967
0 0 0 0.5194 0.812966 0.276819 0.0225486 0.129661
0 0 1 0.435384 0.768572 0.338871 0.0251806 0.180572
0 0 1 0.715477 0.829207 0.25195 0.0175389 0.061018
0 0 0 0.666393 0.875089 0.326372 0.0148496 0.0370337
0 0 0 0.676391 0.771277 0.262276 0.0178518 0.0643428
0 0 1 0.692827 0.939252 0.209826 0.025994 0.198642
0 0 1 0.552412 0.957212 0.310531 0.0221606 0.123082
0 0 0 0.670874 0.946529 0.282228 0.0259227 0.197012
0 0 1 0.55046 0.923281 0.280704 0.0132285 0.026181
0 0 1 0.727326 0.853659 0.228237 0.0165713 0.0514661
0 0 0 0.674588 0.876192 0.289459 0.02298 0.137248
0 0 1 0.63802 0.885776 0.309537 0.01983 0.0881907
0 0 0 0.479076 0.883824 0.319235 0.0245068 0.166461
0 0 0 0.465257 0.859604 0.285838 0.0190089 0.077682
0 0 0 0.388452 0.83468 0.301084 0.0283017 0.256384
0 0 1 0.403342 0.895709 0.293752 0.0127719 0.0235622
0 0 0 0.410395 0.918284 0.25196 0.0150471 0.0385307
0 0 0 0.407297 0.771214 0.255015 0.0189951 0.077514
0 0 1 0.635097 0.823999 0.28218 0.025207 0.18114
0 0 1 0.415095 0.789882 0.293392 0.0243969 0.164232
0 0 1 0.608185 0.898446 0.293849 0.0126941 0.0231346
0 0 1 0.6314 0.780236 0.264522 0.0221335 0.122632
0 0 0 0.583534 0.782521 0.264283 0.0256328 0.190475
0 0 1 0.739186 0.898231 0.298009 0.019235 0.080487
0 0 0 0.73844 0.831462 0.298874 0.0177245 0.0629759
0 0 0 0.422994 0.824619 0.364869 0.0128839 0.0241879
0 0 0 0.51333 0.775046 0.358134 0.0160076 0.0463909
0 0 1 0.701134 0.904333 0.253886 0.0295833 0.292815
0 0 0 0.660832 0.878485 0.252047 0.0169558 0.0551322
0 0 1 0.690058 0.856451 0.242558 0.0208555 0.102592
0 0 0 0.621592 0.871802 0.268823 0.0262435 0.204418
0 0 1 0.649527 0.827141 0.204627 0.0174754 0.0603575
0 0 1 0.55045 0.908351 0.248404 0.0175304 0.0609296
0 0 1 0.559503 0.88473 0.289959 0.0274368 0.23359
0 0 0 0.518241 0.918911 0.308268 0.0292202 0.282164
0 0 1 0.501727 0.925594 0.240904 0.0170916 0.0564678
0 0 1 0.458843 0.906459 0.27439 0.0296537 0.294909
0 0 1 0.713989 0.797404 0.284085 0.0267415 0.216276
0 0 1 0.67527 0.813668 0.252889 0.0255812 0.189328
0 0 0 0.632196 0.812898 0.237861 0.0200417 0.0910446
0 0 1 0.45892 0.81545 0.259503 0.0141278 0.0318913
0 0 0 0.580015 0.83514 0.275204 0.0282479 0.254923
0 0 1 0.492206 0.835161 0.312844 0.0263026 0.205802
0 0 1 0.450891 0.801206 0.28084 0.012754 0.0234632
0 0 0 0.406606 0.780639 0.217475 0.0149745 0.0379761
0 0 0 0.454719 0.763254 0.279159 0.0254276 0.185937
0 0 0 0.740318 0.977228 0.32735 0.0175283 0.0609072
0 0 0 0.660544 0.91574 0.368765 0.0238701 0.153821
0 0 1 0.516458 0.983713 0.302442 0.0183956 0.0704035
0 0 0 0.737471 0.813822 0.224636 0.0207592 0.101177
0 0 0 0.623356 0.835078 0.351473 0.0189053 0.0764195
0 0 0 0.601434 0.79648 0.23057 0.0150187 0.0383136
0 0 1 0.573056 0.874024 0.240526 0.0243256 0.162796
0 0 0 0.648957 0.84862 0.234764 0.0195401 0.0843792
0 0 0 0.595535 0.911774 0.231975 0.0189153 0.0765402
0 0 0 0.63176 0.903355 0.242743 0.015941 0.0458143
0 0 1 0.593268 0.905602 0.268158 0.0178679 0.0645171
0 0 1 0.526971 0.928323 0.263035 0.0165936 0.0516746
0 0 1 0.467276 0.94327 0.237951 0.0217482 0.116338
0 0 0 0.566598 0.930958 0.206719 0.0240253 0.156841
0 0 0 0.522572 0.850382 0.285335 0.0159568 0.0459503
0 0 1 0.411831 0.873927 0.258206 0.0297726 0.29847
0 0 1 0.708028 0.774417 0.22844 0.0285778 0.263961
0 0 1 0.398661 0.817783 0.243567 0.0297379 0.297429
0 0 1 0.48261 0.796151 0.291174 0.019349 0.0819273
0 0 0 0.40848 0.983711 0.302441 0.0162449 0.0484846
0 0 1 0.436909 0.793758 0.255632 0.0170181 0.0557424
0 0 0 0.583403 0.8264 0.355568 0.0221849 0.123488
0 0 0 0.389634 0.797417 0.344913 0.0292463 0.282922
0 0 1 0.376358 0.797772 0.385487 0.0134466 0.0274975
0 0 0 0.566903 0.99529 0.280437 0.0278816 0.245134
0 0 1 0.702212 0.947705 0.248644 0.0141197 0.0318367
0 0 0 0.662325 0.899843 0.216739 0.0243465 0.163215
0 0 0 0.526457 0.906037 0.214708 0.0239017 0.154433
0 0 0 0.511238 0.822593 0.215203 0.0208322 0.102249
0 0 1 0.57482 0.945684 0.256486 0.0277828 0.242538
0 0 0 0.477758 0.904558 0.233194 0.0157219 0.0439508
0 0 0 0.435667 0.908777 0.215972 0.0299533 0.303938
0 0 1 0.487094 0.953531 0.279592 0.0254993 0.187516
0 0 0 0.608728 0.841453 0.24077 0.0170439 0.0559962
0 0 0 0.561849 0.893064 0.208934 0.0142327 0.0326072
0 0 1 0.511606 0.886008 0.261169 0.0284691 0.26096
0 0 1 0.446191 0.841469 0.239574 0.0210351 0.105266
0 0 0 0.445126 0.864159 0.210316 0.0160101 0.0464127
0 0 0 0.404558 0.857096 0.208275 0.023423 0.145339
0 0 0 0.694575 0.823388 0.20415 0.0277366 0.241331
0 0 0 0.662467 0.860178 0.201483 0.0181572 0.067702
0 0 1 0.537655 0.843841 0.248071 0.0228055 0.134145
0 0 1 0.487919 0.839504 0.255692 0.0237416 0.151349
0 0 0 0.457099 0.876428 0.239805 0.0155865 0.0428254
0 0 1 0.434511 0.832623 0.280326 0.0222722 0.124952
0 0 1 0.73349 0.938611 0.23429 0.0214772 0.112043
0 0 1 0.625813 0.918502 0.214417 0.0167302 0.0529608
0 0 0 0.616912 0.875258 0.213035 0.027456 0.234079
0 0 0 0.490134 0.867622 0.211022 0.0291047 0.278832
0 0 0 0.432909 0.964921 0.394067 0.0133035 0.0266285
0 0 0 0.655265 0.782498 0.358594 0.0129462 0.02454
0 0 0 0.571145 0.832109 0.226746 0.0185724 0.0724533
0 0 0 0.505573 0.992151 0.259088 0.0219801 0.1201
0 0 0 0.659058 0.790117 0.214764 0.0220864 0.121851
0 0 0 0.542329 0.796952 0.237851 0.0254221 0.185817
0 0 1 0.538646 0.868914 0.21922 0.0154329 0.0415718
0 0 1 0.575608 0.799701 0.213459 0.0159516 0.0459058
0 0 1 0.488487 0.787709 0.243429 0.0294959 0.290225
0 0 0 0.442191 0.803648 0.217038 0.0231746 0.140762
0 0 1 0.681805 0.972161 0.23969 0.0189685 0.0771881
0 0 1 0.619143 0.770214 0.209954 0.0227818 0.133726
0 0 1 0.418847 0.985808 0.257392 0.0170956 0.0565077
0 0 0 0.447856 0.897566 0.343659 0.0174487 0.0600821
0 0 1 0.708046 0.907213 0.39042 0.0177764 0.0635311
0 0 0 0.42853 0.792923 0.379023 0.0222765 0.125023
0 0 0 0.386651 0.994288 0.200138 0.0294199 0.287988
0 0 1 0.606696 0.824522 0.201753 0.025542 0.188459
0 0 1 0.561897 0.765429 0.208384 0.0213226 0.109641
0 0 0 0.696114 0.996007 0.216254 0.0174033 0.0596136
0 0 1 0.480857 0.912516 0.200668 0.0179107 0.0649816
0 0 1 0.564612 0.755808 0.242146 0.0138977 0.0303584
0 0 1 0.38437 0.942069 0.22548 0.0285382 0.262866
0 0 1 0.74097 0.991776 0.374517 0.0143215 0.0332212
0 0 1 0.526219 0.99462 0.359887 0.0125128 0.0221573
0 0 0 0.702723 0.875355 0.202874 0.0248936 0.174467
0 0 1 0.648967 0.979365 0.256812 0.017769 0.0634511
0 0 1 0.459931 0.986186 0.254033 0.0240975 0.15826
0 0 0 0.410489 0.943869 0.392538 0.0132572 0.0263517
0 0 0 0.650451 0.942584 0.236578 0.0242503 0.161289
0 0 0 0.540534 0.988216 0.245964 0.0155698 0.0426876
0 0 0 0.616171 0.967954 0.286849 0.028157 0.252471
0 0 0 0.674302 0.998865 0.257941 0.0142378 0.0326425
0 0 1 0.490848 0.977584 0.21716 0.024796 0.172424
0 0 0 0.634831 0.877284 0.353333 0.0248722 0.174018
0 0 0 0.396472 0.853631 0.353527 0.0280365 0.249244
0 0 0 0.693424 0.960587 0.329184 0.0174361 0.0599519
0 0 0 0.41957 0.898108 0.379392 0.0281304 0.251757
0 0 1 0.379199 0.887638 0.384948 0.0139364 0.0306128
0 0 1 0.526034 0.948946 0.383429 0.0188952 0.0762972
0 0 0 0.428118 0.857354 0.380428 0.0135241 0.0279757
0 0 0 0.603728 0.758249 0.309988 0.029945 0.303687
0 0 0 0.653483 0.759855 0.287779 0.0158716 0.0452183
0 0 1 0.50077 0.992009 0.391986 0.0285352 0.262783
0 0 0 0.438411 0.830431 0.389391 0.0166609 0.0523057
0 0 1 0.555821 0.933502 0.394906 0.0165667 0.0514229
0 0 0 0.474201 0.913904 0.393831 0.0127422 0.0233986
0 0 1 0.517876 0.867693 0.393627 0.0210979 0.106211
0 0 1 0.695749 0.840618 0.393893 0.0231764 0.140795
0 0 0 0.532129 0.916277 0.391512 0.0129215 0.0243998
0 0 0 0.684087 0.928189 0.396615 0.014665 0.0356699
0 0 1 0.64286 0.887186 0.397517 0.0179311 0.0652034
0 0 0 0.525421 0.793264 0.397314 0.0215829 0.113706
0 0 0 0.730587 0.944936 0.397206 0.0266916 0.215068
0 0 0 0.748154 0.982371 0.399187 0.0130403 0.0250795
0 0 0 0.677021 0.894417 0.399752 0.0170616 0.056171
0 0 1 0.577773 0.756754 0.362628 0.0250862 0.17855
0 0 1 0.646899 0.755966 0.387979 0.0275207 0.235737
0 0 0 0.709014 0.750313 0.300953 0.0177344 0.0630815
0 0 1 0.644556 0.775943 0.484613 0.0260934 0.200929
0 0 0 0.740609 0.918103 0.482504 0.0297927 0.299076
0 0 0 0.601955 0.990877 0.464581 0.0177753 0.0635189
0 0 0 0.60126 0.781165 0.40428 0.0215395 0.11302
0 0 0 0.552303 0.993522 0.459905 0.0229213 0.136198
0 0 0 0.391541 0.931536 0.493809 0.0234144 0.145178
0 0 0 0.4513 0.970041 0.476544 0.0236888 0.150343
0 0 1 0.713851 0.802024 0.476941 0.0231834 0.140923
0 0 1 0.519139 0.765398 0.415985 0.0125434 0.0223201
0 0 1 0.704568 0.790803 0.439541 0.0164274 0.0501373
0 0 1 0.657756 0.961805 0.412861 0.0243779 0.163849
0 0 1 0.738923 0.973538 0.437306 0.0232645 0.142408
0 0 0 0.662378 0.855614 0.492302 0.0254384 0.186175
0 0 0 0.728339 0.934372 0.439946 0.0173941 0.059519
0 0 0 0.518131 0.902248 0.449245 0.0195656 0.0847097
0 0 1 0.486861 0.831102 0.454908 0.0271438 0.226186
0 0 1 0.545719 0.895072 0.484771 0.0234552 0.145938
0 0 0 0.654927 0.904194 0.474189 0.0195403 0.0843817
0 0 0 0.570978 0.853954 0.479879 0.0250506 0.17779
0 0 0 0.381251 0.951968 0.416155 0.0251908 0.180791
0 0 0 0.66685 0.865664 0.430466 0.0260619 0.200202
0 0 1 0.389391 0.891515 0.47399 0.0212972 0.10925
0 0 1 0.395415 0.862091 0.401233 0.0204271 0.0963986
0 0 0 0.514099 0.787803 0.492468 0.0259825 0.198378
0 0 0 0.403728 0.820343 0.403769 0.0222169 0.124023
0 0 1 0.653545 0.772441 0.438083 0.0175253 0.0608761
0 0 0 0.724413 0.909638 0.419003 0.0152523 0.0401289
0 0 1 0.610594 0.819446 0.473174 0.0279131 0.245967
0 0 1 0.656544 0.820208 0.41334 0.0142533 0.0327493
0 0 1 0.619978 0.873664 0.466121 0.0275624 0.236811
0 0 0 0.537164 0.893149 0.417048 0.0185079 0.0717013
0 0 1 0.405938 0.934535 0.451537 0.0213439 0.109969
0 0 0 0.706396 0.878135 0.412857 0.0189905 0.0774569
0 0 0 0.58621 0.79322 0.441679 0.0197783 0.0875026
0 0 1 0.587423 0.853071 0.439425 0.0186281 0.0731065
0 0 1 0.424974 0.840251 0.425475 0.014101 0.0317105
0 0 0 0.657042 0.993582 0.489184 0.0184037 0.0704966
0 0 1 0.415201 0.77245 0.460138 0.0258913 0.196298
0 0 0 0.547308 0.792613 0.438999 0.0192222 0.0803276
0 0 0 0.50766 0.78132 0.444928 0.0224289 0.127608
0 0 0 0.556919 0.759367 0.409479 0.0262662 0.204948
0 0 0 0.715825 0.768127 0.45956 0.0149618 0.0378796
0 0 0 0.482837 0.959936 0.413549 0.0137103 0.029147
0 0 0 0.609442 0.973918 0.41672 0.0249392 0.175429
0 0 1 0.585388 0.941961 0.406993 0.0162176 0.0482406
0 0 1 0.466579 0.756978 0.441886 0.025422 0.185815
0 0 0 0.397834 0.865759 0.440457 0.0190432 0.0781036
0 0 0 0.685754 0.916464 0.439017 0.0288133 0.27054
0 0 1 0.421211 0.982592 0.435487 0.028739 0.268453
0 0 0 0.542075 0.930917 0.430939 0.0220325 0.120961
0 0 1 0.627621 0.922748 0.437686 0.0296766 0.295595
0 0 1 0.538527 0.822021 0.470577 0.021419 0.111135
0 0 0 0.566397 0.866675 0.407281 0.0221224 0.122447
0 0 1 0.481777 0.926878 0.459793 0.0255977 0.189694
0 0 1 0.445009 0.931907 0.418809 0.0296924 0.296066
0 0 1 0.717638 0.829571 0.438175 0.0245084 0.166493
0 0 1 0.680282 0.794331 0.411389 0.0209186 0.103526
0 0 1 0.624906 0.842355 0.428035 0.0219874 0.120219
0 0 1 0.450714 0.843838 0.438075 0.014717 0.0360501
0 0 0 0.539534 0.8699 0.450827 0.019255 0.0807384
0 0 1 0.489535 0.802365 0.414097 0.0190685 0.0784156
0 0 0 0.460069 0.87204 0.460118 0.0220598 0.121411
0 0 1 0.510532 0.966947 0.442214 0.0267618 0.216769
0 0 1 0.627242 0.799522 0.432072 0.0207047 0.100383
0 0 0 0.563641 0.784861 0.478373 0.0241048 0.158403
0 0 0 0.424549 0.895553 0.449193 0.0219176 0.119078
0 0 1 0.460697 0.79107 0.483042 0.028344 0.257536
0 0 0 0.569385 0.759021 0.449154 0.0153235 0.0406933
0 0 1 0.687253 0.905394 0.499917 0.0217924 0.117049
0 0 1 0.399748 0.804131 0.437905 0.0157828 0.0444635
0 0 1 0.393334 0.906879 0.42087 0.0217279 0.116013
0 0 0 0.535143 0.944064 0.483761 0.0266776 0.214731
0 0 0 0.576007 0.897881 0.444295 0.0271774 0.227026
0 0 1 0.668395 0.816122 0.454977 0.0292338 0.282559
0 0 0 0.531225 0.833186 0.424162 0.0268775 0.219594
0 0 1 0.610717 0.880574 0.417018 0.0202438 0.0938273
0 0 0 0.485521 0.886154 0.422121 0.0258032 0.1943
0 0 1 0.502414 0.929826 0.411211 0.0222807 0.125094
0 0 1 0.472904 0.840922 0.407092 0.0235046 0.146863
0 0 0 0.578663 0.823034 0.411618 0.0232315 0.141803
0 0 1 0.688714 0.995306 0.453774 0.0291351 0.279707
0 0 0 0.444496 0.803167 0.42719 0.0278442 0.24415
0 0 0 0.440493 0.871431 0.416224 0.0219372 0.119397
0 0 0 0.701094 0.958743 0.427319 0.0176635 0.0623284
0 0 0 0.70767 0.872189 0.468107 0.0285208 0.262385
0 0 1 0.709999 0.994342 0.401804 0.0270355 0.223488
0 0 0 0.733913 0.764357 0.434932 0.0158266 0.0448348
0 0 1 0.437562 0.924416 0.482991 0.0243944 0.164181
0 0 0 0.620662 0.942537 0.485209 0.0222709 0.124929
0 0 1 0.637723 0.9701 0.452769 0.0210403 0.105343
0 0 0 0.581223 0.951335 0.455747 0.0277381 0.241369
0 0 0 0.420752 0.834326 0.466822 0.0278822 0.245152
0 0 0 0.670624 0.949419 0.483022 0.0282097 0.253891
0 0 0 0.466609 0.968967 0.438465 0.0173674 0.0592456
0 0 0 0.555967 0.975781 0.41143 0.0288292 0.270989
0 0 1 0.449764 0.767082 0.408907 0.0129525 0.0245764
0 0 1 0.653256 0.998151 0.421752 0.0133091 0.0266624
0 0 0 0.655224 0.924945 0.404576 0.0134868 0.0277445
0 0 0 0.566686 0.905608 0.402861 0.0144078 0.0338253
0 0 0 0.395998 0.771699 0.408794 0.0266654 0.214436
0 0 0 0.379981 0.989484 0.461281 0.0203806 0.0957418
0 0 0 0.74054 0.853683 0.402496 0.0242679 0.16164
0 0 1 0.728527 0.792932 0.401736 0.0283044 0.256457
0 0 1 0.612681 0.753244 0.446648 0.0284288 0.259854
0 0 1 0.646255 0.796115 0.401014 0.0147017 0.0359377
0 0 0 0.597195 0.9118 0.400525 0.0168108 0.0537301
0 0 1 0.793616 0.0402827 0.0177811 0.017782 0.0635905
0 0 0 0.838912 0.0403638 0.0280108 0.0280352 0.249209
0 0 1 0.918393 0.0163826 0.0277909 0.0278539 0.244404
0 0 1 0.948086 0.047538 0.0164089 0.0164098 0.0499765
0 0 1 1.0068 0.0395171 0.0257387 0.0257563 0.193243
0 0 1 1.05337 0.0545593 0.0181417 0.0181439 0.0675534
0 0 0 1.12149 0.0520054 0.0170159 0.0170202 0.0557628
0 0 1 0.775769 0.149376 0.139976 0.015577 0.0427465
0 0 1 0.819886 0.0779417 0.0158169 0.0158233 0.0448072
0 0 0 0.883329 0.0443892 0.0177327 0.0177334 0.0630709
0 0 1 0.97175 0.0832709 0.0279271 0.0279695 0.24746
0 0 0 1.0254 0.0877144 0.0258687 0.0259199 0.196949
0 0 1 1.08936 0.0807777 0.0273136 0.0273244 0.230731
0 0 1 0.795671 0.147425 0.029435 0.0295079 0.29058
0 0 1 0.83383 0.112926 0.022418 0.0224186 0.127432
0 0 0 0.866806 0.199333 0.025398 0.0254113 0.185582
0 0 1 0.872269 0.241722 0.0179707 0.0179718 0.0656494
0 0 0 0.901159 0.185161 0.0135884 0.0135945 0.0284147
0 0 0 0.905283 0.152042 0.0204881 0.0204889 0.097277
0 0 0 0.932316 0.179875 0.0183602 0.0183765 0.070184
0 0 0 1.03328 0.199225 0.0229062 0.0229297 0.136347
0 0 1 0.994193 0.186837 0.0166043 0.0166084 0.0518126
0 0 0 1.05603 0.157709 0.0239332 0.0239577 0.15552
0 0 1 1.05039 0.00394054 0.142107 0.0209071 0.103355
0 0 0 0.789607 0.195129 0.0164585 0.016459 0.0504268
0 0 1 0.820972 0.223794 0.0249002 0.0249579 0.175824
0 0 1 0.956363 0.210953 0.0210036 0.0210115 0.104912
0 0 1 1.02355 0.246252 0.0250828 0.0251529 0.179977
0 0 1 1.1066 0.22675 0.058755 0.0183096 0.0694207
0 0 1 0.795912 0.0470038 0.0543405 0.0189424 0.0768704
0 0 1 0.88398 0.0342199 0.0617522 0.0237022 0.150597
0 0 0 0.872106 0.00639249 0.0201254 0.0201363 0.09234
0 0 0 0.946954 0.0481169 0.0645807 0.0285687 0.263708
0 0 0 0.998529 0.0566794 0.0719525 0.0242412 0.161107
0 0 1 1.10776 0.0460189 0.0558077 0.0210204 0.105045
0 0 0 1.08468 0.0273578 0.0231205 0.0231591 0.14048
0 0 0 0.75692 0.225127 0.0999096 0.0273874 0.232331
0 0 0 0.867673 0.0824147 0.0231348 0.0231547 0.140401
0 0 1 0.917267 0.0762024 0.0269668 0.0269845 0.222226
0 0 1 0.949213 0.135274 0.0269124 0.026972 0.221917
0 0 1 0.951592 0.151835 0.0745978 0.0129151 0.0243638
0 0 0 1.00046 0.103213 0.0648241 0.0228793 0.13545
0 0 1 1.05372 0.11582 0.0135923 0.0135927 0.0284035
0 0 0 1.04626 0.122596 0.0576269 0.0256856 0.191655
0 0 1 1.12001 0.180307 0.0185091 0.0185267 0.0719196
0 0 1 1.00725 0.194232 0.187218 0.0294288 0.28825
0 0 0 0.804002 0.110515 0.0650516 0.0224866 0.128594
0 0 0 0.828278 0.183984 0.0569187 0.026697 0.215198
0 0 1 0.84273 0.159418 0.0199671 0.0199706 0.0900795
0 0 1 0.872054 0.129845 0.0194839 0.0194926 0.0837654
0 0 0 0.870549 0.158062 0.0527697 0.0230631 0.138742
0 0 1 0.906613 0.184734 0.0533967 0.0218007 0.117183
0 0 0 1.00478 0.144168 0.0290872 0.029094 0.278524
0 0 0 1.03466 0.175474 0.0700331 0.0298868 0.30192
0 0 0 1.09009 0.209845 0.023834 0.0238571 0.153569
0 0 1 0.850196 0.224764 0.0549452 0.0169721 0.0552913
0 0 0 0.890072 0.239064 0.067356 0.0271732 0.226921
0 0 0 0.912004 0.220455 0.0244612 0.0244917 0.166153
0 0 0 0.993435 0.212558 0.0531634 0.028102 0.250995
0 0 0 0.967536 0.170455 0.0145065 0.0145068 0.034528
0 0 1 1.05676 0.225094 0.0559135 0.0248639 0.173844
0 0 0 1.05715 0.226314 0.0142068 0.014208 0.0324378
0 0 1 0.802623 0.00974459 0.0409875 0.0212121 0.107946
0 0 0 0.918866 0.0200078 0.0898743 0.0185701 0.0724265
0 0 1 1.044 0.0209406 0.0167788 0.0167896 0.0535272
0 0 0 0.845175 0.0584297 0.0920082 0.0216157 0.114225
0 0 0 0.839004 0.120193 0.0913042 0.0138462 0.0300222
0 0 1 0.824029 0.0734749 0.0594662 0.0200219 0.0907749
0 0 1 0.89448 0.0802113 0.0734129 0.0249142 0.174902
0 0 1 0.898687 0.120052 0.0763083 0.0152543 0.0401451
0 0 0 0.902269 0.117864 0.0409159 0.0194434 0.0831327
0 0 1 1.02901 0.105291 0.103255 0.0250584 0.177956
0 0 1 0.974649 0.134653 0.0637614 0.0178193 0.063992
0 0 1 1.0499 0.139123 0.0951888 0.0155139 0.0422294
0 0 0 1.05288 0.0272787 0.051053 0.0191834 0.0798419
0 0 1 1.0074 0.138517 0.0852172 0.0184879 0.0714685
0 0 0 1.0768 0.124944 0.0278693 0.0150359 0.0384454
0 0 1 1.12351 0.0853449 0.0636178 0.0220747 0.121657
0 0 0 0.802812 0.145918 0.102901 0.0293669 0.286435
0 0 1 0.833002 0.13976 0.0659752 0.0187304 0.0743176
0 0 1 0.86355 0.112891 0.0573671 0.0228803 0.135469
0 0 0 0.920396 0.145758 0.0634801 0.0207571 0.101147
0 0 1 0.957045 0.177769 0.0506049 0.022335 0.126011
0 0 1 0.988707 0.16581 0.0708058 0.0170881 0.0564328
0 0 0 1.04659 0.133439 0.12256 0.0126357 0.0228164
0 0 1 1.08784 0.186882 0.0664534 0.0246209 0.168797
0 0 1 1.09887 0.152465 0.0376636 0.0213437 0.109966
0 0 0 0.790824 0.226124 0.0623782 0.0232004 0.141234
0 0 1 0.866759 0.197256 0.0900461 0.0258069 0.194383
0 0 0 0.942037 0.220705 0.0638315 0.0250374 0.177509
0 0 0 1.02582 0.220562 0.086655 0.0189943 0.0775032
0 0 1 1.08403 0.233849 0.0845409 0.0156355 0.0432306
0 0 1 0.771302 0.183873 0.170221 0.01421 0.0324516
0 0 1 0.787782 0.0176969 0.0883309 0.0266801 0.214791
0 0 0 0.883919 0.0380034 0.111766 0.026457 0.209447
0 0 1 0.912743 0.0505377 0.0874718 0.0126653 0.0229771
0 0 1 1.01637 0.0118061 0.0681016 0.0239944 0.156236
0 0 1 0.866999 0.00463974 0.153309 0.0182774 0.0690551
0 0 1 0.957861 0.0188189 0.0140209 0.0140225 0.0311835
0 0 0 0.818663 0.0922396 0.104044 0.0230109 0.137801
0 0 1 0.859346 0.0658195 0.0577854 0.0161613 0.04774
0 0 1 0.86827 0.138843 0.0922769 0.0208799 0.102953
0 0 0 0.940133 0.10229 0.0675119 0.0261596 0.202463
0 0 1 1.02392 0.0594732 0.103895 0.0166712 0.0524025
0 0 1 1.08727 0.098962 0.0674987 0.0168437 0.0540464
0 0 1 1.10714 0.120571 0.0173482 0.0173719 0.0592915
0 0 1 0.865088 0.212284 0.143721 0.0214542 0.111684
0 0 0 0.841764 0.162899 0.0902346 0.0149738 0.037971
0 0 1 0.950798 0.105767 0.121837 0.0135925 0.0284019
0 0 1 0.901412 0.165308 0.096048 0.0217129 0.115772
0 0 1 0.941511 0.179911 0.0912487 0.0212515 0.108548
0 0 1 1.0106 0.129354 0.132803 0.0172727 0.0582817
0 0 0 1.07399 0.100881 0.101971 0.0201663 0.0927534
0 0 0 1.08857 0.138992 0.0813855 0.0255573 0.188799
0 0 1 1.11982 0.157739 0.065768 0.0141121 0.0317856
0 0 1 1.10627 0.112472 0.0475041 0.0138842 0.0302701
0 0 0 0.814793 0.208294 0.105874 0.0296376 0.294429
0 0 1 0.848105 0.240086 0.088179 0.0196936 0.0863827
0 0 0 0.896915 0.200071 0.122586 0.0186607 0.0734911
0 0 1 0.910331 0.20413 0.0883478 0.0183461 0.0698367
0 0 0 0.984654 0.239321 0.102931 0.0291039 0.278808
0 0 0 1.07097 0.177135 0.116911 0.0294733 0.289559
0 0 0 1.11037 0.210356 0.102618 0.0240299 0.156931
0 0 1 0.808342 0.054611 0.0886112 0.0155813 0.0427824
0 0 0 0.973891 0.0408692 0.137459 0.0205926 0.0987611
0 0 0 0.97652 0.0124698 0.0481153 0.0206197 0.0991519
0 0 1 0.888832 0.10713 0.0989893 0.0126492 0.0228898
0 0 1 0.917635 0.0889495 0.115693 0.024102 0.158348
0 0 1 0.967391 0.0755298 0.105307 0.0246584 0.16957
0 0 1 1.05274 0.0707415 0.0688485 0.0277924 0.242789
0 0 0 0.84527 0.124706 0.129381 0.0250096 0.176919
0 0 0 0.894164 0.129298 0.127856 0.024141 0.159118
0 0 0 0.936112 0.136185 0.104628 0.0243196 0.162676
0 0 1 0.968302 0.199579 0.103403 0.0138727 0.0301947
0 0 0 1.0262 0.155659 0.113689 0.0188019 0.0751717
0 0 1 0.75172 0.104972 0.0955793 0.0158491 0.0450265
0 0 0 0.875493 0.232284 0.104096 0.0129308 0.0244529
0 0 1 0.938502 0.215787 0.115365 0.0220979 0.12204
0 0 1 0.998498 0.192266 0.0910672 0.015193 0.0396631
0 0 1 1.11393 0.19452 0.137683 0.0143517 0.0334322
0 0 0 1.12155 0.00919875 0.0982124 0.0214561 0.111713
0 0 1 0.972882 0.189339 0.0794678 0.0125615 0.0224171
0 0 0 1.06007 0.227368 0.112949 0.0220891 0.121896
0 0 0 1.03749 0.156532 0.194555 0.0189337 0.0767637
0 0 0 0.777136 0.0839775 0.0294218 0.0294512 0.288909
0 0 1 0.832414 0.0258034 0.128725 0.0291401 0.27985
0 0 1 0.93402 0.0474614 0.111186 0.0193459 0.0818881
0 0 0 1.05354 0.0257879 0.0997877 0.0268284 0.218391
0 0 0 0.86 0.095711 0.0950009 0.0186194 0.0730041
0 0 0 0.950924 0.0805036 0.155896 0.0287933 0.269978
0 0 0 1.05408 0.0715897 0.126775 0.0230944 0.139307
0 0 1 1.1247 0.0377329 0.124715 0.0176445 0.0621271
0 0 0 1.09603 0.059904 0.0996358 0.0264335 0.208889
0 0 0 0.970235 0.24569 0.0596758 0.0128666 0.0240906
0 0 0 0.818395 0.152325 0.146109 0.017014 0.0557018
0 0 0 0.906808 0.0908363 0.151663 0.0135101 0.0278887
0 0 0 0.977072 0.117858 0.0970605 0.019563 0.0846757
0 0 0 0.974413 0.121476 0.141061 0.0206778 0.0999913
0 0 1 0.898697 0.144656 0.165948 0.0171862 0.0574106
0 0 0 0.980257 0.161489 0.114379 0.0275113 0.235497
0 0 0 1.09193 0.170438 0.167695 0.0258807 0.196055
0 0 0 0.928277 0.173106 0.1361 0.0248647 0.173861
0 0 1 0.948291 0.241285 0.151987 0.0192782 0.0810309
0 0 0 1.01866 0.200302 0.129894 0.0292917 0.28424
0 0 0 0.767605 0.00364764 0.0527641 0.0162553 0.048578
0 0 1 0.820596 0.0568631 0.167994 0.0223111 0.125607
0 0 1 0.908618 0.05712 0.146707 0.0204215 0.0963204
0 0 1 0.9345 0.0202869 0.145737 0.0246174 0.168725
0 0 1 0.962712 0.00844474 0.102389 0.0284725 0.261054
0 0 0 1.00743 0.026799 0.111923 0.0208013 0.101794
0 0 0 1.09445 0.087752 0.130206 0.01495 0.0377899
0 0 1 1.08397 0.0377371 0.148558 0.0270804 0.224604
0 0 0 0.8355 0.0694256 0.128741 0.0145912 0.0351339
0 0 0 0.872579 0.0828204 0.135113 0.0253454 0.184141
0 0 0 0.906184 0.0762949 0.188937 0.0260323 0.199522
0 0 0 1.0058 0.0763845 0.140137 0.0272345 0.22846
0 0 1 1.1226 0.105426 0.10689 0.0256494 0.190847
0 0 1 0.815654 0.187736 0.149521 0.0186816 0.0737384
0 0 1 0.846814 0.172419 0.126768 0.022806 0.134154
0 0 0 0.933443 0.129041 0.153643 0.022852 0.134966
0 0 0 1.08705 0.127805 0.137719 0.026468 0.209709
0 0 1 0.836834 0.217462 0.176399 0.0168934 0.0545259
0 0 1 0.967723 0.201081 0.149826 0.0254286 0.18596
0 0 0 1.08565 0.214549 0.149472 0.0222641 0.124815
0 0 0 1.11405 0.205715 0.170709 0.014281 0.0329405
0 0 0 1.09764 0.242119 0.124736 0.0166853 0.0525352
0 0 1 0.929845 0.0478951 0.170276 0.0126118 0.0226871
0 0 0 0.962933 0.0395059 0.18762 0.0244446 0.165196
0 0 0 1.03375 0.0382831 0.137166 0.0172948 0.0585059
0 0 1 0.812456 0.0965031 0.14888 0.0224604 0.128146
0 0 0 0.865168 0.14953 0.155303 0.0160291 0.0465775
0 0 1 1.08052 0.0865065 0.169722 0.0262047 0.203513
0 0 0 1.11784 0.104553 0.145042 0.0128118 0.0237841
0 0 1 0.794255 0.131287 0.163586 0.0194779 0.083575
0 0 1 0.88695 0.177917 0.152475 0.0198653 0.0886621
0 0 1 0.872432 0.117059 0.161618 0.0178393 0.0642075
0 0 1 1.04212 0.110151 0.149478 0.023238 0.141922
0 0 1 1.05229 0.194088 0.166189 0.0203052 0.0946832
0 0 0 0.880765 0.207877 0.186244 0.0221909 0.123588
0 0 0 0.923217 0.208217 0.169096 0.0236014 0.148685
0 0 1 1.05018 0.224098 0.148744 0.0144738 0.0342924
0 0 1 0.757233 0.124263 0.0601345 0.0248917 0.174428
0 0 0 0.810934 0.226239 0.151838 0.0198712 0.0887413
0 0 0 0.781395 0.109112 0.0938482 0.0141739 0.0322051
0 0 1 0.983828 0.0106211 0.0132219 0.0132242 0.0261553
0 0 1 0.804008 0.00856245 0.177152 0.0295977 0.293242
0 0 1 0.840975 0.00499806 0.0742557 0.0297983 0.299245
0 0 1 0.86791 0.0456253 0.170379 0.0261305 0.201788
0 0 1 1.00603 0.032614 0.167002 0.023845 0.153336
0 0 1 1.04165 0.0598334 0.167804 0.020992 0.10462
0 0 1 1.12432 0.0689739 0.15235 0.0240948 0.158206
0 0 1 0.848713 0.0907944 0.18689 0.0256526 0.190919
0 0 1 0.849732 0.181951 0.169881 0.0214476 0.11158
0 0 1 0.835782 0.139442 0.182035 0.0249278 0.175189
0 0 0 1.00594 0.143205 0.185105 0.0165986 0.0517209
0 0 0 0.965468 0.156716 0.159078 0.019824 0.0881098
0 0 0 1.0064 0.159448 0.153126 0.0192893 0.0811714
0 0 0 1.04672 0.154184 0.155331 0.0214339 0.111367
0 0 0 1.00432 0.114349 0.163226 0.0172276 0.057826
0 0 1 0.910252 0.172544 0.17855 0.0155263 0.0423311
0 0 1 1.07392 0.217694 0.188778 0.0188767 0.0760733
0 0 0 0.759873 0.0248768 0.0193407 0.0193451 0.0818773
0 0 1 1.05047 0.0234576 0.174701 0.0170951 0.0565026
0 0 0 1.09193 0.022012 0.111892 0.0136052 0.0284819
0 0 0 0.930626 0.108484 0.184819 0.0146009 0.0352043
0 0 1 1.12481 0.029465 0.163773 0.0170431 0.0559885
0 0 0 0.903132 0.113395 0.165788 0.013359 0.0269636
0 0 0 0.997334 0.244027 0.159214 0.0275869 0.237443
0 0 0 1.11525 0.00433192 0.138652 0.019766 0.0873395
0 0 1 0.881097 0.163541 0.123808 0.0127408 0.0233905
0 0 0 0.770453 0.110513 0.131075 0.0246711 0.169831
0 0 0 1.06869 0.0461716 0.185808 0.0140716 0.0315128
0 0 1 1.043 0.0914524 0.180772 0.01323 0.0261898
0 0 1 0.780278 0.0767035 0.0795183 0.0212828 0.109029
0 0 0 0.772012 0.0553222 0.180401 0.0271617 0.226632
0 0 1 0.790638 0.230415 0.181242 0.0161006 0.0472036
0 0 0 0.903349 0.243829 0.137468 0.0280188 0.248771
0 0 0 0.792199 0.165745 0.160224 0.0152119 0.0398109
0 0 0 1.08825 0.00591871 0.0657179 0.0246703 0.169816
0 0 1 0.773327 0.0175401 0.127228 0.0148242 0.0368439
0 0 0 0.769899 0.181776 0.120872 0.0225378 0.129475
0 0 1 0.785319 0.0594191 0.126224 0.0287802 0.269609
0 0 1 0.769362 0.179668 0.0698537 0.0285319 0.26269
0 0 1 0.768492 0.216546 0.151252 0.023677 0.150117
0 0 1 0.976357 0.00408807 0.145747 0.0171915 0.0574641
0 0 0 0.779852 0.0894852 0.16085 0.0129734 0.024695
0 0 0 1.0312 0.249065 0.104407 0.0150276 0.0383813
0 0 1 0.789475 0.242935 0.124564 0.0171733 0.057281
0 0 1 0.841196 0.247073 0.129724 0.0230142 0.13786
0 0 1 0.969333 0.121139 0.188102 0.026259 0.204779
0 0 1 1.04465 0.240586 0.178221 0.019753 0.0871676
0 0 1 0.756879 0.124255 0.0163951 0.0163959 0.049849
0 0 0 0.961041 0.226658 0.191956 0.0242994 0.16227
0 0 0 1.02364 0.00503566 0.191222 0.0141053 0.0317396
0 0 0 1.12428 0.15239 0.193987 0.0191127 0.0789616
0 0 1 1.02983 0.117495 0.198748 0.0210697 0.105786
0 0 1 0.809515 0.182367 0.191709 0.0243378 0.163041
0 0 0 0.954505 0.180231 0.192644 0.0226087 0.130701
0 0 0 0.91031 0.0194023 0.193224 0.0287095 0.267627
0 0 1 1.07338 0.131017 0.193615 0.0248292 0.173118
0 0 0 0.772943 0.153644 0.191764 0.0222059 0.123839
0 0 1 0.878156 0.160349 0.197778 0.0238282 0.153013
0 0 0 0.768848 0.203486 0.195711 0.0180524 0.0665357
0 0 1 0.888999 0.118246 0.195302 0.0197233 0.0867743
0 0 1 1.12273 0.10576 0.197062 0.0276513 0.239111
0 0 0 1.00102 0.0764646 0.196286 0.0291289 0.279527
0 0 1 0.991359 0.00618699 0.196584 0.0184637 0.0711885
0 0 0 0.752604 0.0379214 0.144851 0.0145722 0.0349965
0 0 0 0.857734 0.00105514 0.197762 0.0271668 0.22676
0 0 1 1.01941 0.243971 0.0640291 0.0140802 0.0315703
0 0 0 0.897585 0.00327127 0.134884 0.0174572 0.0601698
0 0 0 0.751965 0.113446 0.177477 0.025378 0.184851
0 0 1 0.750802 0.216914 0.0294266 0.029492 0.290111
0 0 0 0.814211 0.249628 0.176552 0.014326 0.0332527
0 0 1 0.839911 0.0285938 0.364114 0.0253455 0.184142
0 0 1 0.784467 0.0359457 0.306467 0.0270804 0.224605
0 0 0 0.861141 0.0821607 0.312418 0.0151733 0.0395087
0 0 0 0.868594 0.0702004 0.349065 0.0216853 0.115332
0 0 0 0.899829 0.0826502 0.366177 0.0160471 0.0467353
0 0 1 0.839378 0.0827266 0.330888 0.0133766 0.0270699
0 0 1 1.04107 0.087409 0.361726 0.0275864 0.23743
0 0 1 0.85356 0.102645 0.35557 0.0146651 0.0356701
0 0 0 0.767177 0.0947453 0.236302 0.0151164 0.039066
0 0 1 0.914309 0.0305712 0.352233 0.0134365 0.0274355
0 0 0 1.05266 0.159473 0.372498 0.0215453 0.113113
0 0 0 0.953663 0.0833256 0.349758 0.018122 0.0673086
0 0 1 1.04117 0.0326775 0.364833 0.0272352 0.228478
0 0 0 0.786726 0.0729041 0.281224 0.013129 0.0255943
0 0 1 1.10638 0.126754 0.337877 0.0168654 0.0542554
0 0 1 1.01185 0.233136 0.362039 0.0200318 0.0909104
0 0 1 0.897897 0.15097 0.371032 0.0180746 0.0667818
0 0 0 0.783939 0.0625175 0.227624 0.0220831 0.121797
0 0 1 0.969927 0.227239 0.353937 0.023073 0.138921
0 0 0 0.815028 0.0658162 0.204079 0.0152841 0.0403807
0 0 1 0.950718 0.0805892 0.20849 0.0227971 0.133997
0 0 1 0.81818 0.232038 0.354957 0.0204195 0.096292
0 0 1 1.06757 0.0235438 0.398857 0.0167994 0.0536209
0 0 1 1.05305 0.2474 0.349985 0.0168385 0.0539957
0 0 1 0.925404 0.143611 0.203063 0.025327 0.18374
0 0 0 0.940994 0.18588 0.361746 0.0204471 0.0966825
0 0 1 1.0249 0.189984 0.387873 0.0224832 0.128537
0 0 1 0.844895 0.205084 0.213045 0.0226239 0.130965
0 0 1 1.10619 0.18228 0.208115 0.0185906 0.072666
0 0 0 0.815346 0.145317 0.351017 0.0168994 0.0545841
0 0 0 1.07705 0.198802 0.386168 0.0220066 0.120535
0 0 0 0.821723 0.0301839 0.227135 0.0276832 0.239939
0 0 0 0.945958 0.0252246 0.226904 0.0206849 0.100095
0 0 1 0.874566 0.0506728 0.226014 0.0290279 0.27663
0 0 1 0.789901 0.0900357 0.395147 0.0186973 0.0739247
0 0 0 1.10871 0.0509298 0.201315 0.0291125 0.279055
0 0 0 0.918386 0.23051 0.366465 0.0298052 0.299454
0 0 0 0.798497 0.107764 0.20673 0.0298838 0.301828
0 0 1 0.856447 0.122029 0.229784 0.0267297 0.21599
0 0 0 0.842601 0.169595 0.205522 0.0137313 0.0292813
0 0 1 0.871446 0.208717 0.369383 0.0158849 0.0453322
0 0 1 0.751293 0.226979 0.243826 0.0216993 0.115555
0 0 0 0.833339 0.116532 0.272779 0.0192881 0.0811562
0 0 1 1.04292 0.234352 0.396132 0.0261165 0.201463
0 0 0 0.98284 0.241442 0.266762 0.0267765 0.217126
0 0 0 0.957017 0.123293 0.235498 0.0227759 0.133623
0 0 1 0.868339 0.24276 0.259622 0.0191861 0.0798755
0 0 1 0.984999 0.157622 0.2105 0.019347 0.0819024
0 0 0 0.95522 0.209418 0.384537 0.0152728 0.040291
0 0 1 1.04721 0.140208 0.226052 0.0178498 0.0643211
0 0 1 1.06301 0.18521 0.217193 0.0256402 0.190641
0 0 1 1.04053 0.218756 0.20643 0.0161564 0.0476964
0 0 1 1.00621 0.128165 0.238947 0.0267813 0.217244
0 0 0 1.09583 0.148207 0.23847 0.0282081 0.253847
0 0 1 0.911443 0.192161 0.224949 0.0296425 0.294576
0 0 1 0.953689 0.166461 0.233604 0.0205769 0.0985356
0 0 1 1.07932 0.125254 0.310457 0.0216971 0.11552
0 0 0 0.989444 0.0532916 0.35643 0.0290788 0.278087
0 0 0 0.922679 0.0582134 0.23438 0.020393 0.0959173
0 0 1 1.11359 0.180522 0.256943 0.0130382 0.0250674
0 0 1 0.832064 0.0790692 0.235889 0.0230488 0.138484
0 0 0 0.930177 0.07703 0.276724 0.0265498 0.211659
0 0 1 0.967924 0.0518329 0.223656 0.0139773 0.0308832
0 0 1 1.06562 0.019483 0.212375 0.0237154 0.150849
0 0 0 0.818929 0.151431 0.223883 0.021313 0.109493
0 0 1 0.876254 0.141343 0.278826 0.0289599 0.274689
0 0 0 0.956941 0.112743 0.277579 0.0180921 0.0669762
0 0 1 1.05563 0.0729061 0.217844 0.0296614 0.29514
0 0 1 1.07592 0.215592 0.241248 0.0142434 0.0326805
0 0 0 0.83527 0.0513484 0.265936 0.017965 0.0655747
0 0 1 0.911516 0.103948 0.233724 0.0267027 0.215337
0 0 1 0.973041 0.150066 0.26948 0.0233596 0.144162
0 0 1 0.817967 0.121963 0.243586 0.0141508 0.0320474
0 0 0 0.79492 0.146359 0.259666 0.022089 0.121893
0 0 1 0.799385 0.221147 0.220215 0.0249035 0.174676
0 0 0 0.878336 0.091723 0.213376 0.0141079 0.031757
0 0 1 0.894721 0.146501 0.234885 0.0189935 0.0774935
0 0 0 0.97743 0.204486 0.231952 0.0242831 0.161945
0 0 1 1.01278 0.17566 0.234186 0.0213857 0.110618
0 0 1 1.10937 0.222989 0.208955 0.0222673 0.124869
0 0 1 1.0996 0.199378 0.236147 0.0149017 0.0374246
0 0 0 0.799383 0.0967149 0.259953 0.0212165 0.108013
0 0 0 0.878407 0.177985 0.302396 0.014664 0.035662
0 0 0 1.10498 0.0124912 0.235494 0.0224755 0.128405
0 0 1 0.993869 0.0264826 0.233274 0.0235518 0.147748
0 0 1 1.02586 0.0355066 0.205637 0.019678 0.0861772
0 0 0 1.02352 0.171494 0.29802 0.0179742 0.0656755
0 0 1 1.08838 0.105344 0.225772 0.0171138 0.0566883
0 0 0 0.759377 0.178359 0.23398 0.0285805 0.264035
0 0 0 0.783556 0.207729 0.253115 0.0140061 0.0310744
0 0 1 0.836579 0.148999 0.257495 0.0167464 0.0531149
0 0 1 0.825187 0.156539 0.294696 0.0228937 0.135707
0 0 0 0.877861 0.220669 0.220642 0.0146251 0.0353792
0 0 1 0.910956 0.114169 0.274485 0.0153303 0.0407479
0 0 1 0.868847 0.0857437 0.270321 0.027775 0.242335
0 0 0 0.92281 0.0275012 0.25312 0.0143659 0.0335313
0 0 0 0.925591 0.140886 0.253652 0.017573 0.061375
0 0 1 1.02098 0.0895141 0.239809 0.0146061 0.0352418
0 0 0 1.04908 0.165498 0.262799 0.0259585 0.19783
0 0 0 0.818841 0.188155 0.254278 0.0263663 0.207299
0 0 0 0.848056 0.214854 0.269122 0.015842 0.044966
0 0 1 0.964428 0.0123373 0.344148 0.020228 0.0936075
0 0 1 0.864435 0.174861 0.240994 0.0229564 0.136825
0 0 0 0.945596 0.192784 0.273067 0.0275617 0.236793
0 0 1 1.03536 0.215633 0.250725 0.0274168 0.233079
0 0 1 0.835483 0.233398 0.242261 0.019136 0.0792515
0 0 0 0.775956 0.210648 0.319009 0.0227339 0.132884
0 0 0 1.06904 0.0504707 0.34172 0.0131103 0.0254853
0 0 1 1.0713 0.132624 0.344155 0.0137218 0.0292202
0 0 0 1.01348 0.00844397 0.281509 0.0282638 0.255354
0 0 0 1.06754 0.00541162 0.253321 0.0196025 0.08519
0 0 1 1.0677 0.0142813 0.293987 0.0220264 0.12086
0 0 0 1.00581 0.244912 0.214132 0.0279922 0.248063
0 0 1 0.861829 0.231381 0.291046 0.0148724 0.0372043
0 0 0 0.863628 0.21172 0.243834 0.0140211 0.0311747
0 0 1 0.939515 0.103308 0.305948 0.0138493 0.0300427
0 0 0 0.980031 0.08064 0.252643 0.0286585 0.266202
0 0 0 1.03873 0.0325521 0.245334 0.0207882 0.101602
0 0 0 0.930468 0.145091 0.300077 0.0293046 0.284615
0 0 1 1.01563 0.0595797 0.235596 0.0160943 0.0471485
0 0 1 1.02227 0.0739445 0.265325 0.0153146 0.0406226
0 0 0 1.09515 0.0739029 0.247921 0.0200105 0.0906211
0 0 0 0.854834 0.183344 0.280118 0.0182126 0.068323
0 0 1 0.909579 0.168834 0.264711 0.0164969 0.0507761
0 0 1 0.90171 0.233421 0.324513 0.0154376 0.0416096
0 0 1 1.02005 0.135474 0.283937 0.0208571 0.102615
0 0 0 1.05872 0.111583 0.261605 0.0288345 0.271137
0 0 1 1.10377 0.19864 0.278719 0.0169498 0.055074
0 0 1 1.10624 0.243717 0.239176 0.0143476 0.033403
0 0 0 1.12104 0.10561 0.245671 0.0209924 0.104626
0 0 0 1.11578 0.218943 0.253079 0.0156198 0.0431004
0 0 1 0.808432 0.234583 0.390226 0.0162616 0.0486338
0 0 1 0.89304 0.207427 0.276411 0.0271059 0.22524
0 0 1 0.996474 0.190221 0.27313 0.0232752 0.142604
0 0 1 0.779998 0.0264878 0.224864 0.014267 0.0328439
0 0 0 1.0979 0.0581016 0.334524 0.0140367 0.0312787
0 0 1 0.816874 0.00562771 0.275686 0.026942 0.221178
0 0 1 0.852147 0.0228117 0.257835 0.0161672 0.0477921
0 0 0 0.822925 0.0804339 0.296267 0.0250238 0.17722
0 0 0 0.92631 0.0887915 0.329171 0.0165552 0.0513164
0 0 1 0.990166 0.116318 0.275639 0.0149821 0.038034
0 0 1 0.96084 0.0304608 0.274292 0.0292647 0.283455
0 0 1 1.07877 0.0407229 0.24469 0.017136 0.0569087
0 0 1 1.10438 0.0121666 0.302684 0.0157386 0.044091
0 0 0 1.12051 0.127441 0.308097 0.0161037 0.0472311
0 0 0 1.10836 0.0777327 0.295196 0.0292253 0.282312
0 0 0 0.823599 0.245816 0.309312 0.0217676 0.11665
0 0 1 0.794862 0.120757 0.298145 0.0241403 0.159104
0 0 0 0.897879 0.105799 0.308807 0.0223436 0.126157
0 0 0 0.985716 0.136491 0.313639 0.0245543 0.16743
0 0 0 1.06819 0.201535 0.272002 0.0141712 0.0321866
0 0 0 1.08583 0.184873 0.257292 0.0142054 0.0324202
0 0 1 1.06762 0.0928442 0.299585 0.0144484 0.0341122
0 0 0 1.09 0.162356 0.288735 0.0226043 0.130625
0 0 1 0.812007 0.197412 0.299533 0.020332 0.0950587
0 0 0 0.910711 0.191687 0.325347 0.0272686 0.22932
0 0 1 0.975016 0.212411 0.292461 0.0127815 0.0236155
0 0 1 0.943937 0.233856 0.310453 0.0280209 0.248827
0 0 1 1.04508 0.206794 0.301315 0.0235239 0.147224
0 0 0 1.08532 0.241572 0.278011 0.0297894 0.298976
0 0 0 0.781394 0.179775 0.273201 0.0164244 0.0501098
0 0 1 0.822709 0.0417712 0.293429 0.0137462 0.0293765
0 0 0 0.765897 0.133562 0.345847 0.0260721 0.200438
0 0 0 0.8872 0.0131208 0.299096 0.0228349 0.134664
0 0 1 1.03366 0.132088 0.353897 0.0166278 0.0519946
0 0 0 0.784244 0.144923 0.225219 0.0140036 0.0310577
0 0 1 0.977171 0.0843362 0.30956 0.0284672 0.260909
0 0 0 1.01282 0.0553806 0.29647 0.0192971 0.0812701
0 0 0 1.05881 0.0591508 0.278526 0.0262617 0.204842
0 0 0 1.00693 0.047492 0.263272 0.01534 0.0408252
0 0 0 1.01564 0.101581 0.267239 0.0131767 0.0258743
0 0 0 1.09951 0.0316715 0.273522 0.0195196 0.0841134
0 0 1 1.10346 0.12256 0.27758 0.0191916 0.0799438
0 0 1 0.846055 0.119857 0.319456 0.0260431 0.19977
0 0 1 1.0283 0.0952441 0.30133 0.0237437 0.15139
0 0 0 1.02552 0.140162 0.320008 0.0159287 0.0457079
0 0 0 0.804469 0.229741 0.273704 0.0217359 0.116141
0 0 1 0.886253 0.147964 0.329375 0.0229947 0.13751
0 0 1 0.969564 0.185624 0.322668 0.027962 0.247262
0 0 0 1.01877 0.232773 0.285254 0.0145535 0.034862
0 0 1 1.03594 0.12552 0.390023 0.0201627 0.0927033
0 0 0 0.997125 0.228279 0.315289 0.022746 0.133096
0 0 1 0.779316 0.119228 0.243496 0.0131413 0.0256667
0 0 1 1.09843 0.163263 0.359344 0.026231 0.204125
0 0 1 0.895556 0.186034 0.366888 0.0173118 0.0586787
0 0 1 0.984529 0.0419154 0.309373 0.01459 0.0351249
0 0 0 0.919514 0.0331493 0.292109 0.0158275 0.0448425
0 0 0 0.898643 0.0456162 0.267219 0.0189703 0.0772105
0 0 1 0.939589 0.0478391 0.326455 0.0265859 0.212524
0 0 0 0.8008 0.144595 0.32541 0.0125609 0.0224138
0 0 0 1.06714 0.210454 0.343599 0.0232275 0.14173
0 0 0 0.811756 0.17286 0.329779 0.0180652 0.0666774
0 0 0 0.846354 0.162801 0.329086 0.0179728 0.0656603
0 0 1 0.852761 0.203675 0.318026 0.0248595 0.173753
0 0 0 0.898347 0.0835438 0.335825 0.0126633 0.0229664
0 0 0 1.09241 0.0383573 0.36456 0.0217467 0.116315
0 0 1 1.08455 0.0768359 0.38012 0.0204997 0.0974299
0 0 0 0.791853 0.020482 0.354524 0.0239523 0.155416
0 0 1 0.812457 0.0596089 0.33999 0.0225981 0.130518
0 0 0 0.865513 0.0421745 0.281727 0.0173671 0.0592424
0 0 1 1.09033 0.0394481 0.311876 0.0162677 0.048689
0 0 0 1.04963 0.126187 0.329156 0.0134059 0.0272485
0 0 0 0.881935 0.21735 0.341962 0.0147167 0.0360481
0 0 1 0.76437 0.209727 0.279367 0.018584 0.0725891
0 0 1 1.05271 0.140721 0.293332 0.0135293 0.0280079
0 0 1 0.848996 0.0471857 0.317297 0.0221753 0.123327
0 0 1 0.893227 0.0591842 0.308202 0.0245205 0.16674
0 0 1 0.810703 0.218025 0.325619 0.0129457 0.0245373
0 0 1 0.776345 0.165568 0.309855 0.0232158 0.141515
0 0 1 0.804961 0.104448 0.341078 0.0228897 0.135635
0 0 1 0.798152 0.0479984 0.263751 0.0193693 0.0821853
0 0 0 0.97166 0.130072 0.388339 0.0155879 0.0428367
0 0 1 0.760921 0.0854197 0.319185 0.0291906 0.281309
0 0 0 0.755528 0.196804 0.380758 0.0133388 0.0268412
0 0 0 0.96303 0.1495 0.356987 0.0222976 0.125379
0 0 0 0.880983 0.0280455 0.340794 0.0218903 0.118633
0 0 0 1.04025 0.0361892 0.317498 0.0202429 0.0938151
0 0 0 0.873968 0.181046 0.342531 0.0146672 0.0356853
0 0 0 0.88529 0.110358 0.34781 0.0188998 0.0763522
0 0 0 0.999605 0.016623 0.326381 0.019417 0.0827939
0 0 1 1.05853 0.165409 0.32567 0.0260223 0.199293
0 0 1 0.924243 0.153739 0.346323 0.0181565 0.0676936
0 0 1 1.10511 0.194229 0.319826 0.0244198 0.164694
0 0 1 1.01331 0.0712179 0.32426 0.0126933 0.02313
0 0 0 0.951814 0.117009 0.333534 0.0193194 0.081552
0 0 1 0.916676 0.123149 0.336009 0.015002 0.0381859
0 0 1 1.10532 0.0079783 0.343286 0.0175259 0.0608822
0 0 1 0.99136 0.109253 0.356948 0.026923 0.220711
0 0 0 0.780041 0.103661 0.367642 0.0135435 0.0280958
0 0 1 1.05692 0.1021 0.322632 0.0125951 0.0225975
0 0 1 1.07145 0.0205153 0.333414 0.0180701 0.0667319
0 0 1 1.10765 0.152636 0.319981 0.0145769 0.0350306
0 0 1 0.8546 0.230165 0.349641 0.0164344 0.0502011
0 0 0 1.08632 0.0926304 0.339873 0.0227757 0.133618
0 0 0 1.05637 0.0711015 0.321516 0.0184293 0.0707914
0 0 0 0.903806 0.0574065 0.347121 0.0158324 0.0448843
0 0 0 1.08132 0.247362 0.32451 0.0172397 0.0579489
0 0 0 1.01882 0.193954 0.340674 0.0251476 0.179864
0 0 0 1.02296 0.114052 0.332681 0.0132076 0.0260568
0 0 1 0.764218 0.0482565 0.338667 0.0128999 0.0242781
0 0 0 1.00795 0.156074 0.338783 0.0143096 0.0331387
0 0 1 1.10333 0.205595 0.358979 0.0163918 0.049812
0 0 1 0.801249 0.20027 0.345037 0.0150192 0.0383174
0 0 0 1.12477 0.0682995 0.357685 0.0228754 0.135381
0 0 1 0.754334 0.0408907 0.223404 0.0148397 0.0369593
0 0 0 0.777667 0.221353 0.365931 0.0228922 0.135679
0 0 1 0.765536 0.234877 0.204733 0.0147813 0.0365247
0 0 1 0.835097 0.0777944 0.385898 0.0286786 0.266762
0 0 1 1.11037 0.102137 0.367731 0.015236 0.0400008
0 0 0 0.76124 0.104974 0.273827 0.0202124 0.0933918
0 0 0 0.814208 0.121074 0.37932 0.0198294 0.0881817
0 0 1 0.932618 0.0554138 0.381928 0.0293964 0.287298
0 0 0 0.80718 0.207557 0.380069 0.0126218 0.0227415
0 0 0 0.968314 0.0226604 0.387441 0.0193631 0.082106
0 0 0 1.07867 0.121776 0.379145 0.0236501 0.149607
0 0 0 0.930531 0.114526 0.377578 0.0296598 0.295093
0 0 0 0.889813 0.000755445 0.249595 0.0282595 0.255238
0 0 1 0.79315 0.052516 0.385023 0.0203119 0.0947776
0 0 0 0.982948 0.187083 0.371492 0.0226478 0.13138
0 0 0 0.91012 0.246654 0.202815 0.0291988 0.281545
0 0 0 0.855096 0.141696 0.366591 0.0259465 0.197556
0 0 0 0.879568 0.0661798 0.385102 0.0162016 0.0480981
0 0 1 1.00782 0.151119 0.373891 0.0211486 0.106978
0 0 1 0.928041 0.237934 0.253054 0.0248699 0.17397
0 0 0 1.11696 0.214551 0.384194 0.0136398 0.0286995
0 0 0 0.868616 0.247782 0.386095 0.026415 0.20845
0 0 0 0.877228 0.103898 0.38623 0.0208906 0.103112
0 0 1 0.787145 0.173208 0.373565 0.0267633 0.216806
0 0 0 0.93618 0.0157483 0.363809 0.0143575 0.0334724
0 0 1 0.844013 0.118897 0.399352 0.0154795 0.0419489
0 0 0 0.965356 0.084728 0.380263 0.0145815 0.0350642
0 0 1 1.11936 0.129682 0.365527 0.0138251 0.029885
0 0 1 0.835691 0.189094 0.362986 0.0253999 0.185331
0 0 0 0.870766 0.241238 0.319812 0.0168246 0.0538625
0 0 0 0.755474 0.00896909 0.200702 0.0243625 0.163538
0 0 0 1.11799 0.180847 0.396198 0.0190481 0.0781642
0 0 1 0.868918 0.177953 0.389269 0.0184064 0.0705281
0 0 1 0.907795 0.180808 0.397116 0.0157157 0.0438992
0 0 1 1.09681 0.00651462 0.388787 0.0185085 0.0717073
0 0 1 0.754137 0.0262271 0.394811 0.0277428 0.241492
0 0 1 0.886966 0.0246697 0.39044 0.0263003 0.205746
0 0 1 0.755126 0.0742022 0.372194 0.0253073 0.183311
0 0 1 1.1145 0.140362 0.393488 0.0165034 0.0508366
0 0 0 0.808876 0.0173789 0.394099 0.0192424 0.0805807
0 0 0 0.889888 0.208648 0.397073 0.0173853 0.0594288
0 0 0 0.999791 0.124042 0.394555 0.0138464 0.0300234
0 0 0 0.776016 0.130541 0.399387 0.0243416 0.163117
0 0 1 0.965693 0.104582 0.398875 0.0126364 0.0228206
0 0 1 1.0902 0.244575 0.373569 0.0272594 0.229087
0 0 0 0.754443 0.142259 0.264361 0.0188699 0.0759912
0 0 0 0.831789 0.241284 0.201729 0.0175163 0.0607829
0 0 0 0.95403 0.245961 0.395883 0.0189308 0.0767284
0 0 1 0.803597 0.000629952 0.313843 0.013756 0.0294393
0 0 1 0.75309 0.0140632 0.243269 0.0185822 0.0725676
0 0 1 0.750926 0.11219 0.374943 0.0130113 0.0249122
0 0 0 1.00334 0.145498 0.446546 0.0166413 0.0521211
0 0 0 1.02044 0.117824 0.423027 0.0171048 0.0565987
0 0 0 1.06468 0.0230908 0.436579 0.02104 0.105339
0 0 0 0.944461 0.162424 0.401086 0.0254932 0.187382
0 0 0 0.86947 0.00819999 0.461453 0.0189667 0.077166
0 0 0 0.793512 0.136353 0.482658 0.0279552 0.247082
0 0 1 1.11951 0.121884 0.472476 0.0274756 0.234583
0 0 1 1.01997 0.18683 0.464315 0.0263515 0.206951
0 0 0 0.845497 0.237717 0.449117 0.0191271 0.079141
0 0 1 0.755601 0.0826655 0.494723 0.0267584 0.216688
0 0 0 0.772287 0.248777 0.460821 0.0195172 0.0840826
0 0 1 0.996212 0.146326 0.48955 0.0269571 0.22155
0 0 1 1.07354 0.179581 0.454019 0.0248588 0.173736
0 0 1 1.09799 0.0237704 0.474747 0.0296234 0.294007
0 0 1 1.10284 0.215871 0.482496 0.0296925 0.29607
0 0 1 0.79001 0.0363177 0.416384 0.0151305 0.0391753
0 0 0 1.04955 0.0631296 0.411592 0.0285223 0.262424
0 0 0 0.799248 0.0662851 0.416496 0.0145788 0.0350446
0 0 1 1.10825 0.236557 0.410603 0.0147167 0.0360482
0 0 1 0.938409 0.0183905 0.410865 0.0179557 0.0654728
0 0 0 1.02648 0.0885725 0.45196 0.0244822 0.165961
0 0 0 0.825578 0.156251 0.408101 0.0270277 0.223296
0 0 0 0.807459 0.00252148 0.480427 0.0275795 0.237253
0 0 0 0.815488 0.107595 0.428 0.0264998 0.210466
0 0 0 0.930398 0.210735 0.420496 0.0284433 0.260251
0 0 1 0.757112 0.0974808 0.403797 0.0139979 0.0310202
0 0 0 0.837548 0.0452685 0.477187 0.0181491 0.0676107
0 0 1 0.81684 0.0352705 0.443244 0.0228502 0.134934
0 0 1 0.96209 0.0521683 0.482192 0.018758 0.0746469
0 0 1 1.1046 0.045902 0.414616 0.0292392 0.282715
0 0 1 0.772355 0.2193 0.443141 0.0148552 0.0370753
0 0 0 0.852583 0.0440094 0.418021 0.0211143 0.106458
0 0 0 0.905489 0.0083782 0.43641 0.0249034 0.174674
0 0 1 0.907723 0.0533794 0.426074 0.0213271 0.10971
0 0 0 0.761749 0.107541 0.445275 0.0289363 0.274019
0 0 0 1.02165 0.0133938 0.441769 0.023377 0.144485
0 0 0 0.760842 0.246175 0.421493 0.0215246 0.112786
0 0 1 0.933434 0.120672 0.462608 0.0209269 0.103649
0 0 1 1.0067 0.0347774 0.402664 0.0236341 0.149303
0 0 1 0.98743 0.150996 0.413311 0.0206122 0.0990438
0 0 0 0.873752 0.248093 0.429428 0.0168418 0.054028
0 0 1 0.786099 0.208157 0.409363 0.023278 0.142656
0 0 1 0.841275 0.208763 0.41225 0.0279424 0.246741
0 0 0 0.771711 0.066807 0.405396 0.0125358 0.0222798
0 0 1 0.826577 0.0678842 0.427299 0.0147372 0.0361991
0 0 1 0.768211 0.049909 0.451842 0.0286574 0.266173
0 0 1 0.945986 0.213193 0.474384 0.0206778 0.099992
0 0 0 1.00247 0.186161 0.422724 0.0187788 0.0748951
0 0 0 1.04718 0.230892 0.48073 0.0279799 0.247737
0 0 0 1.09723 0.00421391 0.432667 0.0167858 0.0534905
0 0 1 0.917754 0.0712968 0.471354 0.0231396 0.140126
0 0 1 0.874157 0.0528815 0.457024 0.0243335 0.162955
0 0 1 0.946479 0.0851174 0.430177 0.0289352 0.273989
0 0 0 1.06052 0.190108 0.416255 0.0134068 0.0272538
0 0 1 0.881648 0.142479 0.409101 0.0241823 0.159935
0 0 1 0.847743 0.0101975 0.401329 0.0169046 0.0546345
0 0 0 0.994295 0.234375 0.477181 0.0236111 0.148868
0 0 0 0.95906 0.160599 0.452154 0.0276546 0.239197
0 0 0 1.09583 0.191279 0.421455 0.0161365 0.0475201
0 0 0 0.976961 0.206027 0.446704 0.0214774 0.112047
0 0 0 1.07618 0.225295 0.434023 0.0251111 0.179082
0 0 0 0.985684 0.116818 0.433906 0.0193295 0.0816802
0 0 1 1.0343 0.202391 0.42356 0.0164528 0.0503703
0 0 0 1.1201 0.219321 0.436564 0.0186252 0.0730727
0 0 1 0.85376 0.148952 0.479813 0.0244468 0.165241
0 0 0 0.880722 0.216248 0.430204 0.0157741 0.0443901
0 0 1 0.866432 0.0116995 0.427506 0.0152962 0.0404762
0 0 1 1.11249 0.100598 0.409179 0.0262959 0.205645
0 0 1 1.08289 0.159323 0.404934 0.0220964 0.122016
0 0 0 0.891419 0.0960793 0.440272 0.0245457 0.167254
0 0 0 0.902975 0.0830134 0.403251 0.0163806 0.0497098
0 0 1 1.06245 0.112889 0.423264 0.0241894 0.160076
0 0 0 0.817293 0.184029 0.450422 0.0234807 0.146416
0 0 1 0.76867 0.165585 0.439739 0.0296104 0.293621
0 0 1 0.878519 0.182244 0.424881 0.018721 0.0742062
0 0 1 0.975644 0.00917915 0.42911 0.0245268 0.16687
0 0 0 1.03798 0.15788 0.42376 0.0266324 0.21364
0 0 0 0.817483 0.046098 0.40816 0.0138734 0.0301995
0 0 1 0.861136 0.102814 0.417194 0.0140212 0.0311754
0 0 1 0.808316 0.223004 0.440442 0.0177074 0.0627941
0 0 1 0.824448 0.143947 0.450604 0.0172365 0.0579159
0 0 1 1.04439 0.132678 0.470012 0.026432 0.208853
0 0 1 1.01962 0.235056 0.438723 0.0224403 0.127802
0 0 0 0.90232 0.234625 0.450696 0.0192137 0.0802204
0 0 0 1.10527 0.138012 0.426328 0.0154891 0.0420274
0 0 0 0.851097 0.0841258 0.440525 0.017512 0.0607381
0 0 0 0.855066 0.127235 0.439885 0.0192555 0.0807449
0 0 0 0.942171 0.036734 0.448787 0.0230868 0.139169
0 0 0 1.08446 0.0790861 0.458734 0.0295277 0.291165
0 0 0 0.910513 0.166288 0.426459 0.0170659 0.0562136
0 0 0 0.979095 0.0955861 0.476004 0.0282804 0.255804
0 0 0 1.03676 0.00173348 0.401645 0.0210559 0.105578
0 0 0 0.999212 0.0845656 0.403932 0.0267327 0.216064
0 0 0 0.780874 0.203186 0.483103 0.0290695 0.277821
0 0 1 0.809519 0.0799899 0.473042 0.0266664 0.214459
0 0 1 0.906269 0.0233505 0.488117 0.0289358 0.274004
0 0 0 0.981209 0.0179475 0.473779 0.0213343 0.109822
0 0 0 1.08415 0.151477 0.489606 0.0217148 0.115803
0 0 0 0.957114 0.126046 0.415788 0.0157383 0.0440884
0 0 0 0.870401 0.0753379 0.41369 0.0151867 0.0396137
0 0 1 0.991784 0.0534446 0.445398 0.0253279 0.183759
0 0 0 0.970309 0.0520385 0.408879 0.0170624 0.0561788
0 0 1 0.991769 0.223445 0.401609 0.0253912 0.185141
0 0 0 0.842965 0.107859 0.468213 0.0171368 0.0569174
0 0 1 0.970098 0.191358 0.413793 0.0152037 0.0397465
0 0 1 1.08176 0.138873 0.448738 0.0170052 0.0556157
0 0 1 0.876883 0.0916919 0.487571 0.0251319 0.179527
0 0 1 0.863937 0.198141 0.465943 0.0276641 0.239444
0 0 1 0.894745 0.141943 0.455286 0.0238283 0.153015
0 0 0 0.913594 0.185032 0.462751 0.0237939 0.152352
0 0 0 1.04313 0.0459677 0.469578 0.0245358 0.167052
0 0 1 0.855795 0.16081 0.436253 0.0145227 0.0346416
0 0 1 0.901437 0.111525 0.408042 0.0125743 0.0224853
0 0 0 0.922053 0.130543 0.422932 0.0191815 0.0798176
0 0 1 0.752387 0.000363116 0.477518 0.0269153 0.22052
0 0 1 0.857926 0.431811 0.0147435 0.0147541 0.0363237
0 0 0 0.841157 0.264537 0.0206948 0.0207078 0.100427
0 0 0 0.902355 0.261126 0.0178306 0.0178316 0.0641245
0 0 0 0.852373 0.429866 0.0886654 0.0249285 0.175203
0 0 1 0.785904 0.263038 0.0276665 0.027762 0.241995
0 0 1 0.835941 0.311858 0.0350086 0.0290129 0.2762
0 0 0 0.904931 0.293634 0.0633773 0.0295315 0.291279
0 0 0 0.932003 0.28623 0.0211582 0.0211621 0.107183
0 0 0 0.863469 0.251147 0.173358 0.0261603 0.20248
0 0 0 1.02688 0.293959 0.0227245 0.0227391 0.132975
0 0 1 1.08606 0.29445 0.0183249 0.0183259 0.0696061
0 0 1 0.773103 0.455621 0.0217107 0.0217219 0.115917
0 0 0 0.855307 0.343346 0.0136615 0.0136803 0.0289562
0 0 0 0.824352 0.368506 0.0290878 0.0291135 0.279084
0 0 0 0.888082 0.327031 0.0244441 0.0245088 0.166501
0 0 1 0.937795 0.332339 0.0254857 0.0255164 0.187892
0 0 0 0.97997 0.303445 0.0251625 0.0251889 0.18075
0 0 1 1.06072 0.316697 0.0155027 0.0155031 0.0421409
0 0 0 1.09216 0.331757 0.0194937 0.0194953 0.0837993
0 0 0 1.10233 0.36473 0.0136148 0.0136197 0.0285728
0 0 1 0.968475 0.2767 0.190831 0.0263173 0.206146
0 0 1 0.781254 0.397889 0.0233517 0.0233685 0.144325
0 0 0 0.896199 0.427829 0.0251014 0.0251071 0.178995
0 0 1 0.949788 0.3731 0.017682 0.0176883 0.0625903
0 0 1 1.01582 0.381447 0.0212958 0.0213097 0.109442
0 0 1 1.06327 0.368812 0.0282988 0.0283121 0.256666
0 0 1 1.10774 0.400518 0.0240244 0.0240432 0.157191
0 0 1 1.03944 0.45597 0.0276351 0.0276886 0.240081
0 0 1 0.98957 0.449103 0.0228354 0.0228908 0.135654
0 0 0 1.07762 0.443614 0.0145087 0.0145631 0.0349312
0 0 1 1.00873 0.41831 0.0143374 0.0143639 0.0335173
0 0 0 0.796791 0.294393 0.0715977 0.0273487 0.231346
0 0 1 0.824106 0.255912 0.058482 0.0216444 0.114681
0 0 1 0.927843 0.254602 0.0427217 0.0173472 0.0590396
0 0 1 0.954609 0.280345 0.0578314 0.022194 0.123641
0 0 1 0.998207 0.272061 0.05551 0.0221286 0.12255
0 0 0 1.06802 0.259334 0.0212641 0.0212655 0.108763
0 0 0 1.10831 0.263034 0.0188886 0.018915 0.0765373
0 0 0 0.874253 0.286279 0.0188829 0.0188847 0.0761699
0 0 0 0.923486 0.366628 0.0512235 0.0196863 0.0862866
0 0 1 0.999112 0.273058 0.0127942 0.0127952 0.0236918
0 0 0 1.05272 0.319734 0.0586238 0.028459 0.260681
0 0 0 1.09619 0.317877 0.0520386 0.0155918 0.0428689
0 0 0 0.87857 0.373422 0.0227949 0.0228763 0.135398
0 0 1 0.915604 0.365582 0.0156478 0.0156532 0.0433771
0 0 0 0.976355 0.403702 0.0318782 0.0252557 0.182192
0 0 0 1.03952 0.407937 0.0148152 0.014817 0.0367902
0 0 1 1.11223 0.35803 0.0531335 0.027671 0.239623
0 0 0 0.818192 0.437333 0.0272063 0.0272652 0.229234
0 0 1 1.03529 0.479936 0.164422 0.019012 0.0777209
0 0 1 0.783834 0.297973 0.148418 0.0199143 0.0893197
0 0 1 0.895952 0.490073 0.0975724 0.0267467 0.216402
0 0 0 1.00558 0.499182 0.185023 0.0188763 0.0760677
0 0 0 1.05889 0.495252 0.0140276 0.0140282 0.031222
0 0 0 1.05629 0.255567 0.0850664 0.0173114 0.0586744
0 0 0 0.812149 0.25769 0.0986419 0.0202999 0.0946091
0 0 1 0.846309 0.284898 0.0872202 0.0248435 0.173416
0 0 1 0.88557 0.27019 0.102002 0.0196288 0.0855327
0 0 0 1.04637 0.272271 0.0535552 0.0197087 0.0865812
0 0 0 1.09407 0.272215 0.0638114 0.0291229 0.279354
0 0 0 0.918409 0.460907 0.0581544 0.0263094 0.205962
0 0 1 0.789825 0.347187 0.0665913 0.0261658 0.202608
0 0 0 0.830343 0.328013 0.0824258 0.0213967 0.110787
0 0 1 0.960429 0.319374 0.0561155 0.0147431 0.0362424
0 0 1 0.981186 0.349966 0.021458 0.0214997 0.112395
0 0 1 1.12201 0.318925 0.0696973 0.0157238 0.0439669
0 0 1 0.806607 0.404288 0.0703439 0.0283222 0.256941
0 0 0 0.871737 0.351284 0.0682489 0.0282026 0.253701
0 0 0 0.924243 0.395551 0.0275119 0.0177223 0.0629528
0 0 1 1.0251 0.381039 0.0579383 0.0164917 0.050728
0 0 0 1.02085 0.415981 0.0468346 0.02042 0.0962987
0 0 1 1.068 0.416102 0.031827 0.0193526 0.0819732
0 0 0 0.940703 0.428285 0.0197098 0.0197493 0.0871181
0 0 1 0.863874 0.446535 0.0394205 0.0145924 0.0351422
0 0 0 1.0504 0.268086 0.112659 0.0132289 0.0261835
0 0 1 0.86836 0.263926 0.0424885 0.0141564 0.0320857
0 0 1 0.87727 0.314516 0.0977459 0.0192869 0.0811404
0 0 1 0.933958 0.259443 0.0959197 0.0259206 0.196964
0 0 0 1.02797 0.283147 0.089639 0.022262 0.124781
0 0 0 1.09294 0.313734 0.0845151 0.0173125 0.0586859
0 0 0 1.11767 0.251396 0.0984299 0.0176716 0.0624136
0 0 0 0.812775 0.295146 0.118238 0.0219771 0.120051
0 0 1 0.909427 0.333651 0.0902446 0.0188793 0.0761048
0 0 1 0.953285 0.313578 0.0930055 0.0233011 0.143082
0 0 0 0.999038 0.318325 0.0710373 0.0266791 0.214766
0 0 1 1.0233 0.338672 0.0221129 0.0221342 0.122644
0 0 1 1.08132 0.345289 0.0819318 0.0164256 0.0501207
0 0 1 1.10068 0.377349 0.0872611 0.0132115 0.0260803
0 0 0 0.805429 0.369326 0.105515 0.0212911 0.109155
0 0 0 0.827339 0.362403 0.0722598 0.0145905 0.0351286
0 0 0 0.92014 0.370775 0.0887667 0.0182348 0.0685737
0 0 0 0.969367 0.363371 0.0669465 0.0274159 0.233055
0 0 1 1.05552 0.403732 0.0710092 0.0236006 0.148669
0 0 0 1.07916 0.447669 0.0823102 0.0244234 0.164767
0 0 1 0.844752 0.331571 0.170132 0.0211358 0.106785
0 0 1 0.85609 0.407896 0.0451584 0.0239834 0.156022
0 0 1 0.845569 0.384555 0.0935921 0.0211594 0.107143
0 0 1 0.950858 0.442738 0.0467698 0.0125983 0.0226143
0 0 0 0.898245 0.394213 0.0515319 0.0177089 0.06281
0 0 0 0.999495 0.406037 0.0901389 0.0288941 0.272823
0 0 0 1.03054 0.449354 0.0784778 0.0243892 0.164076
0 0 0 1.10452 0.444749 0.0415744 0.0236642 0.149874
0 0 0 0.799136 0.325049 0.100188 0.0146376 0.0354703
0 0 0 0.786564 0.480416 0.150703 0.0270157 0.222998
0 0 0 0.76623 0.367364 0.0401842 0.0146013 0.0352066
0 0 1 1.08789 0.464128 0.170359 0.0291499 0.280134
0 0 0 0.945196 0.393333 0.188717 0.0218144 0.117404
0 0 1 0.860623 0.294888 0.13913 0.0294695 0.289447
0 0 0 0.897375 0.498749 0.0545134 0.0171764 0.057312
0 0 0 0.979452 0.282986 0.0883407 0.017239 0.057941
0 0 1 1.04187 0.298521 0.12518 0.0188898 0.0762313
0 0 0 1.03668 0.491298 0.196754 0.0152868 0.0404019
0 0 0 0.88396 0.3563 0.123622 0.0287495 0.268746
0 0 1 0.985622 0.345213 0.116143 0.0275267 0.235893
0 0 1 1.0352 0.336035 0.105357 0.0240669 0.157656
0 0 1 1.00522 0.358642 0.0441146 0.0126498 0.022893
0 0 1 1.06292 0.29024 0.0867009 0.0135222 0.0279639
0 0 0 1.04858 0.36284 0.0754965 0.018017 0.0661455
0 0 1 1.09489 0.398867 0.0659466 0.0163993 0.0498803
0 0 1 1.07847 0.373898 0.0718206 0.0140623 0.0314504
0 0 1 1.12472 0.407355 0.0589493 0.0153903 0.041228
0 0 1 1.11334 0.48641 0.0479452 0.0194032 0.0826178
0 0 0 0.935114 0.336598 0.0667516 0.0160647 0.0468892
0 0 1 1.01159 0.35906 0.0787183 0.016634 0.052053
0 0 1 1.07156 0.371226 0.116272 0.0277073 0.240567
0 0 0 1.10314 0.411017 0.104165 0.024544 0.16722
0 0 1 0.886597 0.420748 0.0615752 0.012969 0.0246702
0 0 0 0.95743 0.385713 0.110651 0.0221386 0.122716
0 0 1 0.938147 0.410445 0.070036 0.0291876 0.28122
0 0 0 1.08123 0.446182 0.127864 0.0171138 0.0566877
0 0 0 1.09721 0.320707 0.135342 0.0142111 0.0324588
0 0 0 1.05371 0.391846 0.147899 0.0140653 0.0314703
0 0 1 0.809376 0.4506 0.110896 0.0277456 0.241566
0 0 1 0.891247 0.397917 0.172476 0.0252462 0.181987
0 0 1 0.970165 0.253521 0.0238261 0.023829 0.153027
0 0 0 0.807138 0.265895 0.147462 0.01976 0.0872593
0 0 0 0.944732 0.460438 0.176179 0.0236572 0.149742
0 0 0 0.96356 0.280611 0.133845 0.0266436 0.213909
0 0 0 1.01424 0.268882 0.124812 0.0181036 0.0671033
0 0 1 1.05599 0.255904 0.141689 0.0186237 0.0730555
0 0 0 1.03209 0.264451 0.160105 0.0127389 0.0233801
0 0 0 0.936479 0.347736 0.116991 0.0216967 0.115513
0 0 0 0.799497 0.403969 0.194286 0.0269974 0.222546
0 0 1 1.12035 0.343188 0.106953 0.0287698 0.269315
0 0 1 1.01753 0.339271 0.143197 0.0147294 0.0361414
0 0 1 1.08585 0.283743 0.122104 0.0266648 0.21442
0 0 0 0.886779 0.393727 0.0888229 0.0213286 0.109734
0 0 0 1.05808 0.290374 0.160201 0.0205621 0.0983223
0 0 1 1.05587 0.33395 0.149188 0.0244408 0.165119
0 0 1 1.09024 0.40771 0.152999 0.0260953 0.200973
0 0 1 0.901476 0.437267 0.102325 0.0265824 0.212439
0 0 0 0.967303 0.441616 0.124376 0.0283652 0.258114
0 0 1 0.79493 0.435513 0.152365 0.0186918 0.0738599
0 0 0 1.03045 0.366124 0.132696 0.0168687 0.054287
0 0 0 1.03033 0.375472 0.101136 0.015894 0.0454097
0 0 0 1.04617 0.420221 0.118468 0.02752 0.235722
0 0 0 0.827869 0.494638 0.0228142 0.0228706 0.135296
0 0 1 0.766753 0.329035 0.161915 0.0180358 0.0663524
0 0 0 1.06951 0.483599 0.114021 0.0244686 0.165683
0 0 0 1.12252 0.266962 0.125338 0.013792 0.0296712
0 0 1 1.03056 0.462486 0.190233 0.0125027 0.0221038
0 0 0 1.0004 0.402648 0.185729 0.022738 0.132957
0 0 1 0.833383 0.339826 0.126688 0.0245431 0.167202
0 0 0 0.914247 0.301011 0.122247 0.0270956 0.224983
0 0 1 1.02405 0.389079 0.156801 0.0170297 0.0558562
0 0 0 1.00909 0.299657 0.160513 0.029325 0.285211
0 0 0 1.07532 0.325945 0.112438 0.0179059 0.0649288
0 0 0 0.84762 0.440018 0.127105 0.0151254 0.0391354
0 0 1 0.999008 0.300721 0.11323 0.019049 0.0781748
0 0 0 1.0955 0.259778 0.171912 0.0291994 0.281561
0 0 0 0.757441 0.412396 0.162388 0.0264843 0.210095
0 0 0 0.795557 0.36519 0.154433 0.0288039 0.270275
0 0 1 0.823036 0.404282 0.125709 0.022775 0.133606
0 0 0 0.915866 0.395008 0.120275 0.0215403 0.113033
0 0 0 0.925407 0.364982 0.158186 0.0243255 0.162793
0 0 0 1.00553 0.419273 0.140742 0.0188378 0.0756041
0 0 0 0.969977 0.398522 0.151924 0.022866 0.135214
0 0 1 1.04377 0.427202 0.174005 0.0285222 0.262424
0 0 0 0.995612 0.45603 0.170582 0.027725 0.241028
0 0 0 0.929709 0.421558 0.153995 0.0235687 0.148067
0 0 0 0.87957 0.451076 0.144435 0.0228697 0.13528
0 0 1 0.958422 0.365007 0.139674 0.0135287 0.0280039
0 0 1 0.881229 0.447001 0.067859 0.0145627 0.0349285
0 0 1 0.884035 0.35378 0.17178 0.01949 0.0837312
0 0 0 0.947393 0.322806 0.15519 0.0233397 0.143794
0 0 1 1.00152 0.384517 0.131117 0.0174476 0.0600698
0 0 1 0.911026 0.333414 0.145165 0.0127372 0.0233711
0 0 1 1.06739 0.498278 0.197654 0.0162245 0.0483022
0 0 0 1.10807 0.360174 0.156226 0.0247954 0.172412
0 0 1 0.837574 0.42877 0.16597 0.0265801 0.212385
0 0 0 0.869873 0.407528 0.128871 0.024301 0.162302
0 0 0 1.05465 0.372122 0.184708 0.0277203 0.240905
0 0 1 1.09478 0.314901 0.175084 0.0260337 0.199553
0 0 1 0.925828 0.279561 0.165766 0.0228162 0.134333
0 0 1 1.11765 0.287876 0.145192 0.0128522 0.0240095
0 0 0 0.817835 0.310873 0.153285 0.0167841 0.0534746
0 0 0 0.887612 0.325152 0.150739 0.0127091 0.0232165
0 0 0 0.84779 0.376226 0.159641 0.0248391 0.173324
0 0 1 0.987317 0.353298 0.172974 0.0299519 0.303896
0 0 0 1.12091 0.38544 0.191862 0.0207435 0.100947
0 0 0 0.908949 0.450455 0.167507 0.0144913 0.0344174
0 0 1 1.01581 0.461898 0.123071 0.0242421 0.161125
0 0 1 0.899048 0.494281 0.16884 0.0239417 0.15521
0 0 1 0.822182 0.471161 0.179291 0.019598 0.0851311
0 0 1 0.910991 0.327198 0.175865 0.0185942 0.0727084
0 0 1 1.07997 0.473355 0.027943 0.0164195 0.0500649
0 0 1 1.01308 0.484902 0.0551801 0.0202053 0.0932925
0 0 0 0.770687 0.257594 0.149688 0.0174655 0.0602556
0 0 1 0.853558 0.47533 0.116887 0.0221228 0.122454
0 0 1 1.02913 0.49795 0.0932748 0.023158 0.140461
0 0 0 0.781126 0.316319 0.0257606 0.0257899 0.193999
0 0 0 0.782477 0.357137 0.0161548 0.0161709 0.0478252
0 0 0 1.10507 0.476277 0.0129582 0.0129658 0.0246521
0 0 0 0.851528 0.478708 0.0660064 0.0289333 0.273935
0 0 1 0.98623 0.496968 0.132654 0.0226464 0.131356
0 0 1 0.763759 0.443203 0.0798975 0.0279142 0.245997
0 0 0 0.848261 0.463993 0.0147979 0.0148072 0.0367177
0 0 0 1.11223 0.482716 0.0911809 0.0240081 0.156503
0 0 0 0.760991 0.338925 0.116273 0.0290286 0.276651
0 0 0 0.795719 0.479451 0.0562099 0.0259255 0.197075
0 0 0 0.816633 0.490339 0.0889415 0.0144141 0.0338697
0 0 0 0.979495 0.455399 0.0717152 0.0274672 0.234366
0 0 1 0.772948 0.490918 0.0994651 0.0242853 0.161988
0 0 1 0.833207 0.289909 0.185278 0.0244413 0.16513
0 0 1 0.922066 0.469144 0.135433 0.023795 0.152374
0 0 1 0.918434 0.428095 0.198939 0.0232435 0.142023
0 0 1 1.06229 0.487903 0.0612679 0.0240164 0.156667
0 0 1 0.831048 0.465279 0.145607 0.0157321 0.0440368
0 0 1 0.82076 0.446448 0.069143 0.0157661 0.0443228
0 0 0 0.949235 0.469033 0.0219394 0.0219505 0.119615
0 0 1 0.761522 0.278904 0.110914 0.0277237 0.240995
0 0 0 1.05237 0.457945 0.141635 0.0169667 0.055239
0 0 1 0.781381 0.429011 0.0443874 0.0142125 0.0324685
0 0 0 0.884087 0.47518 0.0237789 0.0237983 0.152437
0 0 0 0.776138 0.40464 0.11462 0.0254497 0.186423
0 0 0 0.992397 0.487531 0.0965703 0.0151826 0.039581
0 0 0 0.951952 0.486816 0.102206 0.0242732 0.161746
0 0 0 0.831703 0.358196 0.194233 0.0170928 0.05648
0 0 0 1.03801 0.276258 0.190781 0.018644 0.0732948
0 0 1 1.04647 0.317062 0.192074 0.0226017 0.130579
0 0 0 1.07031 0.288311 0.192583 0.0141144 0.0318008
0 0 0 0.963179 0.318627 0.190944 0.0159693 0.0460589
0 0 0 1.01619 0.373047 0.197687 0.012878 0.0241543
0 0 0 0.875201 0.455977 0.195219 0.0283548 0.257828
0 0 1 0.799901 0.324351 0.186538 0.0233346 0.143698
0 0 1 0.781562 0.27479 0.192378 0.0298383 0.300451
0 0 1 0.884924 0.294858 0.187309 0.0244921 0.166162
0 0 1 0.7584 0.31412 0.191135 0.0158263 0.0448325
0 0 0 0.766207 0.352259 0.191703 0.0197519 0.0871527
0 0 1 0.773543 0.452034 0.195538 0.0276551 0.239211
0 0 0 0.750586 0.362226 0.153701 0.0162715 0.0487233
0 0 1 0.79951 0.361568 0.199672 0.0157459 0.0441523
0 0 1 0.77408 0.324948 0.223999 0.0221705 0.123247
0 0 0 0.751385 0.499266 0.311402 0.0170053 0.0556168
0 0 1 0.934357 0.341301 0.335333 0.0139465 0.0306794
0 0 1 0.991194 0.478749 0.271069 0.0202707 0.0942022
0 0 0 0.842216 0.388924 0.306346 0.0273114 0.230401
0 0 1 0.961224 0.25122 0.22761 0.0190083 0.0776751
0 0 0 1.09656 0.48232 0.218423 0.0229716 0.137097
0 0 0 0.877422 0.402468 0.321793 0.0134604 0.027582
0 0 1 0.835448 0.482102 0.27068 0.0162177 0.0482418
0 0 0 0.955389 0.358704 0.348367 0.0158921 0.0453934
0 0 0 0.849867 0.345458 0.381575 0.0278357 0.243926
0 0 1 0.95476 0.49526 0.270583 0.0138375 0.0299657
0 0 1 0.851931 0.451216 0.260464 0.0202652 0.0941244
0 0 0 0.808821 0.441938 0.282281 0.0289468 0.274319
0 0 0 0.782148 0.447521 0.241946 0.0197705 0.087399
0 0 1 0.954763 0.406519 0.334692 0.0235431 0.147584
0 0 1 0.945796 0.327254 0.355182 0.0129266 0.0244292
0 0 1 0.928574 0.370849 0.335677 0.0161665 0.0477862
0 0 1 0.885097 0.358839 0.339217 0.0288826 0.272497
0 0 1 1.01392 0.458868 0.361396 0.0266787 0.214758
0 0 0 0.855452 0.293277 0.222543 0.0190232 0.0778576
0 0 1 0.92946 0.489478 0.345725 0.0225662 0.129965
0 0 0 0.80752 0.329158 0.341071 0.0135223 0.0279643
0 0 1 0.989999 0.417253 0.360351 0.0213506 0.110074
0 0 0 0.917667 0.44651 0.315091 0.0145642 0.0349394
0 0 1 1.08619 0.483009 0.332388 0.0273064 0.230274
0 0 0 0.819443 0.440606 0.329539 0.0186514 0.0733818
0 0 0 0.770345 0.472061 0.386274 0.0231256 0.139872
0 0 0 0.942398 0.447233 0.349488 0.0215237 0.112772
0 0 0 0.772316 0.2972 0.34067 0.0141642 0.0321384
0 0 1 0.930034 0.303817 0.203814 0.0225337 0.129404
0 0 1 1.07966 0.31079 0.219025 0.0206185 0.0991345
0 0 1 1.09175 0.349384 0.207531 0.0214273 0.111265
0 0 0 0.903545 0.460015 0.379888 0.0294821 0.289819
0 0 1 0.859527 0.494945 0.365493 0.0285475 0.26312
0 0 0 0.942224 0.350135 0.200783 0.0231479 0.140277
0 0 0 0.957995 0.387075 0.381818 0.0276247 0.238422
0 0 0 0.953032 0.442853 0.307815 0.021726 0.115982
0 0 0 0.816185 0.376278 0.218617 0.0134657 0.0276147
0 0 1 0.796396 0.307009 0.318526 0.0199893 0.0903325
0 0 1 1.01937 0.30514 0.372738 0.0272514 0.228885
0 0 1 1.06672 0.254495 0.223013 0.029698 0.296233
0 0 0 0.820662 0.417107 0.391905 0.0174242 0.0598291
0 0 0 0.825772 0.35886 0.340864 0.0213456 0.109996
0 0 1 1.00844 0.295117 0.211964 0.0223351 0.126014
0 0 0 0.85235 0.39597 0.209702 0.0286672 0.266445
0 0 0 0.977152 0.379139 0.22149 0.0259706 0.198106
0 0 1 1.08674 0.415533 0.208168 0.0276226 0.238367
0 0 1 1.01107 0.43409 0.204079 0.0151996 0.0397144
0 0 1 0.768073 0.295097 0.262533 0.0206144 0.0990751
0 0 1 1.09904 0.49499 0.262811 0.0220459 0.121182
0 0 1 1.0255 0.264472 0.256605 0.0227624 0.133386
0 0 1 0.774788 0.388839 0.302133 0.0142631 0.0328166
0 0 0 0.820462 0.318756 0.229766 0.0248661 0.17389
0 0 0 0.821293 0.270758 0.225916 0.0220398 0.12108
0 0 0 0.863352 0.253667 0.220857 0.0214312 0.111325
0 0 1 0.798699 0.499149 0.274811 0.0245121 0.166568
0 0 1 0.913407 0.334181 0.230476 0.0212228 0.108108
0 0 0 0.893292 0.384207 0.38565 0.0236833 0.150239
0 0 0 1.04467 0.297123 0.232005 0.0191281 0.0791533
0 0 1 1.12158 0.321316 0.219138 0.020081 0.0915812
0 0 0 0.867285 0.337962 0.213429 0.0281221 0.251534
0 0 0 0.904047 0.373524 0.212129 0.02306 0.138684
0 0 0 0.796819 0.399667 0.337518 0.0288097 0.270439
0 0 1 1.02887 0.347977 0.225066 0.0259192 0.196932
0 0 0 0.962532 0.288774 0.375395 0.0292893 0.284172
0 0 1 0.813538 0.403034 0.238767 0.0196812 0.0862203
0 0 0 1.02925 0.432445 0.230628 0.0170161 0.0557232
0 0 0 1.04299 0.404612 0.214577 0.0179298 0.0651891
0 0 0 1.11548 0.44494 0.238644 0.0235607 0.147917
0 0 0 0.967744 0.431105 0.211565 0.0277673 0.242133
0 0 0 0.935076 0.368838 0.232478 0.0143417 0.0333621
0 0 0 0.823344 0.311101 0.268352 0.0144451 0.0340889
0 0 1 0.823182 0.347943 0.294583 0.0146864 0.0358259
0 0 0 0.760229 0.338017 0.340987 0.0249633 0.175938
0 0 0 1.11358 0.324178 0.287172 0.025351 0.184263
0 0 1 1.10185 0.330161 0.247997 0.015981 0.0461599
0 0 1 0.809236 0.288973 0.255533 0.0147671 0.0364197
0 0 1 0.866305 0.312837 0.264709 0.0287126 0.267714
0 0 0 0.850075 0.272586 0.247786 0.0140561 0.0314082
0 0 0 0.908353 0.284705 0.243149 0.0262901 0.205507
0 0 0 0.961063 0.293678 0.238502 0.0248343 0.173225
0 0 1 1.06625 0.336747 0.249758 0.02027 0.0941919
0 0 1 1.10845 0.287023 0.249679 0.027692 0.240169
0 0 0 1.11445 0.261417 0.213795 0.0168123 0.0537443
0 0 1 0.837495 0.363481 0.255691 0.0295735 0.292522
0 0 0 0.951838 0.337815 0.248345 0.0213298 0.109752
0 0 0 0.98411 0.331383 0.22005 0.0220855 0.121836
0 0 1 1.11024 0.406262 0.243469 0.0157803 0.0444423
0 0 1 1.06717 0.373898 0.231529 0.0207813 0.1015
0 0 0 1.11716 0.291004 0.20082 0.015621 0.0431103
0 0 1 0.947345 0.48489 0.387823 0.021522 0.112745
0 0 0 0.750175 0.496971 0.357533 0.0199794 0.090198
0 0 0 1.01888 0.392825 0.249491 0.0261194 0.201531
0 0 0 1.07103 0.412049 0.260907 0.0275322 0.236035
0 0 0 0.882576 0.431608 0.34195 0.0223479 0.126231
0 0 0 0.901112 0.445122 0.243103 0.0271823 0.22715
0 0 1 0.750463 0.38478 0.33302 0.0194004 0.082582
0 0 1 0.826147 0.260958 0.26293 0.0165561 0.051325
0 0 1 0.856787 0.313988 0.341498 0.0127925 0.0236763
0 0 0 0.9206 0.414351 0.367728 0.0207669 0.10129
0 0 1 0.832545 0.296169 0.300243 0.0219537 0.119668
0 0 0 0.898891 0.351155 0.26238 0.0177916 0.0636941
0 0 1 0.92318 0.31818 0.280418 0.0259576 0.19781
0 0 0 1.06013 0.296584 0.277444 0.0288737 0.272246
0 0 0 0.756129 0.431035 0.360389 0.0274605 0.234195
0 0 1 0.849203 0.398113 0.361106 0.0286663 0.266419
0 0 0 0.793622 0.487593 0.227659 0.0243044 0.16237
0 0 1 0.873173 0.388974 0.275044 0.0136242 0.0286012
0 0 1 0.879233 0.369211 0.240808 0.0151079 0.0390001
0 0 0 0.966506 0.305058 0.279448 0.0180155 0.0661286
0 0 0 1.00796 0.312289 0.260113 0.0282983 0.25629
0 0 0 0.866515 0.414032 0.253022 0.020394 0.0959307
0 0 0 0.954896 0.37883 0.265281 0.0231661 0.140608
0 0 1 0.892457 0.408269 0.216424 0.0138181 0.0298399
0 0 0 1.02386 0.353497 0.266679 0.0163556 0.0494826
0 0 0 1.03592 0.397139 0.298794 0.0262379 0.204287
0 0 0 0.982421 0.430722 0.264445 0.0271463 0.226248
0 0 0 0.918453 0.479754 0.209694 0.023118 0.139734
0 0 0 0.845115 0.490249 0.201677 0.0177042 0.06276
0 0 0 0.783356 0.25784 0.246214 0.0228961 0.135749
0 0 1 1.10802 0.48922 0.298894 0.0130506 0.0251387
0 0 1 0.826358 0.310058 0.331496 0.0128016 0.0237269
0 0 1 0.796403 0.273312 0.287152 0.0227845 0.133774
0 0 0 0.852476 0.263338 0.287112 0.018662 0.0735072
0 0 1 0.898864 0.260601 0.290805 0.0279618 0.247257
0 0 0 1.00081 0.346045 0.295888 0.0214066 0.110942
0 0 0 0.944862 0.272979 0.276952 0.0207724 0.10137
0 0 1 1.07236 0.342116 0.288823 0.0196351 0.085615
0 0 1 1.05395 0.370288 0.267943 0.0181265 0.0673586
0 0 0 1.08554 0.39519 0.321482 0.0283762 0.258414
0 0 0 1.09943 0.282549 0.31089 0.0246094 0.16856
0 0 0 0.879656 0.487943 0.266884 0.0262202 0.203873
0 0 0 0.886737 0.30712 0.316735 0.0266707 0.214563
0 0 1 0.872802 0.354692 0.290963 0.0211272 0.106654
0 0 1 0.908475 0.393886 0.256916 0.0263621 0.2072
0 0 1 0.96205 0.340735 0.286955 0.0187235 0.0742358
0 0 1 0.991629 0.355208 0.255259 0.0178801 0.0646492
0 0 0 0.995349 0.384431 0.321778 0.0221005 0.122084
0 0 0 1.09687 0.440678 0.318147 0.0186248 0.0730675
0 0 1 1.1168 0.42408 0.283307 0.0248396 0.173335
0 0 1 1.09158 0.37084 0.270464 0.0195193 0.0841095
0 0 0 1.02608 0.265837 0.355324 0.0162691 0.0487017
0 0 0 0.939478 0.399598 0.226828 0.0172411 0.057963
0 0 1 1.05245 0.43916 0.329291 0.0272235 0.228183
0 0 0 0.971677 0.479195 0.203045 0.0187675 0.0747605
0 0 0 0.833866 0.407359 0.267923 0.0161523 0.0476605
0 0 0 1.07752 0.460337 0.253092 0.0198977 0.0890969
0 0 0 0.993758 0.295924 0.307549 0.0221858 0.123503
0 0 1 1.05726 0.457335 0.214536 0.0237643 0.151784
0 0 1 1.00755 0.266104 0.289906 0.0151117 0.0390291
0 0 0 0.977609 0.261494 0.304174 0.0159923 0.0462581
0 0 1 1.04172 0.255297 0.309643 0.0258051 0.194343
0 0 1 0.775409 0.374324 0.234234 0.0282855 0.255944
0 0 1 0.835028 0.323036 0.351412 0.0125017 0.0220981
0 0 0 0.923488 0.353617 0.371492 0.0215785 0.113636
0 0 0 0.937433 0.287972 0.322592 0.0278437 0.244138
0 0 0 1.04032 0.35403 0.29316 0.0148287 0.0368774
0 0 0 1.12063 0.371879 0.350802 0.0229602 0.136892
0 0 1 0.918695 0.330109 0.316912 0.0126986 0.0231588
0 0 0 1.04566 0.325547 0.320375 0.0249136 0.174889
0 0 0 0.968407 0.328564 0.326778 0.0234024 0.144955
0 0 0 0.940875 0.42702 0.246704 0.0166562 0.0522609
0 0 1 0.80012 0.39206 0.276547 0.0218917 0.118657
0 0 1 0.992114 0.380037 0.280601 0.0168673 0.0542734
0 0 0 0.969587 0.401483 0.296281 0.0179677 0.0656042
0 0 0 1.01854 0.48944 0.304135 0.0199155 0.0893365
0 0 0 1.11854 0.465595 0.269752 0.0139082 0.0304274
0 0 0 1.07491 0.459935 0.294812 0.0170788 0.056341
0 0 0 0.92346 0.46851 0.28335 0.0244879 0.166077
0 0 1 0.916644 0.364727 0.297443 0.0238051 0.152568
0 0 0 0.887199 0.429026 0.292908 0.026982 0.222164
0 0 1 0.790402 0.292605 0.232658 0.0150906 0.0388661
0 0 1 0.770456 0.417941 0.223902 0.0168147 0.0537676
0 0 1 0.950813 0.469203 0.242856 0.0244163 0.164623
0 0 1 1.01023 0.471729 0.218286 0.0233565 0.144104
0 0 1 1.10625 0.462162 0.294961 0.0143482 0.0334077
0 0 0 1.0122 0.410477 0.393851 0.0194116 0.0827255
0 0 1 0.961599 0.463168 0.279449 0.0142251 0.0325551
0 0 0 1.07584 0.384961 0.371603 0.0236948 0.150457
0 0 1 0.976555 0.49259 0.354102 0.0237727 0.151946
0 0 1 0.790438 0.336221 0.271458 0.027078 0.224544
0 0 1 0.82512 0.44589 0.220089 0.0285048 0.261944
0 0 1 0.751809 0.252194 0.288096 0.026573 0.212215
0 0 1 0.849793 0.454101 0.343676 0.0174482 0.0600766
0 0 1 1.0273 0.362667 0.322675 0.0165806 0.0515526
0 0 1 0.753363 0.469542 0.275503 0.0296446 0.294638
0 0 1 1.10549 0.429074 0.364283 0.0297322 0.297257
0 0 0 0.757346 0.286807 0.228934 0.0156374 0.0432462
0 0 0 0.756433 0.415917 0.262502 0.0243443 0.163171
0 0 1 1.00021 0.433029 0.31567 0.0271379 0.226037
0 0 0 0.919466 0.281134 0.361817 0.0158386 0.0449367
0 0 0 1.03359 0.452882 0.274456 0.0295276 0.291164
0 0 1 1.05578 0.488443 0.29978 0.0176126 0.061791
0 0 1 0.876916 0.488114 0.225156 0.0156181 0.0430862
0 0 0 0.979378 0.477241 0.311353 0.0217488 0.116348
0 0 0 0.847639 0.481246 0.23832 0.0172095 0.0576439
0 0 1 1.03117 0.395918 0.351523 0.0258572 0.195522
0 0 0 1.04303 0.480682 0.338449 0.0163404 0.0493449
0 0 0 1.06517 0.337017 0.372538 0.0244593 0.165495
0 0 0 0.885487 0.386516 0.299985 0.0142993 0.0330673
0 0 1 1.12461 0.417557 0.323578 0.0166991 0.0526664
0 0 1 0.855377 0.466987 0.289723 0.0131539 0.0257406
0 0 0 1.0068 0.322599 0.332263 0.0158437 0.0449803
0 0 0 0.812772 0.468196 0.363187 0.0253722 0.184725
0 0 0 1.02542 0.289556 0.330986 0.0177262 0.0629942
0 0 0 1.09229 0.34104 0.328794 0.024358 0.163447
0 0 0 0.988564 0.301429 0.343054 0.0141168 0.031817
0 0 1 1.06747 0.289404 0.351601 0.0276075 0.237977
0 0 0 0.957219 0.368437 0.313639 0.0200571 0.0912547
0 0 0 1.05754 0.36286 0.339612 0.018089 0.0669417
0 0 1 1.12379 0.279703 0.364455 0.0221919 0.123604
0 0 1 1.11474 0.308261 0.339505 0.0167995 0.0536219
0 0 0 0.943901 0.476583 0.314826 0.013919 0.0304982
0 0 1 0.991089 0.265472 0.339591 0.0220987 0.122054
0 0 1 0.977075 0.455748 0.342395 0.0149055 0.0374534
0 0 0 1.03591 0.362382 0.37333 0.0142676 0.0328477
0 0 1 0.848984 0.273766 0.342015 0.0281845 0.25321
0 0 1 0.878873 0.299123 0.379876 0.0263133 0.206052
0 0 0 1.03524 0.344688 0.351379 0.0129962 0.0248259
0 0 1 0.909138 0.40071 0.331375 0.0197261 0.0868115
0 0 0 0.954143 0.344056 0.392719 0.0169219 0.0548026
0 0 0 0.89657 0.265817 0.338608 0.0201827 0.0929795
0 0 1 0.756196 0.420928 0.310258 0.0237054 0.150659
0 0 0 0.782696 0.312027 0.372417 0.0216027 0.114018
0 0 1 0.847179 0.332995 0.315743 0.0206278 0.099269
0 0 0 0.779704 0.462606 0.32414 0.0261234 0.201623
0 0 1 1.01805 0.379644 0.383998 0.0127654 0.0235262
0 0 1 0.818277 0.258571 0.375425 0.0130944 0.0253925
0 0 1 0.785219 0.40758 0.388694 0.0194187 0.0828162
0 0 0 0.947687 0.255439 0.346234 0.0136594 0.0288232
0 0 1 1.10364 0.354585 0.38629 0.020023 0.09079
0 0 0 0.752383 0.301711 0.305985 0.0260941 0.200946
0 0 1 0.8873 0.476474 0.32017 0.0277503 0.241689
0 0 1 0.930471 0.407763 0.296931 0.0214047 0.110912
0 0 0 0.782452 0.258114 0.332487 0.0270363 0.223508
0 0 1 0.792989 0.355916 0.314821 0.0206389 0.0994281
0 0 1 0.987178 0.253348 0.373634 0.0139037 0.0303978
0 0 1 0.807232 0.29057 0.350581 0.0176354 0.0620305
0 0 1 0.914106 0.316353 0.354149 0.0206021 0.0988983
0 0 1 0.828268 0.48349 0.315075 0.027469 0.234412
0 0 1 0.9968 0.353763 0.360921 0.0276627 0.239408
0 0 0 0.846026 0.432882 0.307357 0.0168252 0.0538686
0 0 1 1.04498 0.495847 0.242373 0.0253228 0.183648
0 0 0 0.781564 0.265833 0.384308 0.0253696 0.184668
0 0 0 0.971553 0.449394 0.379453 0.0203408 0.0951822
0 0 0 0.794418 0.360706 0.380272 0.0290864 0.278305
0 0 1 1.05282 0.430561 0.384745 0.0268045 0.217809
0 0 1 1.09605 0.304742 0.392193 0.0243552 0.163391
0 0 0 1.05431 0.494326 0.37806 0.0270502 0.223854
0 0 0 0.760734 0.298116 0.399519 0.0159522 0.0459104
0 0 1 0.92279 0.316424 0.398187 0.0242281 0.160847
0 0 1 0.825621 0.29578 0.392618 0.0285493 0.263172
0 0 0 1.05416 0.281507 0.399215 0.02246 0.128139
0 0 1 0.851702 0.445683 0.384797 0.0245698 0.167748
0 0 0 0.754834 0.385999 0.37096 0.0188193 0.0753808
0 0 1 1.0478 0.463708 0.427469 0.0275105 0.235476
0 0 1 1.0963 0.291601 0.444544 0.015914 0.0455818
0 0 1 1.00892 0.268626 0.405829 0.0231286 0.139926
0 0 0 1.08378 0.442308 0.424628 0.0144518 0.0341366
0 0 0 0.813058 0.253845 0.458339 0.0182561 0.0688135
0 0 0 1.03248 0.287051 0.428535 0.0144258 0.0339522
0 0 0 1.12352 0.436891 0.426769 0.0257228 0.192489
0 0 0 0.760504 0.319869 0.469598 0.027428 0.233363
0 0 0 0.854629 0.319971 0.476181 0.0273247 0.230738
0 0 0 1.05375 0.44767 0.485528 0.0247679 0.171838
0 0 0 0.999737 0.386784 0.439317 0.0205537 0.0982031
0 0 1 1.03653 0.415103 0.449249 0.0269351 0.221009
0 0 0 1.05183 0.488793 0.476345 0.017413 0.0597136
0 0 0 1.05511 0.264044 0.437866 0.0191691 0.0796635
0 0 1 0.876021 0.269439 0.468838 0.0280385 0.249298
0 0 0 0.981332 0.296841 0.470259 0.0242311 0.160905
0 0 0 1.03384 0.368547 0.45053 0.0197171 0.0866921
0 0 0 1.08783 0.418129 0.457796 0.0251606 0.180143
0 0 1 0.984014 0.290177 0.429665 0.0169951 0.0555169
0 0 0 1.0733 0.27916 0.478497 0.026946 0.221275
0 0 1 0.950387 0.316646 0.438299 0.0244652 0.165615
0 0 1 0.835681 0.296409 0.439962 0.0198578 0.0885617
0 0 1 1.00664 0.373244 0.471199 0.0147665 0.0364155
0 0 1 1.02777 0.282933 0.473098 0.0190538 0.0782348
0 0 0 0.862784 0.280006 0.417587 0.0189267 0.0766788
0 0 0 1.08765 0.332198 0.426311 0.0202438 0.0938272
0 0 0 1.12366 0.491937 0.42306 0.0137729 0.0295477
0 0 1 1.00608 0.428681 0.491499 0.0268923 0.219956
0 0 1 1.00205 0.443298 0.418484 0.0228637 0.135173
0 0 1 1.05728 0.396082 0.496544 0.0281024 0.251005
0 0 1 1.04347 0.328303 0.476368 0.029068 0.277777
0 0 0 1.00093 0.342487 0.451367 0.0222735 0.124973
0 0 1 0.780316 0.326406 0.410959 0.0190496 0.0781826
0 0 0 0.822957 0.253802 0.419109 0.0211634 0.107204
0 0 0 0.91238 0.314333 0.476757 0.0296543 0.294928
0 0 1 0.987046 0.324612 0.407512 0.0240662 0.157644
0 0 0 1.10758 0.389021 0.482683 0.0179324 0.0652185
0 0 0 1.07725 0.484885 0.512155 0.0266772 0.21472
0 0 1 1.12006 0.326538 0.50108 0.0255818 0.189342
0 0 0 1.09133 0.321104 0.465396 0.0205546 0.0982152
0 0 1 1.08825 0.408606 0.406398 0.0201661 0.092751
0 0 0 0.788329 0.285923 0.43478 0.0286011 0.264607
0 0 0 0.93226 0.283462 0.450745 0.0153438 0.0408556
0 0 1 1.122 0.333554 0.40987 0.0165256 0.0510417
0 0 0 1.12029 0.347816 0.444297 0.0201682 0.0927802
0 0 1 1.07962 0.367247 0.456035 0.0264106 0.208347
0 0 0 1.01577 0.302738 0.414127 0.0126454 0.0228689
0 0 1 0.962281 0.252783 0.441387 0.0278188 0.243482
0 0 1 1.00815 0.478095 0.465019 0.0289637 0.274797
0 0 0 1.10341 0.371702 0.419542 0.0173802 0.0593771
0 0 1 1.05416 0.299498 0.444469 0.0152219 0.0398891
0 0 1 1.10906 0.255648 0.453193 0.0201048 0.0919077
0 0 1 0.882028 0.320188 0.429153 0.0271062 0.225248
0 0 0 1.00631 0.491534 0.404113 0.0276476 0.239015
0 0 0 1.0452 0.38608 0.408218 0.0240683 0.157684
0 0 1 1.09213 0.471598 0.459191 0.0275741 0.237113
0 0 0 0.929116 0.258396 0.487615 0.0293525 0.286013
0 0 0 1.07529 0.298289 0.424032 0.0142012 0.0323909
0 0 1 0.999833 0.365673 0.405906 0.0189734 0.0772483
0 0 0 1.11458 0.308132 0.426396 0.0146945 0.0358851
0 0 1 1.07371 0.358288 0.405669 0.0158297 0.0448611
0 0 1 0.81529 0.328565 0.425076 0.0187277 0.0742859
0 0 0 0.913675 0.265842 0.413898 0.0295295 0.291219
0 0 0 1.09012 0.266342 0.418319 0.0209972 0.104698
0 0 1 1.00749 0.271776 0.445655 0.0168487 0.0540945
0 0 1 1.03827 0.33579 0.416902 0.0274371 0.233596
0 0 0 1.01164 0.305414 0.443477 0.0171158 0.0567082
0 0 1 0.812164 0.289729 0.482907 0.0252411 0.181878
0 0 1 1.09647 0.472791 0.401569 0.0258235 0.194759
0 0 0 0.865038 0.529647 0.0283325 0.0283792 0.258497
0 0 1 0.91826 0.517386 0.02413 0.0241492 0.15928
0 0 0 0.98942 0.548904 0.0196503 0.0196663 0.0860241
0 0 0 1.0535 0.52771 0.0187725 0.0187755 0.0748558
0 0 1 1.11302 0.544143 0.0220022 0.0220411 0.121103
0 0 0 0.829516 0.572532 0.0268202 0.0268336 0.21852
0 0 0 0.910906 0.56745 0.0264589 0.0265116 0.210748
0 0 0 0.970141 0.592292 0.0286124 0.0286571 0.266164
0 0 0 0.984013 0.650209 0.0201839 0.0201853 0.0930162
0 0 1 1.07361 0.562757 0.0215477 0.0215737 0.11356
0 0 0 1.09049 0.610156 0.0164223 0.0164366 0.0502215
0 0 0 1.11208 0.605778 0.0600169 0.0133655 0.027003
0 0 0 1.05991 0.597916 0.0164962 0.0165092 0.0508897
0 0 1 0.837449 0.627966 0.0243577 0.0243669 0.163626
0 0 0 0.874898 0.639283 0.0156912 0.0157107 0.0438567
0 0 1 0.872381 0.672502 0.0176413 0.0176691 0.0623868
0 0 1 0.928035 0.606644 0.0172153 0.0172728 0.0582825
0 0 1 0.942243 0.635812 0.0149347 0.0149351 0.037677
0 0 0 0.90327 0.710001 0.0125703 0.0125704 0.0224645
0 0 0 0.969361 0.691619 0.0238111 0.0238907 0.154219
0 0 1 1.02857 0.661137 0.0246678 0.0247039 0.17051
0 0 0 1.07863 0.651334 0.0217988 0.0218102 0.117337
0 0 0 0.805778 0.697191 0.0145044 0.0145052 0.0345165
0 0 1 0.929507 0.708938 0.0137112 0.0137137 0.0291688
0 0 0 0.848415 0.506228 0.157619 0.0292782 0.283849
0 0 0 1.06743 0.695958 0.0242418 0.0242706 0.161693
0 0 0 1.06331 0.749172 0.0291336 0.0291665 0.280611
0 0 1 0.791141 0.728958 0.103874 0.019287 0.0811422
0 0 0 0.911003 0.53853 0.0740432 0.0292175 0.282087
0 0 0 1.02929 0.563109 0.022782 0.022792 0.133905
0 0 0 1.07816 0.530916 0.0520366 0.0227563 0.133277
0 0 0 0.766727 0.631458 0.0886501 0.0231645 0.140579
0 0 0 0.805185 0.60835 0.062059 0.0290031 0.275922
0 0 0 0.869036 0.592448 0.0182368 0.0182545 0.0687956
0 0 1 0.935486 0.625715 0.0563212 0.0269206 0.220651
0 0 1 1.02182 0.610954 0.0311205 0.0263526 0.206978
0 0 1 1.11861 0.586408 0.0206198 0.0206207 0.0991658
0 0 0 0.79637 0.667299 0.0169217 0.0169346 0.0549255
0 0 1 0.833209 0.677453 0.0399781 0.027703 0.240456
0 0 0 0.873049 0.645083 0.0507431 0.0198763 0.0888088
0 0 1 0.918543 0.670802 0.0286275 0.0286779 0.266744
0 0 1 0.988491 0.740061 0.0493805 0.0150493 0.0385479
0 0 0 0.965168 0.722599 0.0457338 0.0143247 0.0332433
0 0 0 1.03233 0.684729 0.0677286 0.0205224 0.0977543
0 0 1 1.05953 0.699617 0.0896229 0.0173684 0.0592555
0 0 0 0.770937 0.675986 0.168578 0.0212715 0.108854
0 0 1 0.814713 0.723949 0.0137199 0.0137257 0.0292456
0 0 1 0.941788 0.742269 0.0227837 0.022816 0.13433
0 0 1 1.01728 0.713515 0.0290592 0.029072 0.277892
0 0 0 1.118 0.718289 0.0473938 0.0169246 0.054829
0 0 1 1.09348 0.506507 0.0201919 0.0202114 0.0933776
0 0 1 0.774057 0.585297 0.187482 0.0290413 0.277013
0 0 1 0.765453 0.606679 0.127485 0.0182391 0.068622
0 0 0 0.862014 0.556238 0.0664232 0.0179875 0.0658215
0 0 0 0.973168 0.596124 0.0721927 0.0152069 0.0397719
0 0 0 0.952788 0.544924 0.0423481 0.023631 0.149245
0 0 1 1.03225 0.525795 0.0550084 0.0232778 0.142653
0 0 1 1.09618 0.571309 0.057594 0.021831 0.117672
0 0 0 0.808649 0.531054 0.0369868 0.0207054 0.100394
0 0 1 0.873068 0.569274 0.0397953 0.0136598 0.0288261
0 0 0 0.905228 0.592958 0.0626373 0.0181327 0.0674277
0 0 0 1.00164 0.563725 0.0631294 0.0261354 0.201901
0 0 0 1.07081 0.615527 0.0571873 0.0291528 0.280217
0 0 0 1.12097 0.633317 0.0338693 0.0256536 0.190939
0 0 1 0.858095 0.712477 0.0543343 0.0172053 0.0576019
0 0 0 0.872745 0.708758 0.0185607 0.0185615 0.0723261
0 0 1 0.895518 0.615833 0.033418 0.0202106 0.0933668
0 0 0 0.957953 0.66752 0.0594287 0.02066 0.0997346
0 0 1 0.95351 0.708405 0.0818077 0.026163 0.202541
0 0 1 0.996881 0.67429 0.0524712 0.0194686 0.083456
0 0 1 1.05413 0.687028 0.118949 0.0149993 0.0381652
0 0 1 1.05901 0.663457 0.0527111 0.0167587 0.0532316
0 0 1 0.810791 0.711956 0.0378425 0.013498 0.027814
0 0 1 0.846784 0.74521 0.0269363 0.0269673 0.221802
0 0 1 0.836981 0.70851 0.0133684 0.013374 0.0270543
0 0 0 0.896291 0.743697 0.0226504 0.0227052 0.132382
0 0 1 0.979281 0.731173 0.0137706 0.0137709 0.0295351
0 0 0 0.759198 0.615805 0.0516836 0.0176962 0.0626742
0 0 0 1.08657 0.728243 0.0735342 0.0251823 0.180609
0 0 0 1.11996 0.706009 0.0980383 0.0218337 0.117716
0 0 1 1.10777 0.704551 0.0175153 0.0175241 0.0608641
0 0 0 1.10089 0.721318 0.132283 0.0202603 0.0940571
0 0 0 0.760732 0.51416 0.185008 0.0276315 0.238597
0 0 0 1.10303 0.674663 0.0130642 0.0130675 0.0252363
0 0 0 0.884801 0.663858 0.188003 0.0293333 0.285452
0 0 0 0.774907 0.543359 0.0193178 0.0193474 0.0819069
0 0 0 0.938335 0.579494 0.059842 0.017722 0.0629488
0 0 1 0.990657 0.517056 0.0727815 0.0227866 0.133811
0 0 1 1.05328 0.568365 0.0592851 0.0212067 0.107862
0 0 0 0.822645 0.552763 0.0706734 0.0217647 0.116603
0 0 1 0.845246 0.521352 0.0650691 0.0141839 0.0322732
0 0 1 0.860784 0.601165 0.061949 0.0270813 0.224626
0 0 1 0.895586 0.624932 0.0667304 0.0143227 0.0332298
0 0 1 0.986475 0.632212 0.0613072 0.0247715 0.171912
0 0 1 1.02662 0.602071 0.0828986 0.0237376 0.151273
0 0 0 1.08072 0.575815 0.0918189 0.0160107 0.0464173
0 0 1 0.921879 0.547684 0.181338 0.0260169 0.199168
0 0 0 1.02674 0.501028 0.0190132 0.0190137 0.0777414
0 0 0 0.839661 0.643013 0.0754136 0.0216954 0.115493
0 0 0 0.81006 0.637986 0.100945 0.0158133 0.0447219
0 0 1 0.928183 0.736477 0.0583844 0.015737 0.044078
0 0 0 0.938196 0.708722 0.0423337 0.0162014 0.048096
0 0 1 0.871128 0.648844 0.0931319 0.0148318 0.0369004
0 0 0 0.901797 0.661602 0.0763531 0.022027 0.12087
0 0 1 0.903793 0.712771 0.0500203 0.0192911 0.0811934
0 0 0 1.06441 0.657756 0.093716 0.0249924 0.176554
0 0 0 1.10195 0.677245 0.0602112 0.0289868 0.275457
0 0 0 0.792382 0.700408 0.0641028 0.0205879 0.0986932
0 0 1 0.879994 0.74876 0.0691492 0.0268682 0.219366
0 0 0 0.911762 0.721152 0.0846654 0.0172456 0.0580084
0 0 1 1.03558 0.732785 0.0740446 0.0231882 0.14101
0 0 0 1.05733 0.706715 0.0593351 0.0138267 0.0298954
0 0 0 0.824673 0.730202 0.0700722 0.0237837 0.152157
0 0 0 0.768826 0.628014 0.165361 0.0193546 0.0819978
0 0 0 0.815693 0.514426 0.0695198 0.016508 0.0508785
0 0 1 0.913989 0.614182 0.0882424 0.0133181 0.0267167
0 0 0 0.983275 0.539301 0.110711 0.0218176 0.117455
0 0 1 0.963173 0.566601 0.0756324 0.0144134 0.0338648
0 0 0 1.02019 0.537504 0.092509 0.0174127 0.0597103
0 0 0 1.06453 0.533878 0.10063 0.0278169 0.243433
0 0 0 0.874199 0.515727 0.0678416 0.0145278 0.0346776
0 0 0 0.830349 0.611686 0.100914 0.017412 0.059703
0 0 1 0.843229 0.576609 0.0981625 0.0200664 0.0913816
0 0 1 0.89162 0.582961 0.107258 0.0295917 0.293063
0 0 1 1.0965 0.631484 0.117311 0.0227547 0.133249
0 0 1 1.11405 0.598018 0.0940676 0.0216258 0.114385
0 0 1 1.10765 0.634961 0.0753312 0.016279 0.0487906
0 0 1 0.798699 0.658506 0.0708657 0.0223387 0.126074
0 0 0 0.834817 0.687128 0.0927068 0.0259393 0.19739
0 0 0 0.802654 0.613345 0.122094 0.0174993 0.060606
0 0 0 0.842602 0.647442 0.119222 0.0224426 0.127842
0 0 0 0.86392 0.668352 0.0740416 0.0134264 0.0273734
0 0 1 0.942941 0.653017 0.102885 0.0276017 0.237827
0 0 1 0.988517 0.675304 0.0948763 0.023771 0.151913
0 0 1 0.921418 0.690007 0.0664932 0.0138857 0.0302802
0 0 1 1.00192 0.707499 0.0726796 0.0175694 0.0613375
0 0 0 1.02365 0.702518 0.105186 0.021852 0.118011
0 0 0 1.09371 0.677314 0.128464 0.0245021 0.166365
0 0 0 0.945544 0.501389 0.0583116 0.0224271 0.127577
0 0 0 0.880287 0.705262 0.0809704 0.0182113 0.0683087
0 0 0 0.919243 0.688789 0.0961116 0.0158415 0.0449615
0 0 1 0.879352 0.684083 0.0510895 0.0184328 0.070831
0 0 0 1.08542 0.705943 0.105003 0.0134044 0.0272392
0 0 1 0.925887 0.717868 0.125237 0.0258504 0.195368
0 0 1 0.755689 0.71939 0.136032 0.0295281 0.291179
0 0 0 0.778559 0.585627 0.0232559 0.0232739 0.142581
0 0 0 0.989117 0.585666 0.0950035 0.0145352 0.0347309
0 0 0 0.938338 0.522587 0.103508 0.0140334 0.0312568
0 0 1 0.936977 0.584766 0.129036 0.0129544 0.0245871
0 0 0 0.955318 0.545181 0.138275 0.0178806 0.0646545
0 0 1 1.10813 0.511868 0.132179 0.0264769 0.20992
0 0 1 0.857814 0.530318 0.105396 0.0290106 0.276136
0 0 1 0.921649 0.612453 0.130764 0.0186188 0.0729977
0 0 1 0.940109 0.560388 0.107121 0.0199769 0.090165
0 0 1 1.03037 0.643406 0.0665959 0.020873 0.10285
0 0 0 1.01681 0.570587 0.118335 0.0246952 0.170329
0 0 0 1.10991 0.555855 0.108967 0.0232944 0.142957
0 0 1 0.863604 0.619416 0.101681 0.0167456 0.0531073
0 0 0 0.899063 0.635422 0.109258 0.0201185 0.0920951
0 0 1 0.946559 0.602141 0.0989986 0.0230464 0.13844
0 0 1 1.02385 0.657347 0.106767 0.0176327 0.0620024
0 0 1 1.0443 0.624842 0.126082 0.025362 0.184502
0 0 0 1.07193 0.605419 0.101565 0.0163777 0.0496831
0 0 0 1.1095 0.588107 0.128383 0.0143574 0.0334716
0 0 1 0.795819 0.648918 0.140261 0.0230344 0.138225
0 0 1 0.851005 0.705294 0.139979 0.0142303 0.0325909
0 0 1 0.882685 0.680692 0.122043 0.0297155 0.296758
0 0 1 0.977021 0.714113 0.127392 0.0254676 0.186818
0 0 0 1.03274 0.711992 0.148101 0.0214904 0.11225
0 0 0 1.01277 0.691928 0.189582 0.0287515 0.268804
0 0 1 0.859043 0.727165 0.109904 0.0238432 0.153302
0 0 0 1.0139 0.7359 0.123675 0.0175449 0.061081
0 0 0 0.988588 0.74364 0.088243 0.0239793 0.155942
0 0 0 1.05981 0.733164 0.116182 0.0254302 0.185996
0 0 1 0.841418 0.653132 0.186627 0.0153831 0.0411699
0 0 0 0.811136 0.676471 0.182323 0.0212152 0.107992
0 0 0 0.768771 0.707542 0.0253454 0.0253645 0.184558
0 0 0 0.775258 0.660346 0.108386 0.0128483 0.0239876
0 0 1 0.95674 0.53624 0.0821456 0.0173002 0.0585607
0 0 0 0.908549 0.533421 0.130862 0.0278461 0.2442
0 0 0 1.04482 0.541528 0.142302 0.0189199 0.0765966
0 0 1 0.982126 0.504031 0.0262617 0.0262848 0.205383
0 0 1 0.803018 0.531517 0.0899564 0.0130085 0.0248961
0 0 1 0.817024 0.551479 0.109093 0.0170857 0.0564088
0 0 0 0.834003 0.596671 0.144904 0.0181549 0.0676758
0 0 1 0.854075 0.598434 0.12085 0.0132401 0.02625
0 0 0 0.955468 0.638822 0.140668 0.0146596 0.0356306
0 0 1 0.913443 0.581218 0.151423 0.0197212 0.0867461
0 0 0 0.97229 0.577995 0.125326 0.0209852 0.104518
0 0 0 0.999575 0.53969 0.159331 0.0294721 0.289525
0 0 0 1.05873 0.575732 0.117192 0.0175823 0.0614722
0 0 0 1.07893 0.599001 0.137491 0.0193482 0.0819173
0 0 0 0.806262 0.576938 0.0919147 0.0143478 0.0334048
0 0 1 0.875775 0.620099 0.148501 0.0280537 0.249704
0 0 0 0.962034 0.673271 0.142018 0.0204364 0.0965307
0 0 0 0.990923 0.624948 0.114627 0.0292318 0.282499
0 0 0 1.04369 0.58041 0.155364 0.0221161 0.122343
0 0 1 0.756291 0.736902 0.0703067 0.0297753 0.298554
0 0 0 0.808601 0.696684 0.137196 0.02652 0.210946
0 0 0 0.834694 0.731335 0.152507 0.0189713 0.0772223
0 0 1 0.925993 0.700487 0.175362 0.0272211 0.228124
0 0 0 0.954601 0.734561 0.160723 0.019626 0.0854966
0 0 1 1.04523 0.74374 0.184315 0.0197888 0.0876419
0 0 0 1.05205 0.669228 0.156006 0.0260929 0.200918
0 0 0 1.12035 0.651009 0.137186 0.0139411 0.0306439
0 0 1 0.878485 0.748702 0.153027 0.0281531 0.252367
0 0 1 1.00112 0.741082 0.172753 0.0244649 0.165608
0 0 1 1.08932 0.740424 0.170711 0.0242064 0.160414
0 0 1 1.09 0.701608 0.158089 0.0139899 0.030967
0 0 1 1.02069 0.533057 0.122818 0.0132331 0.0262084
0 0 0 0.803187 0.611669 0.159607 0.0191613 0.0795653
0 0 1 1.06471 0.507283 0.15421 0.0224373 0.127752
0 0 1 0.78182 0.631172 0.0223777 0.0224033 0.127172
0 0 1 0.793229 0.573823 0.137311 0.0258993 0.196478
0 0 0 0.831096 0.570147 0.128424 0.0131773 0.0258781
0 0 1 0.863384 0.561644 0.153004 0.0282891 0.256042
0 0 0 0.954176 0.581736 0.165722 0.0234561 0.145956
0 0 0 0.946517 0.507303 0.159165 0.0262434 0.204414
0 0 1 1.08681 0.556278 0.153639 0.0270127 0.222923
0 0 1 0.802282 0.667101 0.107463 0.0150262 0.0383705
0 0 0 0.921634 0.65596 0.149978 0.0242324 0.160931
0 0 0 0.955328 0.608561 0.136885 0.0158378 0.0449305
0 0 0 1.0677 0.703167 0.140885 0.014222 0.0325338
0 0 0 1.06274 0.533951 0.185961 0.0190872 0.0786465
0 0 0 0.822403 0.720845 0.10862 0.0133847 0.0271194
0 0 0 0.833374 0.704608 0.174285 0.0155402 0.0424443
0 0 1 0.84607 0.674521 0.157112 0.0213658 0.110309
0 0 0 0.973579 0.679313 0.174924 0.0149701 0.0379425
0 0 0 0.977624 0.708896 0.168172 0.0156508 0.043357
0 0 1 1.00664 0.676976 0.138262 0.0232809 0.142709
0 0 0 1.03814 0.621183 0.178451 0.0250436 0.177641
0 0 1 1.08006 0.632421 0.15868 0.0202485 0.0938927
0 0 0 1.09182 0.664849 0.165889 0.014993 0.0381173
0 0 0 1.10951 0.596676 0.16094 0.0192739 0.080977
0 0 1 0.801268 0.741279 0.138333 0.0186951 0.0738983
0 0 1 1.02758 0.503774 0.135358 0.0193607 0.0820759
0 0 0 0.830475 0.543062 0.134722 0.0130578 0.0251804
0 0 1 1.03286 0.513702 0.172067 0.0146368 0.0354641
0 0 0 1.07458 0.597795 0.174972 0.0184112 0.0705828
0 0 0 1.10127 0.514427 0.182399 0.0242835 0.161952
0 0 0 0.832047 0.636634 0.157865 0.0190767 0.0785169
0 0 0 0.925331 0.615516 0.17029 0.0211985 0.107737
0 0 1 0.986696 0.644703 0.164248 0.0227297 0.132811
0 0 0 0.999544 0.594243 0.157481 0.0241933 0.160154
0 0 0 1.12234 0.639601 0.175035 0.0256562 0.190998
0 0 1 0.873655 0.703493 0.163598 0.018549 0.0721793
0 0 0 0.778769 0.692019 0.101529 0.0197506 0.0871347
0 0 0 0.807181 0.534278 0.157376 0.0206024 0.0989022
0 0 0 1.0385 0.550204 0.172211 0.0128569 0.0240359
0 0 1 0.96017 0.618952 0.164717 0.0142656 0.0328341
0 0 1 0.79908 0.641191 0.178712 0.0162436 0.0484726
0 0 0 0.957667 0.518096 0.122589 0.0135061 0.027864
0 0 1 0.770105 0.525267 0.136745 0.0227785 0.133668
0 0 1 0.884391 0.52767 0.163248 0.0129753 0.0247062
0 0 1 1.01424 0.627436 0.149639 0.0129192 0.0243869
0 0 0 0.794563 0.567095 0.052287 0.0147048 0.0359605
0 0 1 0.771873 0.678198 0.132513 0.0148742 0.0372182
0 0 1 0.77526 0.663436 0.0414074 0.015634 0.0432178
0 0 0 0.768939 0.534977 0.0662098 0.028677 0.266718
0 0 0 0.784201 0.546101 0.106931 0.0162456 0.048491
0 0 1 0.810853 0.511805 0.119583 0.023442 0.145692
0 0 1 0.794184 0.725249 0.18339 0.0296818 0.295749
0 0 1 0.767054 0.582845 0.0910758 0.0253132 0.18344
0 0 1 0.860053 0.701367 0.195528 0.0162321 0.0483698
0 0 0 1.09777 0.613235 0.191406 0.0139292 0.0305654
0 0 1 1.06337 0.704728 0.188655 0.0234522 0.145882
0 0 0 0.966141 0.732792 0.198029 0.0194849 0.0836662
0 0 0 0.845519 0.611195 0.189925 0.0240399 0.157127
0 0 1 0.888701 0.723745 0.193154 0.0202017 0.0932435
0 0 1 0.901815 0.743889 0.102631 0.0133921 0.0271644
0 0 1 1.06168 0.569767 0.19334 0.0175067 0.0606825
0 0 1 1.02309 0.579349 0.194687 0.0222929 0.1253
0 0 0 0.947153 0.652015 0.195845 0.0284196 0.259601
0 0 0 0.985142 0.609817 0.196742 0.0204354 0.0965166
0 0 0 0.849598 0.73554 0.198741 0.0196497 0.0858062
0 0 1 0.891142 0.5896 0.190971 0.0264524 0.209338
0 0 0 0.811295 0.510697 0.192141 0.0216159 0.114228
0 0 0 0.76108 0.500888 0.0252117 0.0252643 0.182379
0 0 0 0.762845 0.554879 0.158315 0.0145766 0.0350287
0 0 1 0.807681 0.615472 0.19236 0.0141164 0.0318142
0 0 0 0.754463 0.533135 0.10539 0.0131346 0.0256275
0 0 1 0.826804 0.561269 0.198218 0.0299308 0.303255
0 0 1 1.11753 0.707147 0.199358 0.028011 0.248565
0 0 0 1.04034 0.657482 0.197735 0.0161263 0.0474306
0 0 0 0.979883 0.520195 0.19516 0.0158312 0.0448736
0 0 1 0.750501 0.682242 0.0679274 0.025245 0.181961
0 0 0 0.879787 0.505116 0.130032 0.0125183 0.0221865
0 0 0 0.961535 0.694174 0.199645 0.0162896 0.0488861
0 0 0 0.881024 0.592357 0.383794 0.0255651 0.188971
0 0 0 1.05313 0.745757 0.340962 0.0209168 0.1035
0 0 1 0.859837 0.516415 0.323211 0.0188787 0.0760974
0 0 0 0.913631 0.642756 0.316501 0.0207046 0.100381
0 0 1 0.785359 0.575733 0.227057 0.0132156 0.0261046
0 0 1 1.08379 0.710226 0.345966 0.0261243 0.201644
0 0 0 0.977489 0.562343 0.207243 0.0279696 0.247463
0 0 1 0.814735 0.699415 0.305377 0.0145189 0.0346144
0 0 0 0.829788 0.518929 0.337431 0.0144601 0.0341956
0 0 0 1.01469 0.501819 0.362175 0.0162974 0.0489561
0 0 0 0.762167 0.719944 0.366225 0.0187704 0.0747949
0 0 1 1.03132 0.617919 0.369053 0.0276053 0.237919
0 0 1 0.774053 0.539789 0.288733 0.0250227 0.177196
0 0 1 0.949031 0.517323 0.357224 0.0133666 0.0270092
0 0 1 0.898601 0.632463 0.38295 0.0139329 0.0305897
0 0 0 0.777424 0.642319 0.329276 0.015623 0.0431266
0 0 0 0.773848 0.737923 0.298968 0.0262837 0.205359
0 0 1 0.842215 0.644452 0.336164 0.0150015 0.0381817
0 0 1 1.02387 0.53257 0.211159 0.0273141 0.230469
0 0 1 1.06354 0.654198 0.384875 0.0234418 0.145689
0 0 1 1.0277 0.545326 0.361953 0.0291314 0.279601
0 0 0 1.00687 0.643831 0.202232 0.020302 0.0946389
0 0 1 1.10488 0.574466 0.200736 0.026576 0.212287
0 0 0 0.8025 0.557403 0.357383 0.0210859 0.106029
0 0 1 0.790986 0.595762 0.350716 0.0195411 0.0843918
0 0 1 0.927037 0.731132 0.380619 0.0139175 0.0304888
0 0 0 1.08462 0.660659 0.210067 0.029966 0.304326
0 0 1 0.76692 0.644135 0.211464 0.0295664 0.292312
0 0 1 0.933208 0.725515 0.21041 0.0164501 0.0503456
0 0 0 1.07462 0.609385 0.360739 0.0166529 0.0522304
0 0 0 0.764532 0.548993 0.354777 0.0178905 0.0647623
0 0 0 0.851005 0.674354 0.304283 0.0295824 0.292787
0 0 1 0.758772 0.694444 0.293634 0.0200498 0.091155
0 0 0 0.754161 0.516439 0.25288 0.0222175 0.124033
0 0 1 1.08426 0.531731 0.230154 0.0292941 0.284311
0 0 1 1.11188 0.609316 0.346694 0.0130496 0.0251329
0 0 0 0.756944 0.6976 0.343932 0.0132237 0.0261521
0 0 0 1.06833 0.609333 0.215465 0.0241746 0.159783
0 0 0 0.996498 0.583253 0.376447 0.0220872 0.121864
0 0 0 0.923005 0.683706 0.214728 0.0156941 0.0437183
0 0 1 0.893667 0.697628 0.219332 0.0171198 0.0567479
0 0 0 0.871492 0.625207 0.317083 0.0248931 0.174458
0 0 0 0.835645 0.604759 0.347721 0.0249207 0.175038
0 0 0 0.773629 0.677122 0.332087 0.0157278 0.0440008
0 0 1 1.07045 0.721298 0.396598 0.0214881 0.112214
0 0 1 1.06663 0.676719 0.250652 0.0172476 0.0580277
0 0 0 0.960611 0.646504 0.386191 0.0231492 0.140302
0 0 1 1.06443 0.581908 0.376207 0.0164855 0.0506705
0 0 0 1.1115 0.69835 0.38546 0.0216141 0.1142
0 0 0 1.03689 0.721585 0.211007 0.0150829 0.0388065
0 0 1 1.08014 0.722133 0.240226 0.0293977 0.287337
0 0 0 0.94835 0.508773 0.204248 0.0189226 0.0766297
0 0 0 0.942446 0.539751 0.215358 0.0145275 0.0346757
0 0 1 0.871255 0.56072 0.339547 0.0297184 0.296843
0 0 1 0.78018 0.626265 0.375588 0.0213025 0.109331
0 0 1 1.10266 0.609427 0.375261 0.0127173 0.0232615
0 0 0 0.943297 0.601481 0.209392 0.0240715 0.157747
0 0 1 1.01273 0.50403 0.263111 0.0138887 0.0302999
0 0 1 1.00408 0.512045 0.329659 0.0171207 0.0567569
0 0 1 0.798994 0.689971 0.225704 0.0256396 0.190629
0 0 1 0.975566 0.53872 0.342216 0.023893 0.154264
0 0 1 0.971748 0.615906 0.34992 0.0256165 0.190112
0 0 1 0.98347 0.709026 0.228565 0.0229351 0.136445
0 0 0 0.922183 0.515428 0.304245 0.0269113 0.220424
0 0 1 0.785206 0.537794 0.224841 0.024794 0.172381
0 0 0 0.95821 0.552443 0.250869 0.0204327 0.0964776
0 0 0 0.93011 0.608439 0.383663 0.0256964 0.191897
0 0 1 0.875704 0.528051 0.204627 0.0293184 0.285018
0 0 1 1.0047 0.558133 0.251414 0.0240807 0.157929
0 0 0 1.0496 0.569887 0.231233 0.0222735 0.124974
0 0 0 1.10827 0.520111 0.288526 0.0150707 0.038713
0 0 1 0.819612 0.607819 0.230625 0.0243553 0.163394
0 0 0 0.84603 0.577275 0.233985 0.0137414 0.029346
0 0 1 0.816081 0.64655 0.209956 0.0196886 0.0863166
0 0 1 0.855653 0.641279 0.225159 0.0230364 0.138259
0 0 0 0.916407 0.565753 0.228118 0.0244353 0.165009
0 0 1 1.01558 0.608818 0.236912 0.029749 0.297762
0 0 0 1.08437 0.594301 0.254903 0.020985 0.104515
0 0 0 1.08968 0.551156 0.277984 0.0226299 0.131069
0 0 0 1.1156 0.567391 0.246837 0.0210306 0.105198
0 0 0 0.856377 0.687516 0.232979 0.0238734 0.153884
0 0 1 0.874216 0.735879 0.232909 0.0221179 0.122372
0 0 0 0.908565 0.627475 0.209861 0.0193192 0.0815492
0 0 0 0.978333 0.635122 0.218868 0.0138612 0.0301198
0 0 0 0.983773 0.668257 0.211232 0.0145063 0.0345242
0 0 1 1.05213 0.689783 0.22282 0.0154975 0.0420955
0 0 0 1.09349 0.64302 0.26461 0.028052 0.249656
0 0 1 0.811302 0.517079 0.382271 0.0271378 0.226036
0 0 0 1.05398 0.634167 0.244949 0.0169665 0.055237
0 0 1 0.939998 0.666459 0.236622 0.0154322 0.0415657
0 0 1 0.810991 0.597951 0.38721 0.0221445 0.122814
0 0 0 1.09814 0.681973 0.247146 0.0148898 0.0373351
0 0 0 0.906902 0.724667 0.224555 0.0134379 0.027444
0 0 1 1.04398 0.747718 0.227117 0.0164384 0.0502378
0 0 0 0.766899 0.654503 0.395411 0.0156814 0.0436124
0 0 0 1.0374 0.521555 0.283559 0.0226451 0.131333
0 0 0 0.830629 0.519498 0.23355 0.0249277 0.175185
0 0 1 0.924057 0.515929 0.247712 0.0296716 0.295444
0 0 0 0.939226 0.584942 0.262287 0.0189025 0.0763858
0 0 1 0.874301 0.560062 0.242765 0.02052 0.0977203
0 0 0 1.04376 0.536881 0.249024 0.0156834 0.0436286
0 0 1 0.991923 0.594523 0.285121 0.0258256 0.194807
0 0 0 1.04493 0.578041 0.282427 0.0297867 0.298895
0 0 1 0.849959 0.620168 0.270152 0.026997 0.222535
0 0 0 0.865606 0.601205 0.225794 0.0182851 0.0691426
0 0 1 0.867804 0.52271 0.247994 0.0150845 0.0388192
0 0 0 0.901296 0.610758 0.253358 0.0278449 0.244169
0 0 1 0.974488 0.670098 0.244562 0.0201544 0.0925896
0 0 1 0.972649 0.588315 0.245581 0.0186156 0.0729602
0 0 0 0.99141 0.649026 0.283268 0.0270821 0.224647
0 0 1 1.04391 0.638028 0.287304 0.0267438 0.216333
0 0 1 1.07461 0.610722 0.284718 0.0144277 0.0339663
0 0 1 0.772832 0.575833 0.275734 0.0133515 0.0269183
0 0 0 0.799098 0.705626 0.272148 0.0227278 0.132777
0 0 0 0.900832 0.66112 0.238944 0.0241735 0.159762
0 0 1 0.952871 0.628886 0.251295 0.0269096 0.220381
0 0 1 0.906577 0.697444 0.246831 0.0132629 0.0263859
0 0 1 0.987382 0.69874 0.274886 0.0235093 0.146951
0 0 0 1.02259 0.665235 0.241749 0.0273166 0.230533
0 0 1 0.780323 0.562744 0.325099 0.0184468 0.0709933
0 0 0 1.04215 0.63566 0.216919 0.0129868 0.0247716
0 0 0 0.827801 0.730087 0.238068 0.0249444 0.175537
0 0 1 0.830308 0.706855 0.205075 0.0154935 0.0420631
0 0 1 0.989299 0.734557 0.259326 0.0155977 0.0429177
0 0 0 0.789544 0.739648 0.224296 0.0139438 0.0306616
0 0 1 0.940803 0.703531 0.241286 0.0219431 0.119495
0 0 0 0.953046 0.735968 0.352545 0.0208121 0.101953
0 0 0 1.0694 0.514934 0.267117 0.0139439 0.0306621
0 0 0 0.815549 0.563838 0.262071 0.0298737 0.301522
0 0 1 0.88999 0.649596 0.281976 0.0217172 0.115841
0 0 0 0.88699 0.53747 0.276302 0.0218684 0.118278
0 0 0 0.974965 0.525344 0.291885 0.0281985 0.253589
0 0 1 1.1078 0.595458 0.287717 0.0193571 0.0820304
0 0 1 0.786849 0.658524 0.249086 0.0154002 0.0413077
0 0 0 0.873604 0.580444 0.277546 0.0198247 0.0881195
0 0 0 0.916747 0.515924 0.204367 0.0134817 0.0277133
0 0 0 0.951918 0.620853 0.303192 0.0253858 0.185023
0 0 1 1.01533 0.54771 0.311474 0.0215315 0.112895
0 0 0 1.088 0.615775 0.319814 0.0234815 0.14643
0 0 1 1.03734 0.695981 0.369875 0.0280227 0.248876
0 0 0 0.824804 0.659855 0.253582 0.0228545 0.13501
0 0 1 0.939379 0.673546 0.283189 0.0296054 0.293471
0 0 0 0.760695 0.690107 0.252671 0.0212065 0.107859
0 0 0 1.08785 0.693777 0.2914 0.0296239 0.294021
0 0 0 0.830665 0.632197 0.308451 0.017427 0.0598579
0 0 0 0.95119 0.721453 0.27691 0.0192773 0.0810194
0 0 0 0.868916 0.730663 0.28025 0.0217071 0.11568
0 0 0 1.0261 0.717523 0.250704 0.0258643 0.195683
0 0 0 1.06906 0.608817 0.391903 0.0150094 0.038242
0 0 1 1.06993 0.528527 0.299027 0.0140448 0.0313331
0 0 1 0.856177 0.666511 0.354074 0.0156455 0.0433135
0 0 1 1.08362 0.578299 0.301049 0.0131544 0.0257432
0 0 0 0.84598 0.588931 0.306095 0.0208161 0.102012
0 0 1 0.907598 0.56915 0.268224 0.0167944 0.0535727
0 0 0 1.09974 0.5562 0.318193 0.0191307 0.079185
0 0 0 0.792086 0.731932 0.2496 0.0126437 0.0228601
0 0 0 0.838261 0.708132 0.275412 0.0166536 0.0522367
0 0 1 0.951272 0.658912 0.335083 0.0242808 0.161899
0 0 1 0.990251 0.621858 0.314781 0.0145508 0.0348425
0 0 0 1.10633 0.652396 0.308814 0.0189293 0.076711
0 0 1 0.867038 0.659344 0.254041 0.012882 0.0241769
0 0 1 0.97477 0.691483 0.316064 0.0201713 0.092822
0 0 0 1.02321 0.607483 0.318512 0.0216025 0.114016
0 0 0 1.08425 0.503593 0.295573 0.014922 0.0375779
0 0 1 0.910393 0.731606 0.261149 0.0239742 0.155842
0 0 0 1.01168 0.69837 0.329644 0.0197617 0.0872821
0 0 0 1.04788 0.690936 0.272335 0.0147538 0.0363219
0 0 1 1.06496 0.660474 0.333265 0.0285773 0.263947
0 0 1 1.10848 0.724269 0.312494 0.0128049 0.0237457
0 0 1 0.806079 0.630707 0.336411 0.0160123 0.0464314
0 0 0 1.03424 0.727394 0.301504 0.0265334 0.211266
0 0 1 1.10276 0.743837 0.282639 0.0233471 0.14393
0 0 1 0.839776 0.560724 0.384312 0.0250199 0.177138
0 0 0 0.953507 0.563386 0.37864 0.0253249 0.183694
0 0 0 0.792626 0.733154 0.367311 0.0135837 0.0283472
0 0 1 0.791739 0.659707 0.292054 0.0278861 0.245253
0 0 0 0.821404 0.551047 0.315465 0.0253439 0.184108
0 0 1 1.12213 0.518643 0.324448 0.0234674 0.146166
0 0 1 0.89176 0.693277 0.278703 0.0221355 0.122664
0 0 0 0.956841 0.570894 0.310652 0.0235949 0.148561
0 0 0 0.794132 0.602852 0.301917 0.0299073 0.302542
0 0 1 0.776173 0.65577 0.356013 0.0143366 0.0333263
0 0 1 0.813684 0.742643 0.348468 0.0162251 0.0483075
0 0 0 1.11981 0.588035 0.323617 0.0188983 0.0763347
0 0 1 0.826789 0.739011 0.303888 0.0268982 0.220101
0 0 0 0.990331 0.726922 0.312419 0.0187134 0.0741161
0 0 1 0.871754 0.53228 0.391021 0.0183138 0.0694681
0 0 0 0.96363 0.748633 0.319847 0.0158162 0.0447464
0 0 0 0.934716 0.551771 0.281178 0.0179296 0.0651876
0 0 0 0.909197 0.589686 0.307645 0.0277106 0.240653
0 0 1 0.907013 0.688095 0.330174 0.0271276 0.225781
0 0 1 0.905768 0.725047 0.303076 0.0187189 0.0741808
0 0 0 0.752098 0.561384 0.249771 0.0228939 0.13571
0 0 1 1.02476 0.680085 0.296421 0.0203587 0.0954343
0 0 0 1.0646 0.541142 0.396891 0.0218604 0.118147
0 0 0 0.751074 0.738993 0.244125 0.0293489 0.285909
0 0 0 0.860753 0.554025 0.296472 0.0151361 0.0392187
0 0 0 0.843493 0.520961 0.281733 0.0249851 0.176399
0 0 0 0.773518 0.604961 0.249814 0.0256792 0.191513
0 0 1 1.05238 0.546758 0.314431 0.0155868 0.0428276
0 0 0 0.942676 0.717555 0.316263 0.0211784 0.107432
0 0 1 0.826243 0.695256 0.252035 0.0126307 0.0227892
0 0 0 1.05553 0.698757 0.319184 0.0132933 0.0265672
0 0 1 1.07362 0.732831 0.301802 0.0132253 0.0261617
0 0 0 0.880626 0.511191 0.299015 0.0134567 0.0275593
0 0 0 0.868744 0.719954 0.323741 0.0230834 0.139109
0 0 1 0.760912 0.582943 0.382953 0.0263775 0.207564
0 0 1 1.0938 0.671321 0.365782 0.0162241 0.048299
0 0 0 0.907865 0.736033 0.348169 0.0240908 0.158126
0 0 1 0.825181 0.645924 0.381227 0.0281559 0.252442
0 0 1 1.04103 0.514786 0.325654 0.0201543 0.0925884
0 0 0 1.01071 0.652212 0.332925 0.0263076 0.205919
0 0 1 1.05838 0.580866 0.335317 0.0248641 0.173849
0 0 0 0.994982 0.578612 0.333236 0.0214009 0.110853
0 0 0 1.05325 0.619449 0.333622 0.0141036 0.031728
0 0 1 0.869406 0.632875 0.362807 0.02154 0.113029
0 0 1 0.755898 0.666299 0.311586 0.0134601 0.0275803
0 0 1 0.964273 0.517071 0.379181 0.0133644 0.026996
0 0 1 1.11361 0.502682 0.361198 0.0170755 0.0563083
0 0 0 0.915947 0.522582 0.3814 0.0279568 0.247123
0 0 1 1.01513 0.732994 0.337622 0.0147153 0.0360378
0 0 0 0.762812 0.591305 0.331746 0.0147164 0.0360459
0 0 0 0.899274 0.54915 0.307939 0.0140248 0.0311988
0 0 0 0.881643 0.70773 0.357278 0.0148713 0.0371961
0 0 0 1.09839 0.636611 0.35838 0.0195667 0.0847233
0 0 1 0.788151 0.686179 0.379238 0.0257621 0.193373
0 0 0 0.837565 0.706661 0.364302 0.0297767 0.298593
0 0 1 0.990333 0.717826 0.358523 0.0210887 0.106072
0 0 1 0.904368 0.616883 0.346717 0.0201643 0.0927266
0 0 1 1.09993 0.577502 0.359141 0.023151 0.140334
0 0 0 0.761869 0.657374 0.262597 0.01303 0.02502
0 0 0 0.941459 0.693549 0.37195 0.0272597 0.229094
0 0 1 1.03695 0.745514 0.38133 0.0225771 0.130153
0 0 1 1.08145 0.74612 0.369507 0.0168665 0.0542662
0 0 1 0.791706 0.711556 0.33719 0.0234923 0.146633
0 0 0 0.924214 0.551946 0.339488 0.0239062 0.15452
0 0 1 0.9424 0.587152 0.34368 0.0159485 0.0458788
0 0 1 0.8911 0.673336 0.380506 0.0276879 0.240062
0 0 0 0.990915 0.676155 0.370151 0.0221909 0.123588
0 0 1 1.08067 0.53258 0.351927 0.0262668 0.204962
0 0 1 0.786935 0.515041 0.333322 0.0276401 0.238819
0 0 0 0.90808 0.583268 0.355341 0.0147489 0.0362852
0 0 1 0.81107 0.669344 0.338069 0.0229821 0.137284
0 0 0 1.10317 0.521992 0.392793 0.0214037 0.110896
0 0 0 0.958272 0.732046 0.392498 0.0195138 0.0840384
0 0 1 0.980512 0.51177 0.237906 0.0277484 0.24164
0 0 0 0.76473 0.633953 0.274448 0.0133863 0.0271288
0 0 0 0.922057 0.646288 0.361991 0.0173982 0.0595617
0 0 0 0.971704 0.608601 0.392489 0.0168443 0.0540523
0 0 1 0.988276 0.5332 0.379148 0.015554 0.0425581
0 0 1 1.12469 0.655655 0.355679 0.0130204 0.0249646
0 0 1 0.751134 0.697671 0.206592 0.0264814 0.210027
0 0 0 0.909168 0.694724 0.413106 0.0152906 0.0404318
0 0 1 0.807229 0.674263 0.423524 0.02391 0.154594
0 0 0 1.09869 0.531709 0.437993 0.0250509 0.177797
0 0 0 0.924687 0.740439 0.498962 0.0291832 0.281095
0 0 1 1.04388 0.746876 0.481821 0.0253053 0.183268
0 0 0 0.936049 0.712342 0.467872 0.0142375 0.0326403
0 0 1 0.820479 0.713818 0.457415 0.0211605 0.107159
0 0 1 1.04653 0.695663 0.423311 0.0218736 0.118362
0 0 1 1.03536 0.632901 0.435009 0.0161648 0.047771
0 0 1 1.04503 0.615146 0.410191 0.0158474 0.0450121
0 0 0 0.843688 0.681302 0.404242 0.0179303 0.0651946
0 0 0 1.01901 0.660035 0.406215 0.0262864 0.20542
0 0 1 1.00637 0.617615 0.463381 0.0271857 0.227234
0 0 1 1.07347 0.620616 0.45716 0.0258402 0.195138
0 0 0 0.933038 0.668127 0.412146 0.0204669 0.0969636
0 0 1 1.01373 0.742011 0.446816 0.0204215 0.0963196
0 0 1 0.774274 0.699068 0.442191 0.0213649 0.110295
0 0 1 1.02395 0.530561 0.490519 0.0272783 0.229564
0 0 1 1.12103 0.597939 0.449995 0.025531 0.188216
0 0 1 1.03939 0.508609 0.442086 0.0203618 0.0954772
0 0 0 1.05678 0.668479 0.476659 0.0284053 0.25921
0 0 0 1.00168 0.719597 0.405804 0.0275703 0.237015
0 0 0 1.00084 0.57013 0.473362 0.0216514 0.114791
0 0 0 1.03119 0.707594 0.461299 0.0207974 0.101737
0 0 0 1.09311 0.564117 0.477036 0.026 0.19878
0 0 1 1.00099 0.525194 0.447465 0.0218085 0.117308
0 0 0 1.04515 0.58767 0.491715 0.0294135 0.287802
0 0 1 1.05023 0.548242 0.443796 0.0207631 0.101234
0 0 0 0.923766 0.732353 0.431487 0.0290657 0.277711
0 0 0 1.07064 0.504047 0.419449 0.0184946 0.0715463
0 0 0 1.11724 0.514999 0.486555 0.0295539 0.291941
0 0 1 0.762558 0.718857 0.412483 0.0162051 0.0481291
0 0 1 0.877305 0.674205 0.427787 0.0215732 0.113552
0 0 0 0.971516 0.683481 0.406308 0.0194931 0.083771
0 0 1 0.76814 0.745242 0.435628 0.0193337 0.0817326
0 0 1 0.886731 0.715305 0.46833 0.0256874 0.191696
0 0 0 1.02387 0.537083 0.41223 0.0218543 0.11805
0 0 1 0.96948 0.705219 0.446377 0.0261415 0.202043
0 0 1 0.807226 0.727145 0.410625 0.0292652 0.28347
0 0 1 1.04212 0.735739 0.420911 0.0185217 0.0718616
0 0 1 1.06875 0.523591 0.472639 0.0214585 0.111751
0 0 0 1.09992 0.707931 0.482847 0.017701 0.0627253
0 0 0 0.99851 0.671381 0.4798 0.02958 0.292715
0 0 0 0.771504 0.661723 0.429563 0.0144315 0.0339929
0 0 1 1.03408 0.668698 0.441253 0.012826 0.0238632
0 0 0 1.03407 0.57901 0.400917 0.0227717 0.133548
0 0 0 1.02591 0.580693 0.442413 0.0195544 0.0845639
0 0 0 1.06324 0.656684 0.429182 0.0209415 0.103866
0 0 0 0.920012 0.67494 0.457955 0.0276487 0.239044
0 0 0 1.10591 0.677547 0.446886 0.0297581 0.298034
0 0 0 1.0792 0.580421 0.422747 0.0273843 0.23225
0 0 1 0.853099 0.733581 0.445903 0.0186787 0.0737037
0 0 1 1.00565 0.612936 0.413239 0.0231836 0.140927
0 0 1 1.10125 0.630499 0.411548 0.0284714 0.261024
0 0 0 1.08107 0.684675 0.406762 0.0179752 0.0656857
0 0 0 0.845488 0.673774 0.463797 0.0264833 0.210072
0 0 1 1.00852 0.68855 0.437397 0.0172515 0.0580671
0 0 0 1.0825 0.731785 0.44626 0.0293207 0.285085
0 0 1 0.987752 0.735401 0.484221 0.0255986 0.189715
0 0 0 0.984674 0.661174 0.428979 0.0149283 0.0376258
0 0 1 1.11515 0.636489 0.47175 0.0191232 0.0790921
0 0 0 1.11297 0.744878 0.400392 0.0272809 0.22963
0 0 0 0.874033 0.718902 0.407115 0.0277821 0.242521
0 0 1 1.02943 0.790054 0.19823 0.02687 0.21941
0 0 0 0.834193 0.993814 0.0195227 0.0195244 0.0841761
0 0 0 1.051 0.997162 0.0635552 0.0134796 0.0277
0 0 0 1.01077 0.984287 0.160475 0.0251578 0.180082
0 0 0 1.05484 0.942496 0.0808572 0.0295044 0.290478
0 0 1 0.917913 0.756049 0.189916 0.0233788 0.144518
0 0 0 0.892711 0.961956 0.111371 0.0225922 0.130415
0 0 1 0.772419 0.771312 0.116002 0.0285931 0.264386
0 0 0 0.925197 0.980064 0.0685487 0.0271762 0.226997
0 0 1 1.12252 0.964685 0.0250364 0.0250732 0.178272
0 0 1 0.780238 0.976952 0.046717 0.0139035 0.0303967
0 0 0 1.12082 0.929181 0.164229 0.0222517 0.124606
0 0 0 0.940701 0.935424 0.0452125 0.0255391 0.188394
0 0 0 0.812684 0.904244 0.0192343 0.0192438 0.0805983
0 0 0 0.795175 0.912507 0.174287 0.0178379 0.064192
0 0 1 0.781552 0.879376 0.146192 0.027696 0.240273
0 0 0 0.940206 0.970377 0.139489 0.0239997 0.15634
0 0 0 0.780623 0.938519 0.0285586 0.0286153 0.265001
0 0 1 0.844964 0.957298 0.103087 0.0260978 0.201031
0 0 1 0.981867 0.971721 0.129178 0.0189472 0.0769286
0 0 0 0.839578 0.966137 0.157455 0.0291737 0.28082
0 0 1 0.794188 0.80226 0.179605 0.0231257 0.139873
0 0 0 0.946887 0.940168 0.0983494 0.0271672 0.22677
0 0 0 1.10375 0.918634 0.0624653 0.0268091 0.217922
0 0 1 0.965522 0.940753 0.136283 0.015109 0.0390083
0 0 0 0.796513 0.983925 0.127847 0.0260412 0.199727
0 0 1 0.781656 0.842681 0.0396791 0.0148002 0.0366655
0 0 0 0.898957 0.947905 0.0491204 0.0125983 0.0226145
0 0 0 0.796824 0.961014 0.0802673 0.0267833 0.217292
0 0 0 0.771113 0.820334 0.104485 0.0216004 0.113982
0 0 1 1.06239 0.982265 0.027314 0.027326 0.230771
0 0 1 0.864952 0.962172 0.0249201 0.0249373 0.175389
0 0 0 0.912128 0.966689 0.0225046 0.0225407 0.129525
0 0 0 0.866882 0.994085 0.117396 0.019052 0.0782121
0 0 1 0.763672 0.83639 0.141166 0.0191387 0.0792847
0 0 0 0.890552 0.988459 0.0433936 0.0145521 0.0348519
0 0 0 0.958074 0.978083 0.0248234 0.0248633 0.173831
0 0 0 0.778378 0.792741 0.0667491 0.0254738 0.186953
0 0 1 0.778155 0.766735 0.163192 0.0191655 0.0796188
0 0 1 1.01434 0.754624 0.0145931 0.0146148 0.0353045
0 0 1 0.869163 0.929256 0.0530337 0.0185724 0.0724536
0 0 1 0.835428 0.960396 0.0566761 0.0184677 0.0712343
0 0 1 1.09702 0.95983 0.150835 0.0188256 0.0754563
0 0 1 0.989557 0.934937 0.0266391 0.0267022 0.215325
0 0 1 0.760108 0.816097 0.023164 0.0231973 0.141178
0 0 0 0.841771 0.866436 0.14445 0.0127725 0.0235659
0 0 0 1.11023 0.95269 0.0815717 0.0127727 0.0235666
0 0 1 0.966836 0.780552 0.186779 0.0295958 0.293187
0 0 1 0.819267 0.854371 0.174617 0.0257736 0.193633
0 0 0 0.828011 0.767886 0.176381 0.0252091 0.181186
0 0 0 0.779382 0.956112 0.171671 0.028622 0.265186
0 0 0 0.825611 0.809602 0.151453 0.0131529 0.0257348
0 0 1 1.1082 0.758004 0.141014 0.0141483 0.0320306
0 0 1 0.789626 0.98219 0.0173484 0.0173764 0.0593378
0 0 0 0.860407 0.84815 0.185579 0.0156742 0.0435523
0 0 0 0.765815 0.986283 0.0767023 0.0133875 0.0271362
0 0 1 0.87773 0.964982 0.0692268 0.0212615 0.1087
0 0 1 1.02305 0.980877 0.109086 0.0277892 0.242707
0 0 1 0.755806 0.960288 0.0617658 0.0182233 0.0684435
0 0 1 0.810248 0.97472 0.0406626 0.0146341 0.035445
0 0 0 1.08488 0.854437 0.158844 0.0201073 0.0919425
0 0 0 1.00921 0.885733 0.175843 0.0281591 0.252528
0 0 1 1.0443 0.841432 0.182878 0.0288231 0.270816
0 0 1 0.9704 0.867274 0.176616 0.0148223 0.0368298
0 0 0 0.934978 0.82937 0.186763 0.0239384 0.155145
0 0 1 1.06455 0.775072 0.173734 0.0185141 0.0717726
0 0 1 1.0063 0.842039 0.144051 0.0255281 0.188151
0 0 0 0.799543 0.826661 0.146435 0.0184023 0.0704803
0 0 0 0.772887 0.803152 0.146988 0.0158462 0.0450016
0 0 0 0.82693 0.915812 0.0692911 0.0286442 0.265804
0 0 0 1.08242 0.908188 0.155479 0.0219177 0.11908
0 0 1 1.03613 0.799936 0.136502 0.0154692 0.0418657
0 0 0 0.98568 0.930396 0.188522 0.0164676 0.0505059
0 0 1 1.07652 0.766909 0.139347 0.0188034 0.0751908
0 0 1 1.00456 0.933846 0.149779 0.0267858 0.217352
0 0 1 0.95813 0.906352 0.162203 0.0285996 0.264566
0 0 0 0.883029 0.903799 0.165149 0.0182619 0.0688795
0 0 0 0.986096 0.969528 0.0688407 0.0280213 0.248838
0 0 0 0.792423 0.860463 0.016405 0.0164058 0.0499399
0 0 0 1.12406 0.881034 0.14997 0.0280961 0.250836
0 0 0 1.10737 0.828257 0.165842 0.0151124 0.039035
0 0 0 0.966982 0.805517 0.143753 0.0196013 0.085174
0 0 0 0.893727 0.853096 0.162932 0.0249156 0.174931
0 0 0 1.08441 0.993668 0.157932 0.0180009 0.0659683
0 0 1 0.76759 0.846508 0.181128 0.0222734 0.124972
0 0 1 1.06193 0.917115 0.121385 0.0188515 0.0757692
0 0 0 0.977022 0.914308 0.120752 0.0176451 0.0621335
0 0 1 0.913149 0.926096 0.136686 0.0258305 0.194917
0 0 0 0.867766 0.930258 0.139575 0.0198474 0.0884228
0 0 0 1.048 0.875577 0.137021 0.0276836 0.239949
0 0 0 1.00462 0.880463 0.129647 0.0155431 0.0424685
0 0 1 0.972248 0.86953 0.135383 0.0191026 0.0788372
0 0 0 0.908838 0.88514 0.142846 0.0158199 0.0447777
0 0 0 0.837624 0.902647 0.162874 0.027214 0.227946
0 0 1 0.822636 0.875998 0.128018 0.0142009 0.0323895
0 0 0 0.800148 0.848589 0.115008 0.0199257 0.0894732
0 0 1 1.00514 0.796573 0.156702 0.0216815 0.115271
0 0 0 0.89093 0.800169 0.176683 0.0298652 0.301266
0 0 0 0.965392 0.770886 0.0995274 0.0135428 0.0280917
0 0 1 0.887708 0.999753 0.0863498 0.0187608 0.0746801
0 0 1 0.910457 0.924863 0.183117 0.0207112 0.100477
0 0 0 1.05324 0.953148 0.146139 0.0257305 0.192662
0 0 0 0.972735 0.960699 0.161632 0.0165258 0.0510439
0 0 1 0.796582 0.757232 0.0781823 0.016037 0.0466464
0 0 0 1.0204 0.909831 0.107061 0.0247287 0.171024
0 0 0 0.943441 0.892268 0.11487 0.0229513 0.136734
0 0 1 0.878749 0.916797 0.0959327 0.0271382 0.226045
0 0 1 0.80337 0.92899 0.126392 0.0293666 0.286425
0 0 1 1.07429 0.810669 0.148812 0.0260424 0.199754
0 0 0 1.04348 0.830759 0.118207 0.021138 0.106819
0 0 0 0.963744 0.840687 0.157816 0.0184166 0.070645
0 0 1 0.905265 0.813191 0.114444 0.0136045 0.0284773
0 0 0 0.920291 0.911057 0.091355 0.0128786 0.0241579
0 0 1 0.871511 0.882159 0.131711 0.0232 0.141227
0 0 1 0.803675 0.886237 0.100859 0.0204688 0.096991
0 0 1 1.11655 0.785572 0.172546 0.0285627 0.263542
0 0 1 0.971218 0.835126 0.126422 0.0143392 0.0333447
0 0 1 0.983286 0.763607 0.132513 0.024685 0.170119
0 0 1 0.924617 0.824394 0.142226 0.0220659 0.121512
0 0 0 0.935367 0.86511 0.153937 0.0192271 0.0803886
0 0 1 0.854205 0.82986 0.153302 0.0219395 0.119435
0 0 0 0.850932 0.788274 0.141145 0.0215214 0.112736
0 0 0 0.809493 0.774789 0.140292 0.0158655 0.0451664
0 0 1 0.92998 0.772644 0.140648 0.0299941 0.305182
0 0 0 1.03179 0.945099 0.188856 0.0221638 0.123136
0 0 1 0.766759 0.900121 0.106644 0.0193841 0.0823738
0 0 0 1.09647 0.86521 0.0541978 0.0190166 0.0777768
0 0 0 1.10592 0.93101 0.11547 0.0276667 0.239509
0 0 0 0.905194 0.855835 0.122835 0.0156621 0.0434515
0 0 0 1.12359 0.970382 0.101591 0.0153614 0.0409966
0 0 1 1.12125 0.83011 0.123699 0.0292968 0.284389
0 0 1 1.09961 0.788409 0.120794 0.0178027 0.0638129
0 0 0 0.983384 0.883248 0.100572 0.0199404 0.0896718
0 0 0 0.904955 0.885535 0.110933 0.0163348 0.0492939
0 0 0 0.86979 0.886564 0.0562472 0.0222043 0.123813
0 0 0 0.838901 0.899864 0.112238 0.0187104 0.0740804
0 0 0 0.84437 0.84846 0.11211 0.0243193 0.162669
0 0 0 1.03515 0.762384 0.146626 0.0234516 0.145872
0 0 1 0.943539 0.85184 0.120302 0.0178434 0.064252
0 0 0 0.858999 0.814747 0.118547 0.0129899 0.0247894
0 0 0 0.861998 0.771986 0.105093 0.019562 0.0846625
0 0 0 0.854588 0.802495 0.0958654 0.0131637 0.0257979
0 0 1 0.935274 0.752272 0.0925287 0.0225499 0.129684
0 0 0 0.905851 0.783464 0.0974767 0.0206349 0.0993716
0 0 0 0.922425 0.863161 0.0980942 0.0148259 0.0368567
0 0 0 0.888112 0.792428 0.13003 0.0175162 0.0607817
0 0 1 0.908183 0.940939 0.0752987 0.0160193 0.0464921
0 0 1 0.91939 0.991292 0.110947 0.0170728 0.0562818
0 0 0 0.816298 0.966003 0.0140036 0.0140106 0.0311046
0 0 1 1.0104 0.985949 0.024851 0.024859 0.173742
0 0 0 0.954093 0.991878 0.180691 0.0245078 0.16648
0 0 0 0.896067 0.971124 0.167028 0.0280392 0.249316
0 0 0 1.01752 0.943141 0.0574253 0.0145707 0.0349859
0 0 0 0.908701 0.908414 0.0613889 0.0193595 0.0820608
0 0 0 1.08153 0.821048 0.108301 0.014261 0.032802
0 0 0 1.07537 0.84486 0.126655 0.0147518 0.0363068
0 0 1 1.09301 0.876899 0.101385 0.0297375 0.297417
0 0 1 0.985769 0.917957 0.0740385 0.0238151 0.152761
0 0 0 0.88159 0.833891 0.126271 0.0167498 0.053147
0 0 0 0.880251 0.816003 0.0988777 0.0159947 0.0462784
0 0 1 0.910463 0.836714 0.100381 0.0142973 0.0330532
0 0 0 0.817001 0.80486 0.110389 0.0272022 0.227648
0 0 1 1.02477 0.763268 0.101564 0.019294 0.0812309
0 0 1 1.02198 0.862606 0.0939115 0.0243323 0.16293
0 0 0 1.00404 0.804001 0.108075 0.0268892 0.21988
0 0 1 0.94849 0.810225 0.0987495 0.0292833 0.283996
0 0 1 0.983465 0.785528 0.0652835 0.0240654 0.157627
0 0 1 1.01654 0.757549 0.0470779 0.0180923 0.0669788
0 0 1 0.915179 0.760164 0.0482542 0.013122 0.0255539
0 0 1 0.938364 0.78672 0.0536619 0.0225432 0.129569
0 0 1 0.903723 0.780392 0.0612086 0.0134904 0.0277668
0 0 0 0.764964 0.861251 0.101332 0.0198989 0.0891133
0 0 1 1.04302 0.931668 0.0268397 0.0268718 0.219454
0 0 0 0.768682 0.955009 0.130258 0.0141716 0.0321893
0 0 1 1.0578 0.890314 0.0585826 0.0273202 0.230624
0 0 0 1.01472 0.916571 0.0510789 0.0128902 0.0242229
0 0 0 0.946094 0.897617 0.0715011 0.020859 0.102644
0 0 1 0.931507 0.915135 0.0130403 0.0130405 0.0250805
0 0 0 0.867068 0.9345 0.190834 0.0244075 0.164446
0 0 1 1.06249 0.83511 0.0714291 0.0295556 0.291991
0 0 0 1.01679 0.894161 0.0701769 0.0155085 0.0421851
0 0 0 0.988154 0.873121 0.0609829 0.0212068 0.107864
0 0 0 0.961867 0.822084 0.0143547 0.0143555 0.0334589
0 0 1 0.955116 0.858057 0.0833088 0.021421 0.111167
0 0 1 0.886442 0.860959 0.0881446 0.0219605 0.119778
0 0 0 0.800381 0.835 0.0741793 0.022761 0.133361
0 0 0 0.916557 0.88647 0.0839339 0.0130747 0.0252782
0 0 1 1.10378 0.790865 0.0738064 0.0294386 0.28854
0 0 0 1.06015 0.788802 0.105485 0.0245328 0.166991
0 0 0 1.0018 0.830044 0.064281 0.0241152 0.158607
0 0 1 0.955863 0.828404 0.050551 0.0227845 0.133775
0 0 1 0.986146 0.843187 0.100181 0.0169151 0.054736
0 0 0 0.875414 0.791391 0.0772497 0.0167733 0.0533714
0 0 1 1.03223 0.974878 0.0578322 0.0162131 0.0482
0 0 1 0.7665 0.921838 0.0728464 0.020824 0.102127
0 0 0 0.767685 0.936887 0.103794 0.0136163 0.0285517
0 0 0 1.10011 0.826471 0.0312832 0.0261461 0.20215
0 0 0 1.01344 0.889119 0.0249975 0.0249987 0.176688
0 0 0 0.897679 0.923353 0.0231461 0.0231667 0.140619
0 0 0 0.855372 0.908774 0.0214861 0.0214961 0.112339
0 0 1 0.828683 0.867329 0.0749435 0.0202259 0.093579
0 0 0 0.780623 0.877686 0.0614896 0.0259667 0.198018
0 0 0 0.828209 0.938239 0.0272842 0.0190022 0.0775998
0 0 1 1.06688 0.796024 0.0420043 0.0195701 0.0847682
0 0 0 1.0315 0.829993 0.0250847 0.0250724 0.178255
0 0 0 0.986943 0.84876 0.0232982 0.0233341 0.14369
0 0 1 0.944616 0.849064 0.0165608 0.0165615 0.0513746
0 0 0 0.918543 0.863502 0.0498947 0.0280408 0.249359
0 0 0 0.855956 0.829355 0.065322 0.0275343 0.236089
0 0 1 1.06431 0.767874 0.0706157 0.0163509 0.0494399
0 0 1 1.03113 0.791898 0.0666495 0.0240664 0.157647
0 0 1 0.99375 0.8063 0.01981 0.0198116 0.0879453
0 0 0 0.980087 0.766395 0.0224547 0.0224547 0.128049
0 0 1 0.905601 0.816882 0.068288 0.0237441 0.151397
0 0 0 0.838835 0.783108 0.0136977 0.013698 0.0290685
0 0 0 1.08315 0.981499 0.11192 0.0278513 0.244338
0 0 0 1.09221 0.962827 0.0572164 0.0191761 0.0797502
0 0 0 1.09256 0.893081 0.0221879 0.0221967 0.123686
0 0 0 1.0531 0.891703 0.0157692 0.0158102 0.0446954
0 0 1 1.06729 0.858339 0.0207911 0.0207942 0.10169
0 0 0 0.959884 0.890628 0.0265993 0.0266435 0.213907
0 0 0 0.919628 0.889421 0.0151593 0.0151598 0.0394035
0 0 1 0.886404 0.883114 0.0188541 0.0188591 0.0758607
0 0 1 0.993237 0.943657 0.106951 0.0186163 0.0729681
0 0 0 0.942292 0.949301 0.177797 0.0197818 0.0875485
0 0 0 0.818194 0.971835 0.199187 0.0155324 0.0423807
0 0 1 1.05372 0.984397 0.183697 0.0231402 0.140137
0 0 1 1.08915 0.934977 0.0199018 0.0199054 0.0891999
0 0 0 0.776399 0.891997 0.0190328 0.0190643 0.0783642
0 0 0 0.792327 0.756747 0.0287172 0.0287281 0.268146
0 0 1 0.835089 0.779389 0.0665401 0.0266519 0.21411
0 0 0 0.851539 0.820549 0.0141812 0.0141971 0.0323631
0 0 0 0.87728 0.791103 0.0307145 0.028275 0.255659
0 0 0 0.92002 0.776977 0.0183868 0.0184041 0.0705011
0 0 0 0.951495 0.792765 0.0168439 0.0168445 0.0540535
0 0 0 1.03048 0.784977 0.0202223 0.0202237 0.0935473
0 0 1 1.06577 0.814658 0.0140403 0.0140803 0.0315709
0 0 0 1.11852 0.761465 0.0274198 0.0274227 0.233229
0 0 0 0.811773 0.812902 0.028887 0.0289071 0.273192
0 0 0 0.88087 0.841761 0.0230611 0.0230922 0.139267
0 0 1 0.920577 0.818196 0.02309 0.0231043 0.139486
0 0 1 1.03179 0.86248 0.0451006 0.0130876 0.025353
0 0 1 1.08881 0.789428 0.0143874 0.0143877 0.0336842
0 0 1 0.835583 0.864196 0.0276609 0.0276717 0.23964
0 0 0 0.757537 0.919451 0.180217 0.0149093 0.0374818
0 0 0 0.82362 0.756197 0.107761 0.0220234 0.12081
0 0 1 0.923283 0.87957 0.199712 0.02921 0.28187
0 0 1 1.10294 0.753103 0.107573 0.0200622 0.091325
0 0 0 0.958728 0.751686 0.0590725 0.0183442 0.0698149
0 0 1 0.753853 0.998114 0.154036 0.0236048 0.148749
0 0 0 0.752405 0.922086 0.141499 0.0242447 0.161178
0 0 0 1.0811 0.942679 0.190468 0.027231 0.228371
0 0 0 0.769511 0.888068 0.192375 0.0208272 0.102174
0 0 0 1.10681 0.899208 0.192475 0.0212516 0.108549
0 0 1 0.819886 0.93605 0.192605 0.0209006 0.103259
0 0 1 1.11213 0.988365 0.191624 0.0259591 0.197843
0 0 0 0.840634 0.812933 0.195497 0.0253478 0.184193
0 0 1 0.989467 0.832912 0.195864 0.0281694 0.252804
0 0 1 1.07733 0.805725 0.196833 0.0217923 0.117048
0 0 0 0.877871 0.759608 0.197358 0.0175055 0.0606706
0 0 1 0.988448 0.966812 0.196982 0.0210328 0.105232
0 0 0 0.751766 0.859919 0.0214462 0.0214565 0.111719
0 0 1 0.785957 0.828271 0.366675 0.0126749 0.0230298
0 0 1 1.04072 0.959943 0.375495 0.0284053 0.259209
0 0 0 0.985474 0.761606 0.372804 0.0252269 0.18157
0 0 0 0.751823 0.823502 0.369436 0.0219029 0.118838
0 0 0 1.00034 0.93106 0.33619 0.0248676 0.173922
0 0 0 0.95843 0.852165 0.3973 0.015117 0.0390707
0 0 1 0.932139 0.999134 0.245631 0.014284 0.0329613
0 0 1 0.879664 0.94408 0.382148 0.0173882 0.0594584
0 0 1 0.811936 0.765611 0.378111 0.0213217 0.109627
0 0 0 1.11114 0.755636 0.214298 0.0231108 0.139604
0 0 1 0.775516 0.860857 0.233489 0.0288587 0.27182
0 0 0 0.756767 0.810435 0.327529 0.0222803 0.125088
0 0 0 0.753865 0.774048 0.278479 0.0198219 0.0880825
0 0 0 0.803833 0.918082 0.382686 0.0130178 0.0249497
0 0 0 0.753102 0.904032 0.252131 0.022103 0.122126
0 0 0 0.773253 0.849946 0.363478 0.0126518 0.0229041
0 0 0 0.898606 0.7673 0.393911 0.0280853 0.250548
0 0 1 0.953784 0.752267 0.240107 0.0285075 0.262018
0 0 1 0.900165 0.916026 0.386019 0.0175759 0.0614049
0 0 0 0.93487 0.769773 0.337453 0.0204402 0.0965846
0 0 1 1.00344 0.751615 0.220804 0.024784 0.172174
0 0 1 0.836767 0.938527 0.376586 0.0262263 0.204016
0 0 1 0.771653 0.930183 0.375241 0.0221666 0.123183
0 0 1 0.84692 0.758588 0.263324 0.0176697 0.0623934
0 0 0 0.920627 0.979978 0.389076 0.0296551 0.294951
0 0 0 0.77735 0.883286 0.380232 0.0248534 0.173624
0 0 0 1.05389 0.752229 0.254464 0.0129971 0.024831
0 0 0 0.905464 0.754069 0.225867 0.0147179 0.0360567
0 0 0 0.847755 0.998166 0.23887 0.0152362 0.0400017
0 0 1 1.10328 0.827196 0.377001 0.0219264 0.119221
0 0 0 0.794965 0.958322 0.383885 0.0153858 0.0411923
0 0 1 0.954112 0.948081 0.38682 0.0143235 0.0332352
0 0 0 0.864742 0.810906 0.396379 0.0249909 0.176522
0 0 1 0.952839 0.9239 0.215012 0.0262311 0.204127
0 0 1 1.11021 0.968512 0.366814 0.0273946 0.232513
0 0 0 0.814909 0.808831 0.371411 0.0225199 0.129167
0 0 0 1.07345 0.786057 0.366942 0.0239458 0.15529
0 0 1 0.866999 0.90796 0.380729 0.0169667 0.0552387
0 0 0 1.02968 0.7828 0.361476 0.02029 0.0944705
0 0 1 0.755635 0.992207 0.285745 0.0292754 0.283767
0 0 1 0.959165 0.966111 0.350307 0.0267112 0.215541
0 0 0 1.0712 0.995279 0.362108 0.0201484 0.092507
0 0 1 0.781201 0.800634 0.395192 0.0186512 0.0733786
0 0 1 0.811345 0.854609 0.357757 0.0249788 0.176266
0 0 1 0.864457 0.982698 0.366994 0.0267884 0.217418
0 0 1 1.09664 0.994041 0.274666 0.0182381 0.0686102
0 0 0 0.916419 0.994417 0.334634 0.026834 0.218529
0 0 1 1.11563 0.906805 0.348201 0.0281678 0.252762
0 0 1 0.760533 0.967591 0.365766 0.017993 0.0658815
0 0 0 1.11651 0.947385 0.325592 0.0182974 0.069282
0 0 1 0.954867 0.894591 0.3395 0.022888 0.135605
0 0 1 1.07271 0.895812 0.334571 0.0181978 0.0681573
0 0 1 0.808422 0.905803 0.34355 0.0282342 0.254554
0 0 0 0.970871 0.921716 0.370173 0.021076 0.10588
0 0 1 1.01322 0.8245 0.341574 0.0287617 0.26909
0 0 0 0.800333 0.944566 0.358407 0.0140664 0.0314775
0 0 0 1.06215 0.816687 0.346744 0.0136853 0.0289875
0 0 1 0.90946 0.826939 0.358202 0.0214002 0.110842
0 0 0 1.03797 0.989959 0.328585 0.0273622 0.231689
0 0 1 0.865662 0.929255 0.340043 0.0212815 0.109008
0 0 1 0.900423 0.787214 0.350006 0.0201609 0.0926793
0 0 1 0.934832 0.887356 0.38508 0.0274248 0.233282
0 0 0 0.92968 0.932045 0.366608 0.0212132 0.107962
0 0 1 0.855636 0.883912 0.349389 0.0241417 0.159131
0 0 0 1.0837 0.94053 0.341412 0.0187736 0.0748339
0 0 0 1.0435 0.910817 0.359831 0.0232405 0.141967
0 0 1 0.92716 0.939539 0.319828 0.0248639 0.173844
0 0 0 0.992091 0.957313 0.232675 0.0160844 0.047062
0 0 1 0.830267 0.834699 0.297192 0.0154135 0.0414148
0 0 0 1.08976 0.919479 0.307454 0.0216399 0.114609
0 0 0 0.963374 0.989423 0.383934 0.0144258 0.0339527
0 0 0 0.899824 0.919002 0.282894 0.0254733 0.186943
0 0 1 0.767636 0.821615 0.208169 0.0144807 0.0343415
0 0 0 0.880518 0.963043 0.306937 0.0283058 0.256494
0 0 1 0.966668 0.797636 0.338941 0.0184817 0.0713969
0 0 0 0.777907 0.790097 0.358076 0.0200738 0.0914829
0 0 1 1.01036 0.920408 0.392488 0.0242617 0.161517
0 0 1 0.775653 0.927084 0.217155 0.0254735 0.186948
0 0 1 0.799257 0.965267 0.273366 0.0171586 0.0571347
0 0 0 0.76217 0.81726 0.264576 0.0263388 0.206653
0 0 0 1.09337 0.941653 0.27103 0.0211634 0.107203
0 0 1 0.848946 0.842421 0.323485 0.0177515 0.0632637
0 0 0 0.892174 0.955361 0.259661 0.0182982 0.0692906
0 0 1 0.779183 0.881791 0.279299 0.0216442 0.114677
0 0 1 1.0123 0.802692 0.387724 0.0169481 0.0550576
0 0 1 0.776459 0.990892 0.328536 0.0183357 0.0697178
0 0 0 1.05361 0.922263 0.280646 0.0182733 0.0690085
0 0 1 0.832825 0.976058 0.225334 0.0146853 0.0358177
0 0 0 1.10919 0.967903 0.285296 0.0126412 0.0228463
0 0 1 1.11124 0.854275 0.345642 0.0202681 0.0941648
0 0 1 0.870085 0.894606 0.259346 0.0196289 0.0855346
0 0 0 0.902974 0.900687 0.343821 0.0258677 0.19576
0 0 0 1.09905 0.81127 0.331253 0.0267005 0.215283
0 0 1 0.87637 0.815097 0.311126 0.0228856 0.135562
0 0 0 0.818436 0.830799 0.322329 0.0126437 0.0228597
0 0 0 1.00224 0.771509 0.322663 0.0285664 0.263644
0 0 0 0.838029 0.810488 0.315613 0.0159962 0.0462918
0 0 0 0.81432 0.781022 0.332406 0.0253937 0.185195
0 0 0 1.12193 0.816149 0.257685 0.0172235 0.057785
0 0 0 0.794426 0.820163 0.338256 0.0180715 0.0667476
0 0 1 0.823544 0.809246 0.277842 0.0170178 0.0557392
0 0 0 0.983696 0.803621 0.369539 0.0169613 0.0551864
0 0 1 1.01511 0.949475 0.254087 0.0152138 0.039826
0 0 1 0.962852 0.947743 0.257271 0.0233158 0.143351
0 0 0 1.09581 0.827808 0.281917 0.0168767 0.054364
0 0 1 0.936293 0.935676 0.281573 0.0146562 0.0356056
0 0 1 0.989715 0.840681 0.307029 0.0160516 0.0467744
0 0 0 0.855129 0.902192 0.302526 0.0261659 0.202609
0 0 0 0.837542 0.922367 0.27098 0.0152109 0.0398033
0 0 0 0.970044 0.822402 0.394284 0.0169778 0.0553469
0 0 1 1.0608 0.851459 0.320688 0.0297873 0.298914
0 0 0 0.983787 0.809499 0.309201 0.0157648 0.044312
0 0 1 0.856921 0.812133 0.277021 0.0165007 0.050811
0 0 1 0.888505 0.855746 0.32967 0.023431 0.145488
0 0 0 0.819021 0.869468 0.30902 0.0230036 0.13767
0 0 1 0.805573 0.909212 0.29444 0.0193148 0.0814939
0 0 0 1.00947 0.905888 0.267166 0.0136044 0.0284768
0 0 1 1.11066 0.855634 0.2561 0.023882 0.154051
0 0 1 1.09733 0.758285 0.329867 0.0263481 0.206872
0 0 1 1.06323 0.760669 0.287193 0.0198679 0.0886963
0 0 1 1.05356 0.787871 0.321929 0.0253013 0.183182
0 0 0 0.987557 0.794154 0.282713 0.0150789 0.0387759
0 0 1 0.933493 0.756567 0.295021 0.0240279 0.156891
0 0 0 0.843689 0.781991 0.293692 0.0203998 0.0960134
0 0 0 0.799985 0.843801 0.277752 0.0217069 0.115677
0 0 1 0.961686 0.784996 0.305716 0.0174169 0.0597539
0 0 0 0.91064 0.863198 0.360093 0.0149304 0.0376417
0 0 1 0.962035 0.929749 0.332798 0.0136146 0.0285406
0 0 1 0.765041 0.950704 0.259532 0.020711 0.100475
0 0 1 1.10839 0.875486 0.304808 0.0258399 0.19513
0 0 1 1.07274 0.799777 0.288796 0.0147947 0.0366245
0 0 0 1.05958 0.89696 0.303002 0.0160178 0.0464791
0 0 0 0.988854 0.875139 0.317016 0.019839 0.0883106
0 0 0 0.901302 0.873911 0.291758 0.0205187 0.0977022
0 0 0 0.823991 0.883777 0.260309 0.0270667 0.224263
0 0 1 0.802641 0.928811 0.25721 0.0228611 0.135127
0 0 0 0.871818 0.930792 0.258948 0.0131923 0.0259664
0 0 0 0.845398 0.96276 0.203868 0.0135334 0.028033
0 0 1 1.07924 0.857057 0.279745 0.0154663 0.0418421
0 0 0 1.06085 0.828799 0.278292 0.0182826 0.0691139
0 0 0 1.0538 0.788667 0.268562 0.0150663 0.0386787
0 0 1 1.01788 0.858277 0.316197 0.0137427 0.0293541
0 0 0 0.925253 0.80988 0.315177 0.0264476 0.209224
0 0 1 0.863215 0.857208 0.290524 0.0210902 0.106095
0 0 0 1.10993 0.790112 0.28685 0.0236774 0.150125
0 0 0 1.02209 0.809886 0.292882 0.0228532 0.134987
0 0 1 0.887666 0.77817 0.256416 0.0280712 0.250169
0 0 0 0.838373 0.839803 0.263797 0.0193405 0.0818192
0 0 1 0.792364 0.807792 0.300605 0.0216209 0.114307
0 0 0 1.01626 0.766344 0.268957 0.027186 0.227242
0 0 1 0.83993 0.789736 0.259059 0.0145367 0.0347417
0 0 1 0.854175 0.842311 0.364221 0.0200533 0.0912032
0 0 1 0.929966 0.978498 0.283231 0.0286674 0.266452
0 0 0 0.818715 0.948673 0.227342 0.0160783 0.0470082
0 0 0 1.0849 0.897327 0.266404 0.0242023 0.160332
0 0 1 1.02013 0.901894 0.302725 0.0237351 0.151225
0 0 0 0.928634 0.898176 0.308156 0.0181445 0.0675601
0 0 1 0.90245 0.830458 0.270222 0.0280016 0.248314
0 0 0 0.847099 0.920759 0.232868 0.0241155 0.158615
0 0 1 1.08505 0.819162 0.243245 0.0224997 0.128819
0 0 0 1.06293 0.796151 0.227255 0.0132049 0.0260407
0 0 1 0.948585 0.856733 0.294437 0.0298635 0.301212
0 0 0 0.85786 0.813792 0.23906 0.0215216 0.11274
0 0 0 1.08441 0.773527 0.251066 0.0233065 0.14318
0 0 1 0.986102 0.796333 0.235604 0.0252256 0.181543
0 0 0 0.986702 0.829718 0.269983 0.0227053 0.132384
0 0 0 0.801796 0.769667 0.2637 0.028805 0.270305
0 0 1 1.0612 0.832478 0.220282 0.0131883 0.0259429
0 0 1 0.963221 0.955276 0.292804 0.0130084 0.0248958
0 0 0 1.08781 0.978661 0.318321 0.0247812 0.172115
0 0 1 1.11807 0.918914 0.248675 0.0191743 0.0797285
0 0 0 1.0944 0.918419 0.222647 0.0152129 0.0398191
0 0 1 0.985211 0.876839 0.258571 0.025212 0.181249
0 0 0 0.906085 0.875222 0.247911 0.0221512 0.122927
0 0 0 0.869352 0.857326 0.250171 0.0187714 0.0748075
0 0 0 0.813085 0.892598 0.20907 0.0260653 0.20028
0 0 0 0.815091 0.979171 0.357709 0.0235659 0.148015
0 0 0 1.10269 0.887017 0.229551 0.0179995 0.0659525
0 0 1 1.06534 0.860145 0.243057 0.0228847 0.135546
0 0 0 0.89276 0.83759 0.217809 0.0257814 0.193809
0 0 1 0.807871 0.81769 0.239334 0.0254133 0.185625
0 0 0 0.796411 0.833693 0.202864 0.0160421 0.0466917
0 0 0 0.782974 0.990718 0.384429 0.0191661 0.0796253
0 0 1 1.03322 0.816399 0.244863 0.0268258 0.218328
0 0 0 0.976796 0.775061 0.265613 0.012721 0.0232818
0 0 0 0.811518 0.791186 0.210457 0.0139558 0.0307407
0 0 1 0.847585 0.772351 0.222924 0.0241362 0.159022
0 0 0 0.793154 0.976355 0.302802 0.014884 0.0372919
0 0 0 1.05847 0.893246 0.202934 0.0285661 0.263636
0 0 1 1.04095 0.893428 0.257476 0.0208252 0.102146
0 0 0 0.868263 0.885395 0.203127 0.0262409 0.204356
0 0 0 0.972688 0.992384 0.306476 0.0219196 0.119111
0 0 1 0.885335 0.765681 0.310429 0.0273586 0.231598
0 0 1 1.09546 0.850339 0.204539 0.0269854 0.22225
0 0 1 1.02612 0.85537 0.278379 0.0250702 0.178208
0 0 0 0.837616 0.852463 0.223314 0.0230876 0.139184
0 0 0 0.944031 0.796983 0.268594 0.0254077 0.185501
0 0 1 1.08167 0.930185 0.381376 0.0225588 0.129838
0 0 0 1.05803 0.876383 0.282138 0.0133319 0.0267996
0 0 0 1.04697 0.77646 0.240936 0.0156065 0.0429905
0 0 1 1.05998 0.93444 0.238576 0.0259605 0.197876
0 0 1 1.0284 0.985335 0.230238 0.0298618 0.301162
0 0 0 1.07927 0.977793 0.224716 0.02186 0.118142
0 0 0 0.855158 0.801268 0.349905 0.0234341 0.145544
0 0 1 0.937987 0.904685 0.25691 0.0221982 0.12371
0 0 0 0.771824 0.783033 0.218484 0.0256759 0.191439
0 0 1 1.02096 0.862768 0.226065 0.0247096 0.170629
0 0 1 0.973825 0.879661 0.212004 0.0228292 0.134563
0 0 1 0.809445 0.760552 0.21345 0.0168993 0.0545827
0 0 0 0.82915 0.888037 0.397892 0.0291171 0.279187
0 0 0 0.948046 0.841695 0.237054 0.0294715 0.289507
0 0 0 1.10844 0.795524 0.214719 0.01552 0.0422797
0 0 1 0.767044 0.757729 0.388724 0.0254787 0.187062
0 0 1 1.07677 0.873118 0.376646 0.0297847 0.298835
0 0 1 0.924865 0.7941 0.220597 0.0259768 0.198249
0 0 0 0.927711 0.842704 0.389355 0.0179963 0.065918
0 0 0 0.768807 0.921173 0.287004 0.0198143 0.087981
0 0 0 0.842746 0.99944 0.321668 0.0261863 0.203082
0 0 1 0.924452 0.946097 0.253431 0.0153107 0.0405921
0 0 1 0.972556 0.912678 0.2484 0.0141381 0.0319616
0 0 1 0.847307 0.962791 0.262395 0.0272627 0.22917
0 0 1 0.775029 0.777324 0.316864 0.0170264 0.0558239
0 0 1 1.06992 0.767234 0.210901 0.019862 0.0886174
0 0 1 1.0043 0.877008 0.362903 0.0286188 0.265098
0 0 1 1.04238 0.787135 0.39531 0.0161113 0.0472983
0 0 1 1.00209 0.956642 0.292394 0.0258829 0.196106
0 0 1 1.02311 0.928981 0.273096 0.013861 0.0301186
0 0 1 0.923196 0.969376 0.21682 0.0280928 0.250749
0 0 0 0.825288 0.948979 0.311378 0.0281937 0.253461
0 0 1 1.05314 0.96855 0.279813 0.0280289 0.24904
0 0 1 0.996841 0.974495 0.330616 0.0166326 0.0520398
0 0 0 0.941788 0.795137 0.376088 0.0262997 0.205732
0 0 0 0.994768 0.929309 0.264059 0.014162 0.0321239
0 0 0 0.770505 0.859248 0.323365 0.028617 0.265048
0 0 0 1.04631 0.937414 0.320908 0.0239892 0.156134
0 0 0 0.8781 0.965981 0.215615 0.0171474 0.0570227
0 0 0 0.970208 0.913155 0.294575 0.0280865 0.25058
0 0 1 0.898751 0.921034 0.229857 0.0276367 0.238732
0 0 0 1.09747 0.946898 0.230228 0.0144235 0.0339364
0 0 0 0.790296 0.983317 0.231881 0.0289619 0.274747
0 0 0 0.772082 0.945163 0.327774 0.0276119 0.238091
0 0 0 0.967614 0.987889 0.234386 0.0231404 0.140141
0 0 0 0.979289 0.983475 0.270844 0.0154001 0.0413071
0 0 1 1.00944 0.915781 0.225138 0.0295759 0.292595
0 0 0 0.957676 0.843364 0.35198 0.0299155 0.30279
0 0 0 0.898347 0.954273 0.351175 0.0201961 0.0931651
0 0 0 0.77383 0.902826 0.316838 0.0155793 0.0427661
0 0 0 1.12477 0.970165 0.249617 0.0263581 0.207107
0 0 0 0.776395 0.751987 0.344262 0.0203189 0.0948746
0 0 0 1.04885 0.825929 0.382249 0.0253382 0.183984
0 0 0 0.931319 0.757018 0.368669 0.0134682 0.0276302
0 0 1 1.04879 0.921332 0.395469 0.0142956 0.0330415
0 0 0 0.975759 0.751143 0.28694 0.019345 0.0818768
0 0 1 1.00143 0.997056 0.367674 0.0262109 0.203657
0 0 1 0.939902 0.925402 0.399004 0.0134061 0.0272494
0 0 0 0.884877 0.862358 0.398226 0.0299625 0.304218
0 0 0 0.830326 0.839329 0.39611 0.0196548 0.0858731
0 0 1 0.863287 0.754214 0.356765 0.024818 0.172884
0 0 1 0.750943 0.966109 0.209289 0.0195954 0.0850977
0 0 0 0.788139 0.84118 0.39955 0.0227157 0.132565
0 0 0 0.769007 0.963057 0.399719 0.0153886 0.0412149
0 0 0 0.858181 1 0.278913 0.0148813 0.0372714
0 0 0 0.908688 0.813103 0.401899 0.0193643 0.0821216
0 0 0 0.766812 0.843085 0.43648 0.0199774 0.0901718
0 0 0 0.951887 0.981082 0.418999 0.0136323 0.0286526
0 0 1 0.881053 0.754546 0.433698 0.017234 0.0578914
0 0 0 0.757924 0.797831 0.450696 0.0282852 0.255935
0 0 1 0.987011 0.923944 0.422176 0.0136767 0.0289335
0 0 0 1.07642 0.778255 0.467244 0.0220215 0.12078
0 0 1 1.08663 0.938606 0.416504 0.0139043 0.0304015
0 0 1 0.849463 0.826633 0.435552 0.019902 0.0891543
0 0 1 0.753284 0.88702 0.437918 0.0260177 0.199186
0 0 0 1.10325 0.773231 0.434872 0.018409 0.0705572
0 0 1 0.908905 0.862609 0.434089 0.0131984 0.0260024
0 0 1 0.908004 0.858745 0.461319 0.0143199 0.03321
0 0 1 0.865612 0.792967 0.436957 0.0174652 0.0602518
0 0 0 0.824172 0.841505 0.455571 0.0156177 0.0430827
0 0 1 0.808093 0.920195 0.435772 0.0134379 0.0274442
0 0 0 0.790596 0.870682 0.425432 0.016585 0.051594
0 0 0 0.923339 0.923358 0.472669 0.0262157 0.203769
0 0 1 1.00403 0.826039 0.438378 0.0153681 0.0410496
0 0 0 1.07983 0.876067 0.437628 0.0208268 0.10217
0 0 1 1.07188 0.908993 0.416337 0.0191849 0.0798606
0 0 1 0.901799 0.836052 0.483294 0.0178742 0.0645855
0 0 1 1.09705 0.793616 0.403072 0.0198706 0.0887334
0 0 0 0.869849 0.925914 0.405903 0.0140862 0.0316106
0 0 0 1.1106 0.851095 0.451012 0.021004 0.1048
0 0 0 1.03691 0.79852 0.464489 0.0184573 0.0711138
0 0 1 1.0987 0.883292 0.48522 0.0274578 0.234126
0 0 1 0.873932 0.966875 0.422277 0.0291215 0.279315
0 0 0 0.760101 0.81989 0.411885 0.014435 0.0340178
0 0 1 1.01199 0.823213 0.488973 0.0243272 0.162829
0 0 0 1.00664 0.907762 0.442399 0.0188214 0.0754065
0 0 0 0.791593 0.904169 0.465729 0.0243329 0.162942
0 0 1 0.778525 0.942335 0.471797 0.0164626 0.0504603
0 0 1 1.09827 0.810562 0.44799 0.021475 0.112009
0 0 1 1.11584 0.880043 0.427134 0.0168886 0.0544799
0 0 0 0.823762 0.796968 0.45694 0.0247761 0.17201
0 0 0 0.820581 0.864082 0.434435 0.0154108 0.0413927
0 0 1 0.973091 0.843838 0.421647 0.0144988 0.0344708
0 0 1 0.829722 0.895757 0.445864 0.019477 0.0835645
0 0 0 0.897838 0.886554 0.469495 0.0163976 0.0498648
0 0 0 1.08221 0.8314 0.413041 0.0200367 0.0909771
0 0 0 1.05134 0.838744 0.448148 0.027295 0.229985
0 0 0 0.961731 0.770039 0.417632 0.0261785 0.202903
0 0 1 0.794992 0.82525 0.451201 0.0159748 0.0461064
0 0 1 1.06195 0.811649 0.500091 0.0270059 0.222756
0 0 0 0.99302 0.785135 0.458902 0.0277704 0.242214
0 0 1 0.863451 0.818561 0.477149 0.0247206 0.170856
0 0 1 1.04554 0.866073 0.498029 0.0298775 0.301636
0 0 1 0.94777 0.948479 0.416321 0.015857 0.0450938
0 0 1 0.96769 0.946176 0.445356 0.0192841 0.0811053
0 0 0 1.00398 0.864367 0.458458 0.0275277 0.235919
0 0 1 0.866495 0.867125 0.449559 0.0247435 0.17133
0 0 0 0.989857 0.805326 0.416949 0.0176325 0.0620005
0 0 1 1.02841 0.808831 0.420813 0.0192614 0.0808193
0 0 1 0.844413 0.855861 0.420798 0.0132297 0.0261882
0 0 0 1.04994 0.900037 0.458192 0.0226577 0.131552
0 0 1 1.06525 0.798543 0.426959 0.0194776 0.0835713
0 0 1 1.04438 0.768258 0.44171 0.0201522 0.0925592
0 0 1 0.949853 0.877151 0.461653 0.0281855 0.253237
0 0 0 0.895257 0.828135 0.44084 0.0244893 0.166105
0 0 1 0.823299 0.804096 0.412781 0.019959 0.0899221
0 0 0 0.89915 0.787848 0.433617 0.0166273 0.0519901
0 0 0 1.10277 0.913409 0.444841 0.0230824 0.13909
0 0 0 0.99627 0.976524 0.45989 0.0248635 0.173835
0 0 0 0.79407 0.860119 0.460427 0.0201067 0.0919342
0 0 1 0.973911 0.830888 0.45161 0.0178837 0.0646879
0 0 0 0.830561 0.871731 0.48177 0.0237339 0.151202
0 0 1 0.839979 0.929436 0.42491 0.0214937 0.112301
0 0 0 0.959757 0.833008 0.497405 0.0294789 0.289725
0 0 1 0.926291 0.774742 0.434938 0.0135432 0.0280945
0 0 1 1.11929 0.951565 0.426114 0.0225236 0.12923
0 0 1 0.936905 0.859921 0.421002 0.0178265 0.0640698
0 0 1 0.956141 0.960508 0.485651 0.0250155 0.177043
0 0 1 1.10647 0.961444 0.485335 0.0254455 0.186331
0 0 0 1.02678 0.939347 0.465773 0.0235907 0.148483
0 0 0 0.788127 0.904487 0.416452 0.0184797 0.0713734
0 0 0 1.06823 0.762765 0.407383 0.0214161 0.11109
0 0 1 0.768467 0.938638 0.42917 0.0228746 0.135368
0 0 0 1.10443 0.857659 0.407928 0.0147383 0.036207
0 0 1 0.982299 0.917085 0.478999 0.0261134 0.201393
0 0 0 0.898099 0.936558 0.442451 0.0145605 0.0349127
0 0 1 0.813707 0.834956 0.427119 0.0153971 0.0412828
0 0 1 1.03516 0.880677 0.414747 0.0271525 0.226403
0 0 0 0.954171 0.756969 0.461576 0.0202887 0.0944529
0 0 1 1.03635 0.925115 0.426867 0.0189283 0.0766981
0 0 1 0.94418 0.819501 0.425232 0.023462 0.146065
0 0 1 0.905256 0.899874 0.431741 0.0243192 0.162667
0 0 1 0.781821 0.998719 0.43275 0.0266886 0.214995
0 0 1 0.78868 0.757787 0.477292 0.0287845 0.26973
0 0 0 0.921956 0.793801 0.473737 0.0299051 0.302473
0 0 0 1.03241 0.966251 0.426349 0.0224003 0.127119
0 0 1 0.804259 0.936819 0.40842 0.0185378 0.0720486
0 0 0 1.06752 0.944177 0.445993 0.0216778 0.115212
0 0 1 0.807644 0.954384 0.44816 0.0229297 0.136348
0 0 0 0.867423 0.917264 0.463326 0.0272631 0.22918
0 0 0 1.05706 0.985855 0.459594 0.0233942 0.144803
0 0 0 1.06712 0.929649 0.492213 0.0256094 0.189956
0 0 1 0.771175 0.965893 0.454113 0.013899 0.0303669
0 0 0 0.948053 0.914703 0.430371 0.0207265 0.1007
0 0 0 0.82325 0.755448 0.445371 0.0183294 0.0696465
0 0 0 0.792028 0.812388 0.423981 0.0142765 0.0329092
0 0 1 0.931062 0.836743 0.458778 0.0164732 0.050558
0 0 0 0.924433 0.964276 0.444089 0.0237082 0.150712
0 0 0 1.11274 0.985917 0.410864 0.0156321 0.043202
0 0 0 0.85477 0.767659 0.459235 0.0179525 0.0654379
0 0 0 0.892456 0.979153 0.460724 0.0152863 0.0403981
0 0 0 1.09343 0.973539 0.446645 0.0171379 0.0569282
0 0 0 1.05918 0.943568 0.410699 0.0145924 0.0351424
0 0 1 0.849752 0.967995 0.473627 0.027439 0.233645
0 0 1 1.07405 0.978853 0.411098 0.0236999 0.150553
0 0 1 0.98686 0.963852 0.406881 0.0271952 0.227473
0 0 1 0.966533 0.928252 0.404241 0.0138846 0.0302725
0 0 0 1.01126 0.770335 0.413272 0.0235523 0.147758
0 0 0 0.913105 0.937891 0.412403 0.0190541 0.0782381
0 0 0 1.10658 0.903204 0.401138 0.0191417 0.0793218
0 0 0 1.00599 0.840648 0.401835 0.0240362 0.157055
0 0 1 0.927883 0.789294 0.412707 0.0130772 0.0252931
0 0 1 0.847071 0.765136 0.409506 0.0258031 0.194297
0 0 0 0.838258 0.999722 0.442211 0.0186675 0.0735715
0 0 1 0.947953 0.99636 0.460725 0.019413 0.0827432
0 0 0 0.756213 0.912492 0.404329 0.015217 0.0398509
0 0 0 0.822233 0.976999 0.407919 0.0254829 0.187154
0 0 1 0.794692 0.775236 0.42433 0.0222906 0.125262
0 0 0 0.981251 0.883719 0.41299 0.0268705 0.219422
0 0 0 0.754334 0.843914 0.482775 0.0279787 0.247705
0 0 0 1.1644 0.0391594 0.0179484 0.0179689 0.065617
0 0 0 1.27027 0.0647145 0.0241985 0.0242125 0.160535
0 0 1 1.32185 0.0557017 0.0295315 0.0284349 0.26002
0 0 1 1.19963 0.108323 0.0394596 0.0127194 0.0232732
0 0 1 1.18078 0.122572 0.0187166 0.0187186 0.0741776
0 0 0 1.26482 0.127118 0.0198847 0.0199196 0.0893914
0 0 1 1.32371 0.134112 0.0171275 0.0171283 0.0568327
0 0 0 1.34879 0.0963292 0.0210459 0.021047 0.105445
0 0 1 1.39878 0.107169 0.0212637 0.0212913 0.109159
0 0 0 1.1873 0.169678 0.0283597 0.0283744 0.258364
0 0 0 1.36255 0.208607 0.0182174 0.0182179 0.0683828
0 0 1 1.41195 0.162455 0.0259515 0.0259744 0.198193
0 0 1 1.2644 0.232995 0.0284691 0.0284901 0.261537
0 0 0 1.32171 0.232654 0.0287982 0.0288541 0.271692
0 0 1 1.40389 0.21044 0.0227788 0.0227878 0.133833
0 0 0 1.36331 0.24256 0.0158256 0.0158278 0.0448451
0 0 0 1.22896 0.0930814 0.0238265 0.02385 0.153432
0 0 1 1.29302 0.026097 0.0421151 0.0147616 0.0363794
0 0 0 1.28847 0.0323867 0.0142066 0.0142073 0.032433
0 0 0 1.3919 0.0586443 0.0281563 0.0282107 0.253919
0 0 0 1.228 0.138066 0.0441694 0.0255483 0.188599
0 0 1 1.29986 0.102061 0.0232343 0.0232903 0.142882
0 0 1 1.16327 0.207323 0.0175683 0.0175865 0.0615161
0 0 1 1.14106 0.143169 0.0239128 0.0239147 0.154685
0 0 0 1.27851 0.182641 0.0239957 0.0239977 0.1563
0 0 0 1.32894 0.17757 0.0267394 0.0267661 0.216874
0 0 0 1.14327 0.194272 0.0586189 0.0299147 0.302765
0 0 1 1.21809 0.211844 0.021825 0.0218654 0.11823
0 0 0 1.24295 0.196365 0.051342 0.0197543 0.0871845
0 0 0 1.32522 0.206133 0.0869845 0.0278751 0.244964
0 0 0 1.39816 0.218773 0.0630206 0.0187135 0.0741165
0 0 0 1.13869 0.230749 0.143812 0.0299628 0.304228
0 0 0 1.2402 0.23242 0.0735337 0.0226775 0.131898
0 0 0 1.45955 0.0856605 0.100958 0.0208362 0.102307
0 0 1 1.47893 0.00191806 0.188219 0.0145516 0.0348488
0 0 0 1.2224 0.0400318 0.0299655 0.0299722 0.304515
0 0 1 1.18241 0.0777155 0.0251564 0.0251984 0.180956
0 0 0 1.16344 0.104566 0.0595874 0.0224352 0.127715
0 0 0 1.23605 0.174732 0.0194127 0.0194453 0.0831569
0 0 1 1.29612 0.143524 0.0472877 0.0248166 0.172854
0 0 1 1.37331 0.181986 0.048916 0.0230496 0.138499
0 0 1 1.45909 0.153665 0.055139 0.022867 0.135232
0 0 1 1.14352 0.230145 0.0993862 0.014742 0.0362347
0 0 1 1.15196 0.203645 0.0996591 0.0130715 0.0252598
0 0 0 1.19753 0.20883 0.0657255 0.0267135 0.215598
0 0 1 1.35842 0.0212453 0.0222915 0.0223665 0.126545
0 0 0 1.40021 0.021574 0.0670149 0.0261501 0.202242
0 0 1 1.24204 0.0584138 0.0742275 0.0218262 0.117594
0 0 1 1.37708 0.098732 0.0649681 0.0282564 0.255156
0 0 1 1.42495 0.0677185 0.0657507 0.022666 0.131697
0 0 1 1.44106 0.0341972 0.0290688 0.0267281 0.215951
0 0 1 1.47397 0.0784442 0.0151784 0.0152169 0.0398505
0 0 1 1.2646 0.101885 0.0615172 0.0287775 0.269534
0 0 1 1.36539 0.139886 0.0256724 0.0256929 0.191818
0 0 1 1.38118 0.183535 0.0133794 0.013388 0.0271394
0 0 0 1.43326 0.125156 0.0177516 0.0177706 0.0634681
0 0 1 1.42895 0.115724 0.0601014 0.0258441 0.195226
0 0 0 1.43667 0.083725 0.0233098 0.0233325 0.143661
0 0 1 1.47352 0.116533 0.0238586 0.023862 0.153665
0 0 0 1.15607 0.150054 0.06042 0.0161519 0.0476568
0 0 0 1.21277 0.0918241 0.0649584 0.0203735 0.0956423
0 0 1 1.1948 0.130114 0.0762164 0.0213041 0.109355
0 0 0 1.1648 0.220494 0.0846839 0.0128711 0.0241157
0 0 1 1.17781 0.169857 0.0946553 0.0256632 0.191154
0 0 0 1.27754 0.195827 0.0752349 0.0223295 0.125918
0 0 1 1.3598 0.222042 0.0577195 0.0201558 0.0926094
0 0 1 1.40879 0.0642059 0.136002 0.0163215 0.0491737
0 0 1 1.37702 0.00576521 0.114934 0.029284 0.284018
0 0 1 1.47694 0.133287 0.192427 0.0274899 0.234948
0 0 1 1.3597 0.0428812 0.060507 0.0200867 0.0916601
0 0 0 1.14533 0.0445583 0.0812817 0.0244043 0.164381
0 0 1 1.2902 0.0577175 0.0700091 0.0229966 0.137544
0 0 0 1.41309 0.0970665 0.107423 0.027446 0.233824
0 0 0 1.43871 0.0343432 0.0846661 0.0180975 0.0670356
0 0 1 1.47262 0.075403 0.0566897 0.0264614 0.209553
0 0 1 1.15755 0.129733 0.0923805 0.0193375 0.0817816
0 0 0 1.14597 0.0600476 0.0413583 0.0184269 0.0707634
0 0 0 1.29472 0.132305 0.0944331 0.0236769 0.150117
0 0 1 1.32222 0.0957312 0.0675485 0.0267745 0.217077
0 0 0 1.41411 0.139154 0.0928836 0.0171021 0.0565719
0 0 0 1.45234 0.153562 0.0164268 0.0164757 0.0505804
0 0 1 1.17698 0.134754 0.0475262 0.0127921 0.0236742
0 0 0 1.19561 0.138549 0.109929 0.0134579 0.0275666
0 0 1 1.22617 0.170031 0.0823645 0.0243037 0.162357
0 0 0 1.26158 0.147677 0.0732054 0.0185889 0.0726466
0 0 1 1.34257 0.147809 0.0755076 0.0297092 0.296568
0 0 0 1.19276 0.214433 0.11941 0.0274779 0.23464
0 0 1 1.23914 0.208823 0.109432 0.0202981 0.0945847
0 0 0 1.29746 0.20191 0.123773 0.0180504 0.0665142
0 0 1 1.38932 0.243855 0.0319284 0.0147976 0.0366459
0 0 0 1.43331 0.220385 0.0594736 0.0166553 0.0522531
0 0 0 1.27654 0.233065 0.103677 0.0245473 0.167287
0 0 1 1.26319 0.00414616 0.0245433 0.0245663 0.167676
0 0 1 1.15353 0.083184 0.0899902 0.0160361 0.0466392
0 0 0 1.48472 0.0238985 0.0759868 0.0298977 0.302249
0 0 1 1.21979 0.010451 0.0794616 0.0277552 0.241816
0 0 1 1.30427 0.0467412 0.119745 0.0298538 0.30092
0 0 1 1.3228 0.0274752 0.0719796 0.0215207 0.112725
0 0 0 1.36047 0.0618993 0.106652 0.029831 0.300232
0 0 1 1.16781 0.139618 0.134005 0.0213179 0.109569
0 0 0 1.1382 0.0671751 0.114415 0.0163444 0.0493807
0 0 1 1.17787 0.0199968 0.0519142 0.0233083 0.143214
0 0 1 1.18017 0.0270804 0.0900543 0.0155603 0.0426096
0 0 0 1.15217 0.0215308 0.111328 0.0140677 0.0314861
0 0 1 1.18113 0.0673575 0.0689258 0.0198171 0.0880179
0 0 1 1.1833 0.0998224 0.114173 0.0257693 0.193536
0 0 0 1.20605 0.0551685 0.104469 0.0252918 0.182976
0 0 0 1.21379 0.166626 0.131962 0.0262529 0.204636
0 0 1 1.23461 0.12318 0.105611 0.0286769 0.266717
0 0 1 1.37308 0.197573 0.0899293 0.0208412 0.102381
0 0 0 1.45192 0.197428 0.0271359 0.0271604 0.226601
0 0 1 1.29546 0.166688 0.0826557 0.0126754 0.0230326
0 0 1 1.31792 0.245742 0.118837 0.0213208 0.109613
0 0 1 1.41253 0.243566 0.0481995 0.0135517 0.0281473
0 0 1 1.16143 0.0442944 0.137427 0.0217858 0.116943
0 0 1 1.2666 0.0419953 0.0960445 0.0149052 0.0374511
0 0 1 1.26416 0.023177 0.0653902 0.020522 0.097749
0 0 0 1.16236 0.0990578 0.16055 0.0251254 0.179387
0 0 1 1.25268 0.072533 0.123387 0.0279816 0.247783
0 0 0 1.37599 0.041578 0.152173 0.0223995 0.127107
0 0 1 1.39125 0.145268 0.0637522 0.0204434 0.0966299
0 0 1 1.38137 0.162276 0.0940013 0.0156435 0.0432966
0 0 1 1.38138 0.12874 0.0997849 0.0179483 0.0653912
0 0 1 1.45602 0.132817 0.103035 0.0265024 0.210528
0 0 0 1.16744 0.0626378 0.107142 0.0141297 0.0319047
0 0 1 1.38158 0.0813209 0.147255 0.0177374 0.0631134
0 0 0 1.29034 0.0898595 0.100425 0.0194257 0.0829048
0 0 0 1.31671 0.166354 0.11738 0.0229107 0.136008
0 0 1 1.37626 0.212003 0.13598 0.016389 0.0497865
0 0 0 1.42175 0.180739 0.076826 0.0281431 0.252097
0 0 0 1.17325 0.176177 0.138863 0.0159647 0.0460186
0 0 0 1.2104 0.118945 0.155678 0.027113 0.225416
0 0 1 1.29402 0.13744 0.148936 0.0255238 0.188055
0 0 0 1.30658 0.178549 0.0611401 0.0142892 0.0329972
0 0 0 1.33631 0.209013 0.13725 0.0236938 0.150438
0 0 1 1.36147 0.237446 0.107781 0.0243724 0.163737
0 0 0 1.40765 0.221974 0.106114 0.0243925 0.164143
0 0 1 1.4732 0.231247 0.0591299 0.0240348 0.157026
0 0 1 1.19329 0.19632 0.16965 0.0259314 0.197211
0 0 1 1.2659 0.169202 0.116323 0.0280112 0.248569
0 0 1 1.27738 0.124454 0.190263 0.0178745 0.0645888
0 0 0 1.15309 0.193614 0.124911 0.0141253 0.0318747
0 0 1 1.33918 0.0200676 0.142144 0.0194645 0.0834031
0 0 0 1.4052 0.0147892 0.150856 0.0172614 0.0581676
0 0 0 1.43956 0.0711005 0.129736 0.015831 0.0448723
0 0 0 1.23517 0.0306601 0.123827 0.0174104 0.0596871
0 0 1 1.3375 0.0742151 0.158897 0.0284119 0.259391
0 0 1 1.40877 0.0499818 0.102482 0.0201 0.0918425
0 0 0 1.39021 0.0596837 0.0726256 0.013648 0.0287514
0 0 0 1.21632 0.0890157 0.130332 0.0125598 0.0224081
0 0 0 1.26009 0.106067 0.159532 0.0218995 0.118784
0 0 1 1.29602 0.0922411 0.139974 0.0206256 0.099236
0 0 0 1.33386 0.110606 0.117618 0.0267416 0.216279
0 0 0 1.36018 0.152649 0.126169 0.023525 0.147245
0 0 1 1.40384 0.140456 0.130264 0.0216951 0.115487
0 0 1 1.46848 0.0984985 0.146628 0.0274426 0.233737
0 0 0 1.17184 0.145668 0.18719 0.0294096 0.287688
0 0 1 1.27383 0.112468 0.118869 0.0140959 0.0316763
0 0 0 1.36406 0.181961 0.172659 0.0288082 0.270397
0 0 1 1.39414 0.181633 0.122729 0.0212831 0.109033
0 0 1 1.44103 0.187051 0.12897 0.0263553 0.207041
0 0 0 1.46527 0.174052 0.096399 0.0162849 0.0488434
0 0 1 1.21788 0.231384 0.171387 0.0169394 0.0549725
0 0 0 1.24794 0.197825 0.162273 0.0290545 0.27739
0 0 0 1.28732 0.231879 0.15162 0.024106 0.158427
0 0 1 1.46699 0.191715 0.0682438 0.0170115 0.0556775
0 0 1 1.48525 0.180255 0.0478883 0.0126393 0.022836
0 0 1 1.19296 0.0106523 0.125776 0.0257769 0.193707
0 0 0 1.26501 0.0330536 0.143305 0.0179353 0.0652496
0 0 1 1.29816 0.00788826 0.161435 0.027474 0.23454
0 0 0 1.19524 0.0689579 0.147634 0.0212985 0.109269
0 0 1 1.28526 0.0601164 0.17481 0.0279916 0.248049
0 0 0 1.30543 0.104433 0.176772 0.0191368 0.0792609
0 0 0 1.41819 0.0512668 0.176605 0.0273276 0.23081
0 0 0 1.37603 0.109372 0.128032 0.01672 0.052864
0 0 1 1.44083 0.0285768 0.129054 0.0267229 0.215827
0 0 1 1.2263 0.0826357 0.152584 0.0126487 0.022887
0 0 0 1.36223 0.123166 0.167221 0.0270685 0.224309
0 0 0 1.41289 0.160246 0.171203 0.0246778 0.169969
0 0 0 1.3309 0.157547 0.153294 0.0167172 0.0528371
0 0 0 1.2492 0.147769 0.157416 0.0212553 0.108607
0 0 1 1.41036 0.212781 0.164781 0.0273695 0.231874
0 0 0 1.32794 0.222791 0.181218 0.0231478 0.140275
0 0 0 1.27069 0.165911 0.199769 0.0251888 0.180748
0 0 1 1.44328 0.242179 0.135024 0.0257692 0.193532
0 0 1 1.45028 0.215911 0.093676 0.0201894 0.0930733
0 0 1 1.12711 0.161045 0.113285 0.0291302 0.279565
0 0 1 1.12878 0.12591 0.067339 0.0190072 0.0776615
0 0 1 1.48597 0.0112893 0.149917 0.025504 0.187619
0 0 0 1.18999 0.0347309 0.158566 0.0150128 0.0382679
0 0 0 1.43951 0.00140911 0.17529 0.0269338 0.220977
0 0 0 1.38684 0.0165501 0.184854 0.0201749 0.0928729
0 0 1 1.47839 0.0565312 0.123338 0.0204535 0.096773
0 0 1 1.23202 0.0482533 0.164798 0.0242877 0.162035
0 0 1 1.46212 0.224811 0.18029 0.0262596 0.204795
0 0 0 1.30123 0.185729 0.164154 0.0256239 0.190277
0 0 1 1.44785 0.142003 0.148655 0.0207541 0.101104
0 0 0 1.41606 0.106745 0.16629 0.0291466 0.280037
0 0 1 1.15932 0.0543159 0.182331 0.0242796 0.161874
0 0 0 1.47365 0.00143949 0.0231916 0.0198718 0.0887487
0 0 0 1.47528 0.213194 0.120476 0.0165644 0.0514023
0 0 0 1.47439 0.200506 0.149335 0.0149806 0.0380222
0 0 1 1.14347 0.00931766 0.0598515 0.0135746 0.0282902
0 0 1 1.49635 0.153152 0.0818403 0.0230122 0.137825
0 0 0 1.18325 0.246929 0.0279584 0.0279865 0.247912
0 0 1 1.49082 0.164215 0.131871 0.0285332 0.262726
0 0 1 1.4577 0.176173 0.174089 0.022975 0.137158
0 0 0 1.40042 0.010402 0.0210467 0.0210483 0.105464
0 0 0 1.46585 0.0521154 0.163712 0.0220698 0.121576
0 0 0 1.37705 0.0805396 0.197802 0.0274485 0.233889
0 0 1 1.48548 0.166457 0.0191935 0.0192019 0.0800722
0 0 0 1.32436 0.0175037 0.0129303 0.0129307 0.0244525
0 0 1 1.32008 0.145632 0.195398 0.0283873 0.258717
0 0 1 1.47848 0.118903 0.0665449 0.0185574 0.0722774
0 0 0 1.49992 0.0674523 0.0921424 0.0190097 0.0776925
0 0 1 1.23563 0.00286169 0.152861 0.0227919 0.133904
0 0 1 1.1321 0.0129098 0.0241076 0.0241084 0.158474
0 0 1 1.23986 0.247277 0.136886 0.026958 0.221573
0 0 0 1.48785 0.0447627 0.0217971 0.0218169 0.117445
0 0 1 1.1703 0.245301 0.0985082 0.0160569 0.0468206
0 0 0 1.14378 0.249473 0.0640166 0.0255775 0.189246
0 0 1 1.14035 0.179786 0.161071 0.0238925 0.154255
0 0 0 1.24468 0.0828713 0.193863 0.0223092 0.125576
0 0 0 1.44278 0.248677 0.0249392 0.024949 0.175636
0 0 1 1.48537 0.247355 0.0181865 0.0181873 0.0680387
0 0 1 1.13818 0.0958391 0.0226685 0.0226718 0.131798
0 0 0 1.17078 0.00207914 0.0165272 0.0165277 0.0510613
0 0 0 1.16171 0.00191329 0.170509 0.0295036 0.290453
0 0 0 1.13123 0.229616 0.022827 0.0218117 0.11736
0 0 1 1.1312 0.134655 0.157213 0.0223077 0.125549
0 0 0 1.35399 0.0394919 0.188404 0.0200539 0.091211
0 0 1 1.28987 0.216397 0.190982 0.0166833 0.052517
0 0 0 1.22197 0.16169 0.189824 0.0233036 0.143126
0 0 0 1.45084 0.0820107 0.184025 0.017071 0.0562637
0 0 1 1.24013 0.123646 0.190428 0.0188792 0.0761037
0 0 1 1.21183 0.00288887 0.196629 0.0270329 0.223423
0 0 0 1.25495 0.245637 0.194432 0.0289959 0.275716
0 0 1 1.14825 0.220356 0.191983 0.0202365 0.0937262
0 0 0 1.16094 0.187942 0.192531 0.0145835 0.0350784
0 0 0 1.25835 0.0207717 0.192776 0.0229506 0.136721
0 0 0 1.46036 0.185232 0.30752 0.0160673 0.0469119
0 0 1 1.47165 0.0859239 0.374867 0.0235492 0.1477
0 0 0 1.45122 0.00594006 0.251933 0.0190982 0.0787829
0 0 0 1.21644 0.0197378 0.356815 0.0296031 0.293401
0 0 0 1.49535 0.113684 0.35058 0.016527 0.0510546
0 0 1 1.42785 0.0761762 0.355833 0.0222706 0.124924
0 0 0 1.29799 0.0259865 0.203696 0.0185037 0.0716517
0 0 1 1.1715 0.0423314 0.343037 0.0225512 0.129706
0 0 1 1.49024 0.146742 0.332684 0.021411 0.11101
0 0 1 1.31903 0.246553 0.361368 0.0149015 0.0374235
0 0 1 1.13831 0.244233 0.388786 0.0232081 0.141375
0 0 1 1.2901 0.0548066 0.326553 0.0185733 0.0724633
0 0 0 1.23468 0.139893 0.333932 0.018127 0.0673639
0 0 0 1.3242 0.143113 0.344635 0.0135744 0.0282887
0 0 0 1.32888 0.0883582 0.362628 0.0149169 0.0375392
0 0 1 1.29534 0.00391419 0.276178 0.0178948 0.064809
0 0 0 1.35255 0.115564 0.34335 0.0259748 0.198203
0 0 0 1.49478 0.0812028 0.340024 0.0176343 0.0620196
0 0 1 1.48827 0.227986 0.229868 0.0299012 0.302356
0 0 0 1.22741 0.248823 0.301085 0.0193108 0.0814429
0 0 1 1.23533 0.167327 0.379812 0.0182918 0.0692182
0 0 1 1.12842 0.0481002 0.248491 0.0220958 0.122006
0 0 0 1.13541 0.0111937 0.285198 0.0198871 0.0889542
0 0 1 1.23729 0.199457 0.21466 0.0244369 0.165041
0 0 1 1.36721 0.147183 0.207832 0.0203882 0.095849
0 0 1 1.14572 0.147972 0.338081 0.0278354 0.243918
0 0 0 1.24502 0.211584 0.380835 0.0270308 0.223373
0 0 0 1.25847 0.038569 0.393358 0.0156553 0.0433946
0 0 0 1.37925 0.135391 0.237824 0.0140213 0.0311757
0 0 0 1.49031 0.236215 0.37271 0.0271785 0.227053
0 0 1 1.40027 0.12141 0.212436 0.0217858 0.116942
0 0 1 1.46877 0.084984 0.296649 0.0209086 0.103378
0 0 0 1.14529 0.192833 0.232648 0.028765 0.269183
0 0 1 1.36929 0.166365 0.384423 0.0171314 0.0568628
0 0 1 1.33338 0.137365 0.380203 0.0191168 0.079013
0 0 1 1.31283 0.192146 0.208232 0.0204119 0.0961835
0 0 0 1.40084 0.224764 0.214974 0.0251129 0.17912
0 0 0 1.35245 0.184443 0.233454 0.0271826 0.227157
0 0 0 1.41806 0.0205992 0.225093 0.0260144 0.199111
0 0 1 1.49989 0.0738259 0.310543 0.0131784 0.0258846
0 0 0 1.48179 0.160617 0.278761 0.0179851 0.0657947
0 0 1 1.22575 0.0471148 0.209809 0.0211917 0.107634
0 0 1 1.25971 0.128896 0.219805 0.0168348 0.0539602
0 0 1 1.34764 0.112856 0.219832 0.0209172 0.103506
0 0 1 1.36016 0.0804285 0.368456 0.0178762 0.0646068
0 0 1 1.20648 0.133657 0.21887 0.0190728 0.0784683
0 0 0 1.17412 0.150715 0.238951 0.0226651 0.131682
0 0 1 1.19195 0.234441 0.208137 0.0281653 0.252693
0 0 0 1.30655 0.0507309 0.27505 0.0218086 0.117311
0 0 1 1.16117 0.113636 0.220726 0.0181817 0.0679766
0 0 1 1.18167 0.0374925 0.224381 0.0262301 0.204103
0 0 1 1.32451 0.0681888 0.216071 0.0295343 0.291362
0 0 1 1.36982 0.0396692 0.231994 0.0263299 0.206444
0 0 0 1.42375 0.0733639 0.22465 0.0258603 0.195594
0 0 1 1.47537 0.171484 0.24684 0.0128283 0.023876
0 0 0 1.34959 0.000450535 0.36843 0.0184406 0.070921
0 0 1 1.13511 0.112981 0.277265 0.01388 0.0302424
0 0 0 1.41372 0.143245 0.253911 0.0248361 0.173262
0 0 0 1.33868 0.0747703 0.260994 0.0180307 0.066296
0 0 1 1.43558 0.152233 0.210585 0.0214826 0.112128
0 0 0 1.22544 0.233139 0.254978 0.0294324 0.288355
0 0 1 1.14531 0.214866 0.28506 0.028095 0.250807
0 0 1 1.23617 0.0591066 0.393788 0.0131673 0.0258191
0 0 0 1.193 0.184706 0.216436 0.022277 0.125032
0 0 0 1.2563 0.0366476 0.363623 0.0142277 0.0325727
0 0 0 1.14164 0.0162632 0.213773 0.0203023 0.0946433
0 0 1 1.17155 0.0440177 0.268887 0.0198779 0.0888307
0 0 0 1.32185 0.0175518 0.242036 0.0274427 0.23374
0 0 1 1.40726 0.0576509 0.260216 0.016381 0.0497133
0 0 0 1.38109 0.0945858 0.252813 0.0294958 0.290223
0 0 0 1.26134 0.1778 0.339785 0.0285889 0.264269
0 0 1 1.15149 0.0749104 0.222672 0.0216953 0.115491
0 0 1 1.23219 0.104767 0.228965 0.020917 0.103502
0 0 1 1.35187 0.142347 0.238501 0.0142433 0.0326802
0 0 0 1.27132 0.102505 0.244967 0.0214347 0.11138
0 0 0 1.18112 0.229924 0.262311 0.0156116 0.0430322
0 0 0 1.22426 0.127773 0.397698 0.0136496 0.0287615
0 0 1 1.28674 0.184757 0.247651 0.0274394 0.233655
0 0 0 1.26697 0.223415 0.234114 0.0180475 0.0664819
0 0 1 1.25839 0.246597 0.366074 0.0132524 0.026323
0 0 0 1.12929 0.0360762 0.323295 0.0244691 0.165695
0 0 0 1.21795 0.0116492 0.250255 0.025287 0.182871
0 0 1 1.1622 0.0287702 0.300442 0.0155971 0.0429124
0 0 0 1.14009 0.0455129 0.283392 0.0147975 0.0366456
0 0 0 1.18277 0.0745899 0.239706 0.0139233 0.0305264
0 0 1 1.27011 0.055708 0.228063 0.0275477 0.236432
0 0 1 1.29853 0.109001 0.215995 0.0188515 0.0757687
0 0 0 1.35458 0.0376957 0.28511 0.0289743 0.2751
0 0 0 1.39909 0.0227438 0.267404 0.0201919 0.0931074
0 0 0 1.37372 0.156191 0.261351 0.0178662 0.0644984
0 0 1 1.43924 0.111571 0.207833 0.0186673 0.073569
0 0 0 1.19714 0.112899 0.259 0.0259458 0.19754
0 0 1 1.15184 0.0819399 0.266725 0.0229254 0.13627
0 0 1 1.15503 0.119824 0.25475 0.0169516 0.0550914
0 0 0 1.22301 0.211032 0.291817 0.0136077 0.0284974
0 0 1 1.24237 0.137301 0.294967 0.0216809 0.115261
0 0 0 1.28471 0.137341 0.273899 0.0256242 0.190285
0 0 1 1.14155 0.157147 0.279818 0.0299955 0.305224
0 0 0 1.19227 0.187842 0.268972 0.0284312 0.259919
0 0 1 1.2369 0.157364 0.248276 0.0294433 0.288678
0 0 1 1.3111 0.236825 0.227918 0.0284476 0.26037
0 0 1 1.27492 0.201968 0.212636 0.0133326 0.0268037
0 0 1 1.26464 0.216422 0.29752 0.0287648 0.269177
0 0 0 1.28165 0.237903 0.261664 0.0163725 0.0496359
0 0 1 1.30483 0.0851549 0.255599 0.0177702 0.0634648
0 0 1 1.15273 0.0155385 0.251079 0.0186259 0.0730809
0 0 1 1.44614 0.242158 0.360631 0.01774 0.0631409
0 0 1 1.25935 0.0325775 0.285349 0.0290361 0.276865
0 0 0 1.13168 0.101145 0.331308 0.0197296 0.0868574
0 0 0 1.20437 0.040816 0.304145 0.0284014 0.259102
0 0 1 1.18772 0.0764761 0.282342 0.0165959 0.0516961
0 0 0 1.22213 0.0648064 0.255906 0.0283454 0.257573
0 0 0 1.16083 0.0652993 0.306955 0.0215336 0.112928
0 0 0 1.47104 0.0918055 0.262106 0.0138095 0.0297845
0 0 1 1.18065 0.0995905 0.302164 0.0146648 0.0356684
0 0 1 1.19269 0.141936 0.305921 0.029415 0.287846
0 0 1 1.33216 0.11841 0.264877 0.0262659 0.20494
0 0 1 1.24919 0.198731 0.249821 0.0126907 0.0231158
0 0 1 1.29087 0.171503 0.302518 0.0193762 0.0822727
0 0 1 1.28999 0.142529 0.230756 0.018166 0.0678005
0 0 1 1.32236 0.15271 0.24025 0.0170896 0.0564478
0 0 0 1.36698 0.182731 0.290433 0.0210321 0.105221
0 0 1 1.37139 0.223625 0.246954 0.0183837 0.0702672
0 0 0 1.19527 0.227127 0.294628 0.0185963 0.0727326
0 0 0 1.34215 0.0451941 0.341989 0.0297344 0.297324
0 0 0 1.39412 0.0055166 0.355908 0.0177542 0.0632932
0 0 0 1.22183 0.215381 0.33236 0.0264434 0.209124
0 0 1 1.4378 0.0587546 0.314698 0.0235124 0.147009
0 0 1 1.27634 0.0871072 0.292186 0.0284925 0.261603
0 0 0 1.39964 0.0771564 0.297723 0.022139 0.122724
0 0 1 1.43317 0.0990736 0.270242 0.0256083 0.18993
0 0 1 1.47586 0.0858947 0.221139 0.0278618 0.244613
0 0 1 1.22213 0.0935677 0.303499 0.0272752 0.229486
0 0 0 1.23987 0.111378 0.26588 0.0173628 0.0591982
0 0 0 1.26127 0.174037 0.283022 0.016159 0.0477195
0 0 0 1.31921 0.0855807 0.283539 0.0136563 0.0288042
0 0 1 1.35484 0.0893029 0.299487 0.0243246 0.162775
0 0 1 1.36622 0.137399 0.299249 0.025101 0.178866
0 0 0 1.32672 0.166431 0.278687 0.0239721 0.155802
0 0 0 1.44304 0.163282 0.283045 0.0211009 0.106256
0 0 1 1.39822 0.190374 0.256607 0.0244582 0.165472
0 0 0 1.39673 0.177691 0.211672 0.0222619 0.124778
0 0 1 1.2287 0.17777 0.301703 0.0215706 0.113512
0 0 1 1.31241 0.210052 0.281519 0.0220263 0.120858
0 0 0 1.43666 0.195524 0.208282 0.0216077 0.114098
0 0 1 1.36188 0.199958 0.344446 0.0182523 0.0687708
0 0 0 1.38069 0.159558 0.346046 0.0234794 0.146391
0 0 0 1.30195 0.066776 0.360846 0.0196354 0.0856191
0 0 1 1.49317 0.00553598 0.276704 0.0296219 0.293963
0 0 0 1.42271 0.0485316 0.283264 0.0128311 0.0238915
0 0 0 1.15262 0.116489 0.30379 0.0181016 0.0670819
0 0 0 1.48957 0.0107272 0.340759 0.0274404 0.233682
0 0 1 1.46829 0.0559724 0.344516 0.0192268 0.0803851
0 0 1 1.27484 0.0920151 0.34009 0.0196871 0.0862979
0 0 0 1.32126 0.129936 0.310242 0.021797 0.117124
0 0 0 1.34476 0.213417 0.310854 0.0217838 0.11691
0 0 0 1.44307 0.17543 0.243954 0.0198429 0.0883624
0 0 1 1.46375 0.133559 0.245161 0.0268733 0.219491
0 0 0 1.23311 0.193991 0.269122 0.0128702 0.0241108
0 0 0 1.34926 0.208824 0.26977 0.0166778 0.0524649
0 0 1 1.33889 0.236518 0.282277 0.0154332 0.0415742
0 0 1 1.38443 0.227039 0.288819 0.0256019 0.189789
0 0 0 1.43439 0.21631 0.245208 0.0208382 0.102337
0 0 0 1.45748 0.246096 0.272395 0.0256337 0.190497
0 0 0 1.36101 0.216083 0.203448 0.0172713 0.0582681
0 0 1 1.15838 0.0792721 0.341647 0.0159482 0.0458766
0 0 0 1.30694 0.0244213 0.308363 0.0206454 0.0995227
0 0 1 1.4356 0.0943774 0.308242 0.0127576 0.0234832
0 0 1 1.46502 0.127558 0.293585 0.0219423 0.119482
0 0 1 1.45778 0.0518072 0.261977 0.0283304 0.257164
0 0 0 1.48026 0.045138 0.306814 0.0217893 0.116999
0 0 0 1.42779 0.131953 0.294432 0.015564 0.0426396
0 0 0 1.47456 0.178076 0.214149 0.0205308 0.097874
0 0 0 1.45825 0.107226 0.33437 0.0241313 0.158926
0 0 1 1.13837 0.140212 0.225051 0.017108 0.0566302
0 0 0 1.40038 0.119336 0.285595 0.0158924 0.0453961
0 0 1 1.4632 0.0363901 0.207815 0.0248411 0.173366
0 0 0 1.17624 0.191864 0.322668 0.0257688 0.193524
0 0 0 1.43068 0.20699 0.289734 0.0248149 0.172818
0 0 1 1.14411 0.195527 0.362829 0.025799 0.194205
0 0 1 1.29738 0.153997 0.356869 0.017858 0.0644099
0 0 0 1.40482 0.165511 0.304896 0.0229866 0.137366
0 0 0 1.43602 0.0132776 0.294191 0.0264103 0.20834
0 0 1 1.41484 0.183223 0.340921 0.0183898 0.0703366
0 0 0 1.46846 0.198316 0.265739 0.0206914 0.10019
0 0 0 1.30616 0.156495 0.32659 0.0128516 0.0240064
0 0 0 1.30557 0.200405 0.328691 0.0223094 0.125579
0 0 1 1.38602 0.197115 0.319504 0.0165803 0.0515501
0 0 0 1.27657 0.222131 0.348818 0.0191507 0.0794337
0 0 0 1.24766 0.110462 0.331389 0.0141402 0.0319757
0 0 0 1.24964 0.0140643 0.323136 0.0141465 0.0320183
0 0 0 1.30722 0.116797 0.358429 0.0206558 0.0996727
0 0 1 1.34658 0.151858 0.355191 0.0126669 0.0229861
0 0 0 1.47492 0.183742 0.34723 0.0211996 0.107755
0 0 0 1.17801 0.00637637 0.323242 0.0190081 0.0776733
0 0 1 1.46762 0.2264 0.322866 0.0284719 0.261037
0 0 0 1.19489 0.0880018 0.201506 0.0283404 0.257437
0 0 1 1.18071 0.00421577 0.278615 0.0221125 0.122282
0 0 1 1.20595 0.0607855 0.342706 0.0150577 0.0386123
0 0 1 1.48038 0.00417464 0.229599 0.01768 0.0625025
0 0 0 1.31541 0.0881481 0.326138 0.0232932 0.142935
0 0 1 1.18859 0.0801781 0.32656 0.0155702 0.0426906
0 0 0 1.40599 0.116327 0.33012 0.0290875 0.278339
0 0 0 1.41325 0.228027 0.33377 0.0270157 0.222998
0 0 1 1.34007 0.170168 0.324364 0.0237772 0.152032
0 0 1 1.17923 0.237926 0.32896 0.0208194 0.10206
0 0 0 1.44462 0.154074 0.329038 0.0249507 0.175672
0 0 0 1.32612 0.00540374 0.330956 0.0145672 0.0349608
0 0 0 1.39598 0.0336208 0.320461 0.0256205 0.190202
0 0 1 1.1724 0.108762 0.33283 0.0178747 0.0645902
0 0 0 1.36641 0.238918 0.33796 0.0212719 0.108861
0 0 1 1.24697 0.0573148 0.331691 0.0249433 0.175514
0 0 1 1.20988 0.172569 0.331407 0.0139819 0.030914
0 0 1 1.27768 0.131411 0.322564 0.0235252 0.147249
0 0 0 1.38192 0.0740988 0.335665 0.0198528 0.0884952
0 0 1 1.441 0.202236 0.361739 0.0200742 0.0914887
0 0 0 1.29381 0.0161546 0.357966 0.0288974 0.272916
0 0 1 1.49284 0.0717929 0.255061 0.0126108 0.0226819
0 0 0 1.21148 0.0922066 0.346528 0.0170817 0.0563696
0 0 1 1.26894 0.00113332 0.23867 0.0280609 0.249894
0 0 1 1.43674 0.0219509 0.353293 0.028005 0.248404
0 0 1 1.24268 0.091005 0.351957 0.0146113 0.0352792
0 0 0 1.33341 0.221396 0.3474 0.0172684 0.0582378
0 0 0 1.19834 0.133275 0.363796 0.0293786 0.286778
0 0 1 1.22644 0.0631148 0.366607 0.0159791 0.0461435
0 0 1 1.3289 0.184129 0.373338 0.0283615 0.258012
0 0 0 1.27952 0.174232 0.389606 0.0245715 0.167782
0 0 0 1.15082 0.106679 0.37215 0.0257159 0.192334
0 0 0 1.1375 0.0201815 0.372285 0.027477 0.234618
0 0 1 1.18452 0.0757422 0.366612 0.0203656 0.0955313
0 0 1 1.39341 0.0918184 0.367428 0.0172907 0.0584645
0 0 0 1.41916 0.156281 0.376192 0.0255117 0.187789
0 0 0 1.38019 0.127265 0.382677 0.0235013 0.146801
0 0 1 1.25974 0.126491 0.372576 0.0298408 0.300527
0 0 0 1.26292 0.07057 0.374337 0.02184 0.117818
0 0 1 1.33499 0.0259036 0.379252 0.012833 0.0239022
0 0 0 1.14836 0.249085 0.240567 0.0281286 0.251707
0 0 1 1.46787 0.137301 0.374343 0.0268095 0.21793
0 0 1 1.17303 0.230117 0.368126 0.0195996 0.0851517
0 0 1 1.3912 0.0472512 0.373926 0.027804 0.243095
0 0 0 1.47421 0.0359266 0.378119 0.019065 0.0783717
0 0 0 1.39362 0.2016 0.375968 0.0265151 0.21083
0 0 1 1.19615 0.189403 0.371883 0.0273778 0.232085
0 0 1 1.22256 0.0942212 0.387152 0.0215066 0.112503
0 0 0 1.20399 0.0525895 0.386967 0.0161026 0.0472217
0 0 0 1.35237 0.235613 0.385784 0.0278448 0.244165
0 0 1 1.4728 0.18963 0.392924 0.0249253 0.175135
0 0 0 1.3091 0.249193 0.31381 0.0288242 0.270847
0 0 1 1.33187 0.0633949 0.386662 0.0195907 0.0850363
0 0 0 1.29839 0.0933843 0.398998 0.0270162 0.22301
0 0 1 1.29149 0.0484666 0.393009 0.018828 0.0754861
0 0 1 1.18618 0.100398 0.393117 0.0158738 0.0452373
0 0 1 1.34252 0.102529 0.391594 0.01866 0.0734835
0 0 1 1.29652 0.226026 0.390638 0.0273497 0.231372
0 0 0 1.15566 0.154445 0.393927 0.027005 0.222733
0 0 1 1.42709 0.106185 0.398473 0.0298879 0.301954
0 0 0 1.18133 0.0234723 0.393595 0.0213823 0.110564
0 0 0 1.42273 0.00697706 0.392972 0.01666 0.0522971
0 0 0 1.38303 0.000539016 0.294531 0.0183656 0.0700599
0 0 0 1.43837 0.0533871 0.394948 0.0242074 0.160434
0 0 1 1.3824 8.21491e-05 0.395992 0.0243678 0.163644
0 0 0 1.12947 0.239374 0.333848 0.0287619 0.269094
0 0 1 1.20924 0.158971 0.397198 0.0141514 0.0320516
0 0 1 1.22436 0.184259 0.410044 0.0179886 0.0658335
0 0 1 1.27121 0.0319991 0.426499 0.0204568 0.09682
0 0 0 1.39782 0.190426 0.470326 0.0228841 0.135535
0 0 1 1.4189 0.237179 0.458709 0.0282731 0.255606
0 0 0 1.46199 0.0290402 0.436415 0.0293665 0.286424
0 0 0 1.43731 0.191868 0.450544 0.0213137 0.109504
0 0 0 1.26736 0.0657772 0.412086 0.0164704 0.0505321
0 0 1 1.169 0.141983 0.453298 0.0219727 0.119978
0 0 0 1.26826 0.188746 0.431957 0.0215951 0.113898
0 0 1 1.13905 0.0853744 0.446063 0.0216413 0.11463
0 0 1 1.35593 0.0913185 0.462681 0.0195824 0.0849277
0 0 1 1.20751 0.0316642 0.48032 0.0234903 0.146595
0 0 1 1.33766 0.0806897 0.425148 0.0216716 0.115113
0 0 0 1.15749 0.0649509 0.404988 0.0278019 0.243039
0 0 1 1.39876 0.101439 0.441658 0.0219764 0.120038
0 0 1 1.1578 0.234032 0.484136 0.0282156 0.254051
0 0 0 1.48301 0.125595 0.427284 0.0175021 0.0606354
0 0 0 1.23524 0.0628808 0.448592 0.0289517 0.274458
0 0 1 1.17536 0.183904 0.466268 0.0223689 0.126587
0 0 0 1.49517 0.0541965 0.407601 0.0212747 0.108903
0 0 0 1.27065 0.122238 0.418414 0.0174718 0.0603205
0 0 1 1.2551 0.0952762 0.405917 0.0160695 0.0469314
0 0 1 1.3921 0.225108 0.418158 0.0218095 0.117325
0 0 0 1.40572 0.139571 0.474504 0.0287513 0.268797
0 0 1 1.27856 0.0913936 0.444913 0.0230409 0.13834
0 0 0 1.40566 0.0325042 0.429163 0.0275283 0.235934
0 0 1 1.18852 0.107027 0.443188 0.0193213 0.0815762
0 0 1 1.22706 0.108928 0.428005 0.022148 0.122873
0 0 0 1.48371 0.18253 0.446137 0.0262273 0.20404
0 0 0 1.44661 0.111024 0.451014 0.0263716 0.207426
0 0 1 1.22409 0.19612 0.455515 0.029005 0.275977
0 0 0 1.14247 0.0405946 0.450986 0.0235393 0.147513
0 0 1 1.4994 0.0850881 0.455068 0.0287431 0.268567
0 0 1 1.31567 0.0125216 0.414514 0.0295458 0.291704
0 0 0 1.41235 0.0655613 0.471664 0.0267292 0.215978
0 0 1 1.19367 0.0483475 0.419618 0.0146087 0.0352605
0 0 0 1.37476 0.169302 0.443986 0.0180045 0.0660082
0 0 1 1.47909 0.11797 0.476098 0.0152563 0.0401608
0 0 0 1.46986 0.144569 0.453229 0.0145027 0.0344981
0 0 1 1.31711 0.122598 0.440119 0.0267901 0.217458
0 0 1 1.24748 0.220489 0.424049 0.0171604 0.0571523
0 0 1 1.30251 0.0580624 0.430467 0.0204711 0.0970235
0 0 1 1.15289 0.0156663 0.413593 0.0142515 0.0327366
0 0 1 1.20631 0.0943715 0.479508 0.02257 0.130031
0 0 1 1.3587 0.042971 0.412995 0.023197 0.141172
0 0 1 1.18985 0.170491 0.426029 0.0224541 0.128038
0 0 0 1.24729 0.104595 0.471924 0.0203392 0.0951599
0 0 1 1.34441 0.185208 0.451056 0.016979 0.0553592
0 0 0 1.24494 0.151344 0.414494 0.0210881 0.106063
0 0 0 1.40962 0.0694617 0.412603 0.0131663 0.0258131
0 0 1 1.36042 0.193237 0.413416 0.0233842 0.144617
0 0 1 1.18274 0.0653257 0.452216 0.0237373 0.151267
0 0 1 1.49922 0.0940719 0.406005 0.0188384 0.0756109
0 0 0 1.19356 0.130707 0.412579 0.0197069 0.0865584
0 0 1 1.37855 0.0860869 0.404509 0.0229923 0.137468
0 0 0 1.28427 0.0412289 0.472674 0.0284126 0.259409
0 0 1 1.44682 0.154483 0.420484 0.0267412 0.21627
0 0 1 1.39798 0.142517 0.423463 0.0229593 0.136877
0 0 0 1.36224 0.227051 0.459581 0.0292963 0.284373
0 0 0 1.35087 0.146426 0.473805 0.0265263 0.211098
0 0 0 1.16339 0.108525 0.416208 0.0175796 0.0614435
0 0 0 1.1836 0.0135491 0.440361 0.0264804 0.210003
0 0 1 1.45733 0.211165 0.492963 0.0294084 0.287651
0 0 1 1.18321 0.219628 0.447189 0.0188837 0.0761578
0 0 0 1.36261 0.000803202 0.442892 0.0265443 0.211528
0 0 1 1.4297 0.0757962 0.433454 0.0164677 0.0505074
0 0 1 1.37727 0.0667418 0.44227 0.0188395 0.0756244
0 0 1 1.35289 0.147548 0.416112 0.0230048 0.137692
0 0 0 1.22481 0.0286106 0.410439 0.0233879 0.144686
0 0 1 1.21708 0.140865 0.464589 0.0274319 0.233463
0 0 1 1.20022 0.0805103 0.417118 0.018309 0.0694138
0 0 0 1.43604 0.222399 0.401886 0.0251271 0.179424
0 0 1 1.26981 0.146854 0.453889 0.0257174 0.192367
0 0 1 1.36168 0.111083 0.431699 0.0176146 0.061812
0 0 1 1.40956 0.185303 0.4184 0.021661 0.114945
0 0 0 1.24149 0.00140022 0.452824 0.0296713 0.295434
0 0 0 1.29894 0.1871 0.475916 0.0286246 0.265259
0 0 1 1.4735 0.238066 0.438905 0.0298186 0.299857
0 0 0 1.31327 0.0875509 0.480465 0.0267924 0.217515
0 0 0 1.46438 0.0798212 0.420437 0.0207948 0.101699
0 0 1 1.28855 0.230868 0.443813 0.0266411 0.213849
0 0 0 1.13845 0.131201 0.42905 0.0184928 0.0715256
0 0 0 1.15699 0.204701 0.412945 0.0267542 0.216586
0 0 1 1.20429 0.22376 0.409679 0.0243455 0.163196
0 0 0 1.31299 0.172394 0.426219 0.025076 0.178331
0 0 0 1.32758 0.213205 0.429851 0.0184202 0.0706862
0 0 0 1.33839 0.045631 0.45856 0.0267635 0.21681
0 0 0 1.47027 0.109477 0.403745 0.0137426 0.0293533
0 0 1 1.31591 0.240951 0.489555 0.0276076 0.237978
0 0 0 1.30169 0.138857 0.400612 0.0186084 0.0728747
0 0 1 1.12741 0.173397 0.449256 0.0295808 0.292739
0 0 0 1.12669 0.0105659 0.409783 0.0127142 0.0232443
0 0 0 1.13435 0.440602 0.0796942 0.0249662 0.175999
0 0 0 1.39445 0.322097 0.195222 0.0137437 0.0293602
0 0 1 1.13096 0.303722 0.0286654 0.0286742 0.266641
0 0 1 1.12933 0.292168 0.097876 0.0238279 0.153005
0 0 1 1.40982 0.252092 0.15205 0.0130601 0.0251935
0 0 0 1.13096 0.393377 0.136201 0.0202284 0.0936133
0 0 1 1.1587 0.481706 0.0579014 0.027282 0.229659
0 0 0 1.39158 0.485711 0.0268424 0.0268729 0.21948
0 0 0 1.3058 0.342576 0.196014 0.0195331 0.084288
0 0 0 1.1293 0.429303 0.179199 0.0256807 0.191545
0 0 1 1.30183 0.496199 0.0419651 0.0178787 0.0646335
0 0 0 1.20491 0.483329 0.147159 0.0183766 0.0701858
0 0 1 1.49315 0.330692 0.171767 0.0249475 0.175604
0 0 1 1.3435 0.478549 0.17803 0.0257059 0.192111
0 0 0 1.4697 0.441261 0.176465 0.0236791 0.150157
0 0 0 1.49158 0.422157 0.0194422 0.0194489 0.0832021
0 0 1 1.31188 0.461689 0.159061 0.0148652 0.0371504
0 0 1 1.49097 0.471676 0.147205 0.0235908 0.148483
0 0 1 1.26811 0.469603 0.0157439 0.0157458 0.0441519
0 0 0 1.24505 0.492811 0.0981418 0.0154514 0.041721
0 0 1 1.47838 0.462074 0.0226684 0.0227252 0.132732
0 0 1 1.486 0.322487 0.0254554 0.0255498 0.188633
0 0 1 1.46192 0.472656 0.0687413 0.0273661 0.231789
0 0 1 1.3216 0.473365 0.0712611 0.0242241 0.160767
0 0 1 1.22197 0.309436 0.190289 0.0232398 0.141955
0 0 1 1.22945 0.480972 0.0257359 0.0257706 0.193564
0 0 0 1.17005 0.463703 0.0150035 0.0150049 0.038208
0 0 0 1.41657 0.459406 0.0581485 0.0210538 0.105547
0 0 0 1.39248 0.456528 0.182395 0.025621 0.190214
0 0 1 1.45842 0.404534 0.154481 0.0205919 0.0987515
0 0 1 1.42021 0.376715 0.152154 0.0267556 0.216619
0 0 0 1.37052 0.369497 0.152626 0.0234684 0.146184
0 0 1 1.43023 0.322702 0.182604 0.0242164 0.160614
0 0 1 1.45031 0.47642 0.155728 0.0182398 0.0686303
0 0 1 1.20148 0.425253 0.188218 0.012918 0.0243804
0 0 0 1.31617 0.312791 0.174838 0.0131549 0.0257465
0 0 0 1.44323 0.385933 0.0386294 0.0156052 0.0429794
0 0 1 1.26893 0.468385 0.0622219 0.0294537 0.288983
0 0 0 1.41909 0.420039 0.121939 0.0147387 0.0362102
0 0 1 1.49139 0.393934 0.127409 0.0233839 0.144612
0 0 1 1.46043 0.439175 0.13016 0.021794 0.117076
0 0 0 1.35443 0.409204 0.165224 0.0159017 0.0454757
0 0 1 1.32842 0.343553 0.159716 0.0232495 0.142133
0 0 1 1.2697 0.362909 0.18093 0.0245623 0.167595
0 0 1 1.25154 0.329493 0.179472 0.0134963 0.0278036
0 0 1 1.21649 0.298629 0.156446 0.0127139 0.0232427
0 0 1 1.36339 0.335184 0.18743 0.0208722 0.102839
0 0 0 1.26017 0.292306 0.184419 0.0190439 0.0781123
0 0 0 1.47563 0.364489 0.149188 0.0165025 0.050828
0 0 0 1.39741 0.304202 0.173529 0.0145421 0.0347805
0 0 1 1.42232 0.475661 0.0981633 0.0220857 0.12184
0 0 0 1.26645 0.492177 0.17998 0.0165378 0.0511544
0 0 1 1.29448 0.484508 0.0136362 0.0136405 0.028704
0 0 0 1.29754 0.439642 0.141867 0.0165603 0.0513636
0 0 1 1.25595 0.404287 0.174904 0.0193632 0.0821083
0 0 0 1.39552 0.440027 0.0993693 0.0199581 0.0899101
0 0 0 1.41839 0.454724 0.138889 0.0238742 0.1539
0 0 0 1.228 0.37657 0.173146 0.0200421 0.0910506
0 0 1 1.39085 0.417453 0.152731 0.0234719 0.146251
0 0 0 1.19718 0.349359 0.188324 0.0238064 0.152593
0 0 1 1.37414 0.480368 0.0802117 0.0295569 0.29203
0 0 1 1.44351 0.294902 0.123347 0.0259428 0.197471
0 0 0 1.45556 0.332105 0.146053 0.0192781 0.0810294
0 0 0 1.17948 0.312597 0.158295 0.0268834 0.219737
0 0 1 1.1561 0.352585 0.166164 0.0201095 0.091972
0 0 1 1.23195 0.27649 0.168656 0.0169203 0.0547867
0 0 1 1.43521 0.467421 0.0208239 0.0208297 0.102212
0 0 1 1.33939 0.482301 0.0254454 0.0254488 0.186404
0 0 0 1.4893 0.338687 0.128341 0.0193907 0.0824584
0 0 1 1.36903 0.457023 0.132753 0.0259397 0.197401
0 0 0 1.33292 0.434664 0.151016 0.0203321 0.0950602
0 0 0 1.19753 0.375398 0.14416 0.022047 0.1212
0 0 1 1.17216 0.395629 0.183561 0.0290224 0.276472
0 0 0 1.29344 0.358254 0.147651 0.0165841 0.0515855
0 0 1 1.22668 0.336762 0.148888 0.0265944 0.212728
0 0 0 1.15502 0.430482 0.110301 0.0133285 0.0267793
0 0 0 1.19832 0.324989 0.118955 0.0162908 0.0488966
0 0 0 1.47686 0.316446 0.0937902 0.0235548 0.147805
0 0 0 1.12826 0.347247 0.191861 0.0181588 0.0677192
0 0 1 1.41272 0.283399 0.153098 0.0183998 0.0704515
0 0 1 1.39497 0.337897 0.164537 0.018233 0.0685526
0 0 1 1.33295 0.279375 0.180889 0.0202333 0.0936812
0 0 0 1.28339 0.321062 0.16835 0.0212751 0.108911
0 0 1 1.27933 0.269668 0.160796 0.015572 0.042706
0 0 0 1.16679 0.494684 0.160026 0.0183781 0.0702023
0 0 0 1.2597 0.424306 0.106 0.0152069 0.0397719
0 0 0 1.42824 0.391695 0.0731031 0.0221248 0.122488
0 0 0 1.30167 0.399716 0.161852 0.0278234 0.243603
0 0 0 1.17727 0.449742 0.165827 0.0281586 0.252514
0 0 1 1.45321 0.363269 0.111962 0.0269715 0.221904
0 0 0 1.36381 0.307495 0.14575 0.029189 0.281261
0 0 1 1.39679 0.268598 0.117126 0.0236461 0.149531
0 0 1 1.34446 0.27452 0.118459 0.0178263 0.0640675
0 0 1 1.32197 0.252417 0.155737 0.0163979 0.0498671
0 0 0 1.46072 0.478991 0.116092 0.0204435 0.096631
0 0 0 1.48592 0.253262 0.104406 0.0279019 0.24567
0 0 0 1.30057 0.377193 0.197395 0.013249 0.0263028
0 0 0 1.34322 0.398769 0.129958 0.0225479 0.129649
0 0 0 1.30086 0.366295 0.114254 0.0185637 0.0723509
0 0 1 1.31018 0.2915 0.141503 0.0268582 0.219122
0 0 0 1.2704 0.335692 0.13364 0.0185769 0.0725059
0 0 1 1.18848 0.258995 0.151935 0.0278698 0.244824
0 0 0 1.48117 0.281493 0.0577051 0.0268759 0.219555
0 0 0 1.43447 0.26091 0.0808897 0.029204 0.281694
0 0 1 1.32571 0.306997 0.100111 0.0200071 0.0905738
0 0 0 1.14829 0.266562 0.187313 0.0262119 0.20368
0 0 1 1.28365 0.498602 0.107581 0.0244757 0.165827
0 0 1 1.4238 0.496788 0.183812 0.0254259 0.185901
0 0 1 1.26656 0.403319 0.0844322 0.0147281 0.0361322
0 0 0 1.43797 0.433054 0.0908219 0.0239164 0.154717
0 0 0 1.36738 0.394262 0.0643746 0.0189034 0.0763961
0 0 0 1.34971 0.429237 0.0901505 0.0280075 0.248471
0 0 1 1.26245 0.428317 0.143931 0.0203768 0.0956879
0 0 1 1.27601 0.365857 0.0908492 0.0155798 0.0427701
0 0 0 1.21804 0.416865 0.154687 0.0254069 0.185483
0 0 1 1.18885 0.443737 0.125566 0.0141726 0.0321957
0 0 1 1.47684 0.401201 0.0789283 0.027762 0.241994
0 0 0 1.16344 0.357067 0.126457 0.0205267 0.0978164
0 0 0 1.16226 0.317615 0.114092 0.0208427 0.102403
0 0 0 1.1463 0.260084 0.110942 0.0147593 0.036362
0 0 1 1.14883 0.281626 0.139424 0.0194656 0.0834169
0 0 1 1.17554 0.279068 0.110333 0.0201101 0.0919799
0 0 0 1.43788 0.311817 0.069131 0.022804 0.134117
0 0 0 1.40975 0.279064 0.0519846 0.0129569 0.0246012
0 0 0 1.41401 0.297621 0.0949353 0.0151131 0.0390401
0 0 1 1.40714 0.334397 0.120241 0.0278478 0.244246
0 0 0 1.29239 0.278932 0.100495 0.0195982 0.0851334
0 0 0 1.2786 0.264263 0.129762 0.0159378 0.0457864
0 0 1 1.13557 0.466204 0.0198586 0.0199006 0.0891353
0 0 0 1.21396 0.290391 0.122936 0.0218926 0.11867
0 0 1 1.38288 0.258601 0.0674402 0.0241904 0.160095
0 0 1 1.19077 0.473955 0.0328013 0.0141744 0.0322084
0 0 1 1.17023 0.481776 0.113774 0.0297903 0.299004
0 0 1 1.18718 0.392253 0.0128604 0.0128608 0.0240576
0 0 0 1.20987 0.483462 0.0739953 0.0263933 0.207938
0 0 1 1.39772 0.421233 0.0622402 0.02172 0.115886
0 0 1 1.39803 0.385703 0.0518773 0.0152964 0.0404779
0 0 0 1.30033 0.411786 0.108037 0.0273581 0.231585
0 0 0 1.23003 0.455422 0.117718 0.0293514 0.285981
0 0 1 1.17551 0.410822 0.130858 0.0217376 0.116168
0 0 0 1.38958 0.390771 0.107119 0.0293893 0.28709
0 0 0 1.34617 0.351075 0.109388 0.0294826 0.289835
0 0 0 1.30765 0.335137 0.127529 0.0159801 0.0461522
0 0 1 1.25867 0.381364 0.130048 0.0287334 0.268295
0 0 1 1.19966 0.361122 0.0998069 0.024628 0.168944
0 0 0 1.20675 0.252642 0.114171 0.0135477 0.0281223
0 0 1 1.16495 0.288316 0.0731845 0.0196246 0.085478
0 0 0 1.4857 0.250057 0.151133 0.0189489 0.0769497
0 0 0 1.38335 0.497061 0.157933 0.0226137 0.130787
0 0 0 1.32056 0.467854 0.1204 0.0252516 0.182103
0 0 1 1.29349 0.461299 0.0276925 0.0135134 0.0279093
0 0 1 1.23758 0.461324 0.172573 0.026367 0.207317
0 0 1 1.44858 0.427253 0.0411512 0.0261366 0.201928
0 0 1 1.45945 0.364284 0.0182526 0.0182622 0.0688833
0 0 1 1.36103 0.432432 0.0290272 0.0290335 0.276791
0 0 0 1.32782 0.385923 0.0749022 0.0228802 0.135466
0 0 0 1.30319 0.348133 0.082759 0.0178701 0.0645406
0 0 1 1.18708 0.43477 0.0840775 0.0283187 0.256847
0 0 1 1.37893 0.350576 0.0660394 0.0248574 0.173709
0 0 0 1.28674 0.318904 0.102003 0.0208026 0.101814
0 0 1 1.23961 0.327875 0.0971999 0.0274357 0.233562
0 0 0 1.21779 0.403331 0.109017 0.0222512 0.124598
0 0 0 1.15112 0.389989 0.0908538 0.0295148 0.290786
0 0 1 1.13932 0.30898 0.184547 0.0172324 0.057875
0 0 1 1.45522 0.278019 0.173103 0.0278901 0.24536
0 0 0 1.3721 0.304169 0.0896214 0.0276551 0.23921
0 0 1 1.23148 0.284156 0.0563042 0.0152779 0.0403318
0 0 1 1.25618 0.295819 0.141257 0.0244481 0.165268
0 0 0 1.19775 0.306424 0.0872978 0.0204145 0.0962211
0 0 1 1.20167 0.261673 0.0762432 0.0257713 0.193581
0 0 1 1.14492 0.26373 0.0156425 0.0156483 0.0433365
0 0 1 1.30233 0.488752 0.174756 0.0168422 0.0540318
0 0 1 1.36781 0.250478 0.159865 0.0296943 0.296122
0 0 0 1.30656 0.426882 0.0562934 0.0268907 0.219917
0 0 1 1.27404 0.429756 0.0795261 0.0131818 0.0259047
0 0 0 1.24016 0.375828 0.0770696 0.0241065 0.158436
0 0 1 1.15022 0.426674 0.0346493 0.0247869 0.172235
0 0 0 1.27804 0.473471 0.147303 0.0228681 0.135252
0 0 1 1.44948 0.333854 0.0140372 0.0140388 0.0312928
0 0 1 1.42203 0.350452 0.0778744 0.0198676 0.0886934
0 0 0 1.34611 0.36493 0.0502363 0.0143259 0.0332518
0 0 0 1.26776 0.34303 0.0618412 0.0194895 0.0837253
0 0 1 1.21441 0.34262 0.0564801 0.022692 0.132152
0 0 1 1.16337 0.337098 0.0676907 0.0295123 0.290711
0 0 1 1.47898 0.442382 0.0962685 0.0169834 0.0554019
0 0 0 1.40501 0.272568 0.0200099 0.0200268 0.0908427
0 0 1 1.40816 0.315148 0.0135714 0.0135722 0.0282751
0 0 1 1.3975 0.311615 0.0474621 0.0221319 0.122604
0 0 1 1.30187 0.300605 0.0738472 0.0160435 0.0467034
0 0 0 1.24797 0.275708 0.093298 0.0255544 0.188734
0 0 1 1.19586 0.299768 0.0408116 0.026586 0.212525
0 0 0 1.13746 0.479645 0.190568 0.0265931 0.212697
0 0 0 1.49957 0.400176 0.175549 0.0258539 0.195448
0 0 0 1.39563 0.487782 0.122489 0.0160414 0.0466856
0 0 0 1.27878 0.454186 0.108784 0.0202256 0.093575
0 0 1 1.2598 0.423291 0.0278965 0.0279554 0.247086
0 0 0 1.23734 0.426026 0.0742396 0.02367 0.149985
0 0 0 1.40906 0.406741 0.0222358 0.0222375 0.124369
0 0 1 1.40148 0.445914 0.0154549 0.0154553 0.0417525
0 0 1 1.371 0.380661 0.0239182 0.0239379 0.155135
0 0 1 1.30038 0.419271 0.0148643 0.0148743 0.0372191
0 0 0 1.28223 0.3829 0.0565092 0.0232591 0.142308
0 0 0 1.19413 0.386408 0.0566267 0.025596 0.189658
0 0 1 1.36874 0.334454 0.0223547 0.0223575 0.126393
0 0 0 1.32613 0.324303 0.0133624 0.0133628 0.0269861
0 0 1 1.33318 0.325781 0.0571063 0.027484 0.234798
0 0 1 1.26863 0.304702 0.0684177 0.0178821 0.0646705
0 0 1 1.2587 0.275364 0.044311 0.0157441 0.0441371
0 0 1 1.16957 0.331049 0.0194707 0.0195246 0.0841785
0 0 1 1.15408 0.377016 0.0258022 0.0258112 0.19448
0 0 1 1.46471 0.351953 0.0616976 0.025831 0.194929
0 0 0 1.35877 0.284878 0.0285519 0.0285953 0.264447
0 0 0 1.33105 0.265759 0.0748397 0.028668 0.266466
0 0 0 1.28167 0.258389 0.0667281 0.0205722 0.0984672
0 0 1 1.16745 0.284494 0.0148266 0.0148521 0.0370524
0 0 1 1.49294 0.294977 0.136535 0.0252399 0.181852
0 0 0 1.44642 0.405494 0.118958 0.0163662 0.0495784
0 0 1 1.20351 0.43273 0.0290901 0.0291357 0.279725
0 0 1 1.46558 0.397955 0.0160325 0.016035 0.0466289
0 0 1 1.31822 0.445989 0.0173589 0.0173639 0.05921
0 0 0 1.32124 0.385805 0.0261333 0.0261522 0.202291
0 0 0 1.27946 0.384795 0.0166887 0.0167115 0.0527832
0 0 1 1.23909 0.372904 0.0265316 0.0265387 0.211394
0 0 1 1.41542 0.354125 0.0279613 0.0279716 0.247517
0 0 0 1.31126 0.360367 0.0549951 0.0135272 0.0279949
0 0 1 1.29389 0.342131 0.0253645 0.0253854 0.185013
0 0 0 1.24734 0.31513 0.028519 0.0285303 0.262647
0 0 0 1.19554 0.360079 0.0194321 0.0194383 0.0830669
0 0 1 1.44114 0.297878 0.0242777 0.0242887 0.162055
0 0 0 1.33691 0.35084 0.0139548 0.0139551 0.0307365
0 0 0 1.30032 0.28739 0.0298742 0.0299229 0.303014
0 0 1 1.22843 0.268331 0.0223168 0.0223368 0.126042
0 0 1 1.47579 0.282874 0.0146742 0.0146748 0.035741
0 0 0 1.13805 0.487341 0.142138 0.0134707 0.0276456
0 0 1 1.30134 0.255852 0.185113 0.0194073 0.0826695
0 0 0 1.43363 0.457116 0.178197 0.0157528 0.0442105
0 0 1 1.13304 0.317912 0.147902 0.0210062 0.104833
0 0 1 1.34199 0.37879 0.19481 0.0283179 0.256823
0 0 1 1.20162 0.498677 0.19178 0.0289381 0.274071
0 0 0 1.1292 0.345776 0.0154427 0.015447 0.0416855
0 0 1 1.18999 0.282751 0.191654 0.0184376 0.0708863
0 0 1 1.4286 0.413915 0.191626 0.0279699 0.24747
0 0 1 1.28701 0.44579 0.190964 0.0286214 0.26517
0 0 1 1.33792 0.433141 0.193661 0.0226423 0.131285
0 0 1 1.45831 0.366255 0.190358 0.0282147 0.254026
0 0 0 1.22332 0.405763 0.194953 0.0167042 0.0527142
0 0 1 1.40401 0.271863 0.192393 0.023481 0.146421
0 0 1 1.29828 0.293927 0.196205 0.0203698 0.0955907
0 0 1 1.16589 0.325457 0.197596 0.0166461 0.0521664
0 0 0 1.36746 0.295163 0.193968 0.0199169 0.0893546
0 0 0 1.12554 0.450158 0.130474 0.0274568 0.234099
0 0 1 1.49304 0.281401 0.256971 0.0268028 0.217766
0 0 1 1.21383 0.256509 0.368668 0.029 0.275832
0 0 0 1.30784 0.346634 0.364897 0.0187945 0.0750833
0 0 0 1.30971 0.450101 0.370886 0.0253635 0.184535
0 0 1 1.32873 0.312526 0.371378 0.0217278 0.116011
0 0 0 1.2388 0.489289 0.317731 0.0185954 0.072722
0 0 1 1.46132 0.36625 0.392688 0.0218944 0.1187
0 0 1 1.18532 0.391615 0.376714 0.0264801 0.209997
0 0 0 1.15353 0.29916 0.217936 0.0188256 0.0754571
0 0 0 1.25831 0.454919 0.371857 0.0231106 0.1396
0 0 1 1.3617 0.281842 0.384645 0.0193314 0.0817034
0 0 1 1.42135 0.44651 0.258299 0.0163162 0.0491254
0 0 0 1.22728 0.490731 0.396873 0.0289384 0.27408
0 0 0 1.13875 0.463345 0.324221 0.0294042 0.287527
0 0 1 1.31702 0.473493 0.277564 0.0264777 0.209938
0 0 0 1.35427 0.486264 0.299533 0.018623 0.0730473
0 0 0 1.45115 0.452887 0.306822 0.0142724 0.032881
0 0 1 1.38711 0.303711 0.354019 0.0260758 0.200524
0 0 1 1.46141 0.481356 0.334691 0.0267413 0.216273
0 0 0 1.46641 0.480683 0.203307 0.0241342 0.158982
0 0 0 1.13535 0.321647 0.251309 0.0149165 0.0375363
0 0 0 1.31899 0.487369 0.315971 0.0144084 0.0338298
0 0 0 1.48278 0.440183 0.362076 0.0271352 0.22597
0 0 1 1.30898 0.374648 0.382996 0.0145793 0.0350478
0 0 0 1.18975 0.447046 0.268841 0.0126977 0.0231538
0 0 1 1.42208 0.497934 0.396173 0.0194092 0.0826949
0 0 1 1.25231 0.461967 0.289447 0.0229863 0.13736
0 0 1 1.39399 0.373858 0.373127 0.0158046 0.0446481
0 0 0 1.48916 0.36004 0.235821 0.0265498 0.211659
0 0 0 1.13843 0.48686 0.24055 0.0239336 0.155052
0 0 1 1.3413 0.366551 0.349723 0.0229924 0.137469
0 0 1 1.29052 0.410277 0.390933 0.0231758 0.140785
0 0 0 1.27958 0.496636 0.25735 0.0219733 0.119989
0 0 0 1.43413 0.477654 0.365796 0.0147987 0.0366539
0 0 0 1.14022 0.32907 0.369416 0.0276629 0.239412
0 0 1 1.14375 0.412054 0.251001 0.0189401 0.0768423
0 0 0 1.14924 0.405447 0.349255 0.0208806 0.102963
0 0 0 1.42981 0.376692 0.367529 0.0197563 0.0872108
0 0 1 1.40488 0.40433 0.365034 0.0175534 0.0611693
0 0 1 1.22063 0.312399 0.363771 0.0275203 0.235727
0 0 0 1.46393 0.363744 0.350388 0.0205639 0.0983483
0 0 0 1.25604 0.280623 0.361777 0.020101 0.0918555
0 0 0 1.17692 0.305141 0.361665 0.016843 0.0540392
0 0 1 1.26435 0.37955 0.356524 0.0298665 0.301305
0 0 0 1.37467 0.391046 0.353354 0.0167479 0.0531296
0 0 0 1.31016 0.391781 0.355832 0.0175622 0.0612613
0 0 1 1.39161 0.268639 0.324623 0.0199176 0.0893642
0 0 0 1.43614 0.281508 0.338532 0.0284859 0.261421
0 0 0 1.20722 0.403586 0.332069 0.0246705 0.169819
0 0 0 1.25768 0.335937 0.331319 0.0206166 0.099107
0 0 1 1.18725 0.480694 0.327554 0.0222301 0.124245
0 0 1 1.43926 0.4153 0.337997 0.0275404 0.236246
0 0 0 1.34678 0.4707 0.341148 0.0264393 0.209028
0 0 0 1.26532 0.464333 0.329818 0.0194966 0.0838169
0 0 0 1.29586 0.402556 0.323555 0.0193546 0.0819985
0 0 1 1.4746 0.318799 0.335359 0.0251754 0.18046
0 0 1 1.34563 0.321922 0.327036 0.026649 0.214039
0 0 0 1.17651 0.45655 0.300042 0.0144552 0.0341608
0 0 0 1.38382 0.319145 0.316889 0.0129622 0.0246313
0 0 1 1.41156 0.461896 0.334609 0.0267876 0.217397
0 0 0 1.1495 0.295091 0.315905 0.0272387 0.228565
0 0 1 1.21675 0.359807 0.349446 0.0221618 0.123102
0 0 0 1.16845 0.362461 0.332502 0.0291008 0.27872
0 0 1 1.22361 0.452658 0.333138 0.023951 0.155391
0 0 1 1.17992 0.44029 0.350822 0.0247745 0.171975
0 0 1 1.20413 0.473171 0.359725 0.0148714 0.0371972
0 0 0 1.31594 0.478895 0.224617 0.0267652 0.216853
0 0 1 1.43214 0.367277 0.317965 0.0249809 0.176309
0 0 0 1.43036 0.332331 0.356911 0.0258679 0.195765
0 0 1 1.37703 0.435266 0.36113 0.0242611 0.161505
0 0 1 1.44217 0.449648 0.362173 0.0145641 0.0349384
0 0 0 1.18384 0.318799 0.331242 0.0172174 0.0577234
0 0 0 1.34169 0.457398 0.304157 0.0132073 0.026055
0 0 0 1.46575 0.421192 0.292345 0.0235076 0.146919
0 0 0 1.43268 0.324801 0.30816 0.0186175 0.0729817
0 0 1 1.44413 0.29426 0.296728 0.0159457 0.0458549
0 0 0 1.4373 0.399262 0.298326 0.0129059 0.024312
0 0 1 1.41745 0.319677 0.265416 0.0146188 0.0353338
0 0 1 1.41118 0.47595 0.227543 0.0235958 0.148579
0 0 0 1.47223 0.387327 0.318635 0.0198538 0.0885078
0 0 1 1.28261 0.442459 0.288371 0.0128648 0.0240804
0 0 1 1.30442 0.445885 0.319172 0.025031 0.177372
0 0 1 1.45587 0.375614 0.273908 0.0257555 0.193225
0 0 0 1.35344 0.371037 0.304693 0.023861 0.153645
0 0 1 1.41495 0.397242 0.273534 0.0205372 0.0979668
0 0 1 1.48106 0.274981 0.212725 0.0195089 0.083975
0 0 1 1.44288 0.291498 0.256527 0.0243722 0.163732
0 0 0 1.39157 0.366659 0.284509 0.0194995 0.0838541
0 0 1 1.3792 0.489675 0.238553 0.0129074 0.0243203
0 0 0 1.4031 0.297701 0.293755 0.0240087 0.156515
0 0 1 1.44664 0.445352 0.227892 0.0232548 0.142229
0 0 0 1.39264 0.400562 0.315351 0.0263523 0.206969
0 0 1 1.3732 0.444181 0.311053 0.0215974 0.113934
0 0 0 1.42338 0.347467 0.281049 0.0178232 0.0640342
0 0 0 1.25333 0.4142 0.314586 0.0256476 0.190806
0 0 1 1.21245 0.430695 0.292249 0.0237868 0.152216
0 0 0 1.44134 0.3372 0.234116 0.0264759 0.209897
0 0 0 1.42674 0.297245 0.216201 0.0180807 0.0668499
0 0 0 1.35554 0.275601 0.293205 0.0284413 0.260197
0 0 0 1.25367 0.251038 0.332072 0.0213626 0.110259
0 0 0 1.24411 0.294333 0.321295 0.0242759 0.1618
0 0 1 1.24884 0.484838 0.220048 0.0278153 0.243391
0 0 0 1.41925 0.256329 0.296019 0.0204603 0.0968695
0 0 0 1.48073 0.46936 0.292848 0.0179714 0.065644
0 0 0 1.47777 0.279136 0.36122 0.0189891 0.0774403
0 0 1 1.24812 0.420978 0.270825 0.0189472 0.0769285
0 0 0 1.25367 0.37902 0.247657 0.0134232 0.0273542
0 0 0 1.23572 0.376486 0.320351 0.0163744 0.0496537
0 0 1 1.16463 0.416447 0.304595 0.0276159 0.238193
0 0 1 1.41456 0.434528 0.364393 0.0134125 0.0272883
0 0 0 1.32079 0.392289 0.301939 0.0152084 0.0397837
0 0 0 1.18179 0.313479 0.292951 0.0164385 0.0502385
0 0 1 1.47637 0.315313 0.238259 0.0150391 0.0384696
0 0 0 1.44388 0.382005 0.231843 0.0184595 0.0711397
0 0 1 1.40512 0.356444 0.251144 0.0179385 0.065285
0 0 1 1.15808 0.340461 0.275748 0.0233949 0.144817
0 0 1 1.31239 0.310659 0.283936 0.0279445 0.246797
0 0 0 1.39898 0.336761 0.300758 0.0153266 0.040718
0 0 1 1.25465 0.317721 0.286345 0.0190861 0.0786329
0 0 1 1.29454 0.299933 0.336564 0.0286639 0.266355
0 0 0 1.25281 0.41973 0.387633 0.0158434 0.0449777
0 0 0 1.13287 0.499301 0.391877 0.015983 0.046177
0 0 1 1.31507 0.265181 0.267571 0.0204649 0.0969352
0 0 0 1.46943 0.325517 0.282688 0.0261058 0.201216
0 0 0 1.4802 0.2767 0.307541 0.0256003 0.189753
0 0 0 1.3564 0.470685 0.268528 0.0140197 0.031165
0 0 1 1.31057 0.420679 0.346654 0.0127696 0.0235499
0 0 0 1.3249 0.447118 0.248169 0.0137928 0.0296763
0 0 0 1.25742 0.363757 0.284961 0.0270616 0.224137
0 0 1 1.40539 0.432928 0.22885 0.0198424 0.0883557
0 0 1 1.47339 0.408285 0.216921 0.0237819 0.152122
0 0 1 1.4119 0.397178 0.235936 0.0171857 0.0574052
0 0 1 1.19627 0.330479 0.266953 0.0170634 0.0561889
0 0 0 1.19378 0.377035 0.288014 0.0241391 0.15908
0 0 1 1.3641 0.329327 0.276673 0.02751 0.235465
0 0 1 1.38813 0.429231 0.266552 0.0217966 0.117117
0 0 0 1.31758 0.358923 0.221485 0.0129418 0.0245154
0 0 0 1.30164 0.354843 0.318216 0.0290072 0.27604
0 0 0 1.2708 0.274692 0.282067 0.0270792 0.224575
0 0 1 1.36313 0.453529 0.231591 0.0272613 0.229135
0 0 1 1.26682 0.260156 0.238568 0.0189634 0.0771261
0 0 0 1.38694 0.353193 0.337283 0.0261667 0.202628
0 0 1 1.19956 0.476666 0.243624 0.0274251 0.233291
0 0 1 1.4217 0.434209 0.295111 0.0225101 0.128998
0 0 1 1.47586 0.440955 0.256999 0.0182324 0.0685464
0 0 1 1.45005 0.411871 0.250568 0.0173263 0.0588256
0 0 1 1.34022 0.424064 0.279706 0.0281683 0.252776
0 0 0 1.31081 0.328005 0.230288 0.018045 0.0664546
0 0 0 1.28944 0.405494 0.278845 0.0259138 0.19681
0 0 1 1.40204 0.364053 0.204152 0.0297696 0.298382
0 0 0 1.32009 0.362982 0.264271 0.0284885 0.261494
0 0 1 1.23319 0.333436 0.25536 0.0217523 0.116404
0 0 0 1.21682 0.335308 0.306719 0.0270757 0.224486
0 0 1 1.2224 0.369453 0.260999 0.0157681 0.0443396
0 0 1 1.3945 0.266226 0.250702 0.0299883 0.305006
0 0 1 1.27721 0.330647 0.25405 0.0223824 0.126815
0 0 1 1.27914 0.425777 0.349377 0.0191957 0.0799949
0 0 1 1.15922 0.385363 0.266988 0.0158126 0.0447162
0 0 1 1.44077 0.255862 0.221153 0.0258984 0.196458
0 0 0 1.49295 0.40319 0.389244 0.0198756 0.0887996
0 0 0 1.17446 0.261623 0.289816 0.0219936 0.12032
0 0 0 1.47662 0.445052 0.320621 0.0150604 0.0386334
0 0 0 1.34309 0.402827 0.388296 0.0299898 0.305051
0 0 1 1.38365 0.481266 0.364435 0.0184284 0.0707806
0 0 0 1.19794 0.280744 0.32436 0.0239504 0.155379
0 0 1 1.21088 0.435813 0.237436 0.0154241 0.0415002
0 0 0 1.23424 0.450684 0.255104 0.0174302 0.0598902
0 0 0 1.28732 0.257684 0.357297 0.0189508 0.0769723
0 0 1 1.36769 0.388295 0.244924 0.0288005 0.27018
0 0 1 1.37861 0.414025 0.201352 0.02297 0.137068
0 0 1 1.15664 0.394863 0.22474 0.0150068 0.0382226
0 0 1 1.24026 0.421239 0.355929 0.0182875 0.06917
0 0 1 1.43686 0.48102 0.300129 0.0156664 0.0434868
0 0 0 1.17816 0.471345 0.384348 0.020958 0.104112
0 0 1 1.35124 0.341921 0.229116 0.0228858 0.135565
0 0 1 1.23556 0.322984 0.22167 0.0135416 0.0280845
0 0 0 1.19238 0.313408 0.226033 0.0233403 0.143805
0 0 0 1.46695 0.311983 0.204708 0.0199685 0.0900509
0 0 1 1.44949 0.461126 0.274379 0.0192415 0.0805695
0 0 1 1.15036 0.439507 0.386072 0.0212296 0.108213
0 0 0 1.39308 0.31877 0.233964 0.0251825 0.180612
0 0 1 1.34323 0.29401 0.242387 0.0259634 0.197943
0 0 1 1.21605 0.288488 0.274217 0.0299264 0.303122
0 0 0 1.39692 0.476955 0.280956 0.0288296 0.271
0 0 1 1.25915 0.499113 0.355343 0.0240862 0.158037
0 0 1 1.35745 0.25639 0.212419 0.0241954 0.160196
0 0 1 1.29453 0.291518 0.239242 0.0228991 0.135803
0 0 1 1.25241 0.298701 0.241712 0.0199023 0.0891583
0 0 1 1.17737 0.275243 0.221885 0.0151722 0.0395004
0 0 1 1.46941 0.35266 0.313892 0.0152566 0.040163
0 0 1 1.27851 0.448081 0.248728 0.0273849 0.232265
0 0 1 1.19879 0.412306 0.217834 0.0174878 0.0604867
0 0 1 1.15377 0.452441 0.269678 0.0237031 0.150615
0 0 0 1.28076 0.400967 0.202898 0.0181951 0.0681269
0 0 0 1.16544 0.268755 0.35508 0.0218839 0.11853
0 0 0 1.26538 0.406269 0.233946 0.0168557 0.0541622
0 0 1 1.22728 0.401325 0.242174 0.021572 0.113533
0 0 1 1.24938 0.397911 0.209011 0.0139298 0.0305696
0 0 0 1.18601 0.412746 0.257049 0.0237679 0.151853
0 0 1 1.23558 0.361906 0.217631 0.0255896 0.189514
0 0 0 1.31919 0.272947 0.38772 0.0221438 0.122803
0 0 0 1.22831 0.394149 0.279111 0.0154252 0.0415093
0 0 1 1.49265 0.40359 0.259041 0.022791 0.133889
0 0 0 1.28657 0.266951 0.21143 0.012747 0.0234251
0 0 1 1.2211 0.275055 0.222412 0.0238302 0.153051
0 0 1 1.16367 0.295586 0.259928 0.0245251 0.166834
0 0 1 1.16859 0.485512 0.216755 0.0145244 0.0346534
0 0 1 1.22822 0.398242 0.379914 0.0170569 0.0561244
0 0 0 1.4601 0.493138 0.279181 0.0130467 0.0251162
0 0 0 1.21509 0.439512 0.385819 0.024859 0.173741
0 0 1 1.20667 0.452837 0.204529 0.0189136 0.0765204
0 0 1 1.24282 0.433994 0.215577 0.0233323 0.143656
0 0 1 1.31481 0.410379 0.23201 0.0275919 0.237572
0 0 0 1.28303 0.368057 0.228274 0.0234302 0.145473
0 0 0 1.33263 0.314162 0.203021 0.0195201 0.0841201
0 0 0 1.15922 0.356836 0.201636 0.0156895 0.0436794
0 0 0 1.15447 0.332659 0.226825 0.0155521 0.0425422
0 0 1 1.26991 0.323726 0.21012 0.0227057 0.13239
0 0 0 1.40343 0.258234 0.379164 0.0283919 0.258843
0 0 1 1.28183 0.289102 0.389359 0.0186023 0.0728032
0 0 0 1.34463 0.411494 0.331727 0.0255407 0.188431
0 0 0 1.48351 0.481908 0.253319 0.0235971 0.148604
0 0 0 1.49952 0.274633 0.397748 0.0195963 0.0851094
0 0 1 1.16361 0.441421 0.219894 0.0282321 0.254496
0 0 0 1.151 0.369674 0.372571 0.0144675 0.0342481
0 0 1 1.18491 0.363811 0.237452 0.0288816 0.272469
0 0 1 1.32171 0.27514 0.212971 0.0140248 0.0311994
0 0 1 1.49817 0.354422 0.336485 0.0175576 0.0612131
0 0 1 1.20447 0.473245 0.290221 0.0195601 0.0846378
0 0 0 1.477 0.402975 0.347433 0.0132673 0.0264117
0 0 0 1.34098 0.275447 0.346965 0.0241428 0.159153
0 0 1 1.44356 0.486349 0.249321 0.0168058 0.0536821
0 0 1 1.43022 0.296339 0.382515 0.0183131 0.0694603
0 0 0 1.18624 0.34431 0.375489 0.0208441 0.102424
0 0 0 1.36617 0.341513 0.386477 0.0279741 0.247584
0 0 0 1.26946 0.328106 0.374591 0.02491 0.174812
0 0 0 1.15527 0.289782 0.387647 0.0181926 0.0680988
0 0 1 1.3486 0.25156 0.253694 0.0182978 0.0692869
0 0 1 1.18073 0.426229 0.395823 0.0133262 0.0267651
0 0 0 1.23261 0.354994 0.39272 0.0241803 0.159896
0 0 0 1.35305 0.465542 0.392348 0.0254051 0.185445
0 0 0 1.40603 0.458208 0.391609 0.0236591 0.149778
0 0 0 1.49063 0.494193 0.38395 0.0232534 0.142204
0 0 1 1.47159 0.318175 0.387936 0.0274969 0.235127
0 0 0 1.44605 0.413449 0.392797 0.0277156 0.240782
0 0 0 1.30213 0.31869 0.398998 0.0169446 0.0550231
0 0 1 1.43383 0.497698 0.276025 0.0138059 0.0297612
0 0 1 1.45675 0.266569 0.396502 0.0239547 0.155462
0 0 0 1.13005 0.411219 0.217822 0.0169757 0.0553269
0 0 1 1.13147 0.26225 0.285087 0.0212774 0.108946
0 0 0 1.45405 0.465695 0.399026 0.0255077 0.1877
0 0 1 1.12962 0.376092 0.295438 0.0262925 0.205565
0 0 0 1.12973 0.470951 0.371335 0.0191677 0.0796451
0 0 1 1.1316 0.339667 0.320759 0.0157937 0.0445561
0 0 0 1.12743 0.365562 0.238723 0.0286682 0.266472
0 0 0 1.12689 0.390133 0.392491 0.022905 0.135907
0 0 0 1.14031 0.499373 0.285939 0.0231974 0.14118
0 0 0 1.27945 0.36447 0.406832 0.0247099 0.170635
0 0 0 1.1498 0.250439 0.434757 0.0244293 0.164886
0 0 0 1.38639 0.324087 0.443013 0.0248836 0.174259
0 0 1 1.30405 0.436285 0.481071 0.0247412 0.171284
0 0 1 1.22997 0.301086 0.457078 0.0217454 0.116293
0 0 0 1.1811 0.286488 0.435667 0.0233203 0.143435
0 0 0 1.1488 0.371861 0.495126 0.0284115 0.25938
0 0 1 1.40917 0.284682 0.449465 0.0210919 0.10612
0 0 0 1.45853 0.345322 0.4383 0.0236958 0.150476
0 0 0 1.17993 0.492801 0.435916 0.018108 0.0671526
0 0 1 1.28565 0.489288 0.400995 0.0296058 0.293484
0 0 0 1.26424 0.313319 0.424179 0.0271022 0.225148
0 0 1 1.42342 0.446863 0.482136 0.0272221 0.228149
0 0 1 1.43562 0.307606 0.422188 0.0232855 0.142793
0 0 0 1.30509 0.339195 0.441234 0.0241758 0.159806
0 0 0 1.18377 0.311907 0.400294 0.0200408 0.0910325
0 0 0 1.29285 0.274533 0.422707 0.0194238 0.0828813
0 0 0 1.48454 0.296553 0.439271 0.0296931 0.296086
0 0 0 1.2208 0.290347 0.410287 0.0239612 0.155589
0 0 0 1.47928 0.353267 0.481139 0.0245599 0.167545
0 0 0 1.4159 0.353585 0.409779 0.0282622 0.255313
0 0 1 1.45326 0.466494 0.447918 0.0222385 0.124384
0 0 1 1.28173 0.41039 0.447591 0.0231082 0.139556
0 0 1 1.27781 0.465405 0.445698 0.0171108 0.0566585
0 0 1 1.26958 0.365103 0.451394 0.0209392 0.103832
0 0 0 1.25532 0.389848 0.492497 0.0291143 0.279107
0 0 0 1.41136 0.361867 0.461039 0.0238625 0.153673
0 0 0 1.30371 0.488078 0.444307 0.0173347 0.0589119
0 0 1 1.48539 0.382149 0.417519 0.0161722 0.0478368
0 0 0 1.20213 0.378508 0.495314 0.0253407 0.184038
0 0 1 1.49592 0.3393 0.422828 0.0172086 0.0576351
0 0 0 1.19983 0.418391 0.423502 0.0209597 0.104137
0 0 0 1.20749 0.382514 0.442899 0.016285 0.0488445
0 0 1 1.27053 0.323216 0.479647 0.0295941 0.293134
0 0 1 1.22355 0.34471 0.471776 0.0210826 0.10598
0 0 1 1.31009 0.287463 0.462998 0.0262684 0.205
0 0 0 1.35711 0.281228 0.462614 0.0211709 0.107318
0 0 0 1.39092 0.489017 0.465023 0.0286921 0.26714
0 0 0 1.31634 0.384248 0.430659 0.0234512 0.145864
0 0 0 1.25358 0.47552 0.428027 0.0145412 0.034774
0 0 1 1.3451 0.327406 0.476905 0.028639 0.265659
0 0 0 1.31675 0.445362 0.428772 0.0298409 0.300531
0 0 1 1.2642 0.272762 0.453688 0.0228161 0.134332
0 0 0 1.33967 0.305363 0.420653 0.0283999 0.25906
0 0 0 1.30777 0.36933 0.483623 0.0279036 0.245716
0 0 0 1.27009 0.442369 0.411419 0.0200367 0.0909768
0 0 0 1.18049 0.456284 0.479603 0.0255256 0.188097
0 0 0 1.42609 0.438457 0.428077 0.0199125 0.0892959
0 0 0 1.33055 0.254888 0.427972 0.0234144 0.145177
0 0 1 1.41414 0.389861 0.432295 0.0144698 0.0342643
0 0 1 1.1485 0.309933 0.419579 0.0199461 0.0897488
0 0 1 1.3617 0.450051 0.46399 0.0200254 0.0908235
0 0 0 1.47562 0.377726 0.445294 0.0136004 0.0284515
0 0 0 1.20079 0.32913 0.436612 0.0236099 0.148846
0 0 0 1.49561 0.470329 0.427421 0.0249734 0.176151
0 0 0 1.45742 0.271218 0.485842 0.0298549 0.300953
0 0 1 1.24192 0.396321 0.421341 0.0266177 0.213287
0 0 1 1.38727 0.451371 0.431734 0.0211607 0.107163
0 0 0 1.22152 0.483935 0.456434 0.0291116 0.279029
0 0 1 1.44095 0.31466 0.465458 0.0208794 0.102946
0 0 0 1.22173 0.426378 0.465725 0.0272742 0.22946
0 0 1 1.39466 0.412398 0.405897 0.0253357 0.18393
0 0 1 1.42302 0.262676 0.42066 0.0177141 0.0628654
0 0 0 1.35506 0.472711 0.434701 0.0175978 0.0616352
0 0 0 1.1606 0.357958 0.416809 0.0296687 0.295356
0 0 1 1.23654 0.351237 0.435007 0.0184583 0.0711254
0 0 0 1.17518 0.40259 0.459794 0.0253375 0.183968
0 0 0 1.35968 0.42211 0.431448 0.0190595 0.0783049
0 0 1 1.37608 0.26772 0.423823 0.0240752 0.15782
0 0 0 1.41851 0.476689 0.428047 0.0190644 0.0783648
0 0 1 1.28578 0.485798 0.489595 0.0287167 0.267829
0 0 0 1.1957 0.461093 0.420635 0.020462 0.0968934
0 0 1 1.44628 0.384338 0.428505 0.0183576 0.0699682
0 0 0 1.20296 0.374746 0.411701 0.0161836 0.0479381
0 0 1 1.23336 0.447946 0.425609 0.0197368 0.0869532
0 0 1 1.39492 0.413758 0.455459 0.0239639 0.155641
0 0 1 1.1918 0.289282 0.485576 0.02733 0.230871
0 0 1 1.49052 0.456855 0.467383 0.0172361 0.0579126
0 0 0 1.21703 0.252946 0.451705 0.0283864 0.258691
0 0 0 1.4458 0.39517 0.483679 0.0291311 0.279591
0 0 1 1.38356 0.496346 0.414222 0.023162 0.140534
0 0 0 1.34538 0.407111 0.472169 0.0266321 0.213634
0 0 0 1.2582 0.440243 0.448504 0.0149141 0.0375184
0 0 0 1.47678 0.420761 0.440723 0.0296925 0.296068
0 0 1 1.36776 0.373838 0.433475 0.0290912 0.278445
0 0 1 1.16656 0.441526 0.439518 0.0194053 0.082645
0 0 1 1.39522 0.303509 0.401604 0.022199 0.123724
0 0 0 1.25624 0.256864 0.404253 0.025172 0.180387
0 0 0 1.15948 0.408716 0.416503 0.0211167 0.106496
0 0 1 1.32187 0.349331 0.402056 0.0196358 0.0856245
0 0 0 1.14368 0.477007 0.452351 0.0247215 0.170875
0 0 1 1.47798 0.497989 0.475877 0.026598 0.212814
0 0 0 1.15795 0.326444 0.464189 0.0273003 0.230119
0 0 0 1.14307 0.281835 0.490625 0.0222238 0.124139
0 0 1 1.13217 0.288835 0.449944 0.020471 0.097022
0 0 1 1.14683 0.472278 0.409041 0.0189454 0.0769066
0 0 0 1.17668 0.260689 0.400642 0.0201958 0.0931611
0 0 1 1.1348 0.430507 0.477836 0.0269654 0.221755
0 0 0 1.12939 0.391089 0.445323 0.0240441 0.157209
0 0 0 1.1268 0.279341 0.409155 0.0189875 0.0774201
0 0 1 1.16245 0.550604 0.0281661 0.0281894 0.253345
0 0 0 1.2165 0.533584 0.0284626 0.0284978 0.261751
0 0 0 1.31704 0.519627 0.0185573 0.0185758 0.0724929
0 0 0 1.36093 0.530703 0.0275711 0.0275849 0.237392
0 0 1 1.40728 0.528726 0.0195004 0.0195014 0.0838786
0 0 0 1.45419 0.514182 0.029953 0.029999 0.305332
0 0 0 1.16011 0.603524 0.0244286 0.024437 0.165042
0 0 0 1.20404 0.583991 0.0236441 0.0236562 0.149722
0 0 1 1.24911 0.596682 0.0231584 0.0231776 0.140818
0 0 1 1.29425 0.600016 0.0217228 0.021734 0.116111
0 0 0 1.15841 0.644086 0.0168399 0.0168671 0.0542718
0 0 0 1.17647 0.675701 0.0169233 0.0169333 0.0549128
0 0 0 1.23545 0.671516 0.0192077 0.0192172 0.0802647
0 0 0 1.1471 0.720789 0.0218724 0.0219038 0.118853
0 0 0 1.22219 0.736126 0.0150279 0.0150284 0.0383873
0 0 1 1.32948 0.738332 0.0203641 0.0203915 0.0958959
0 0 0 1.40212 0.712805 0.0177666 0.0177717 0.0634799
0 0 1 1.42849 0.698008 0.0128603 0.0128606 0.0240566
0 0 0 1.26366 0.746963 0.0197838 0.0197848 0.0875889
0 0 0 1.2871 0.539396 0.101458 0.0169211 0.0547944
0 0 1 1.48461 0.671846 0.138279 0.0234679 0.146175
0 0 1 1.4818 0.519542 0.08259 0.0251006 0.178858
0 0 1 1.17857 0.503815 0.0203871 0.0203891 0.0958618
0 0 0 1.20735 0.557312 0.0730136 0.0222147 0.123986
0 0 0 1.24119 0.566615 0.0506868 0.0183607 0.0700039
0 0 0 1.27648 0.555897 0.0259938 0.0260282 0.199428
0 0 1 1.42094 0.571546 0.0247224 0.0247241 0.170929
0 0 0 1.18064 0.584476 0.0586889 0.0184966 0.0715692
0 0 1 1.20145 0.640367 0.0276284 0.0276633 0.239422
0 0 1 1.25982 0.639525 0.0210375 0.0210443 0.105404
0 0 0 1.30409 0.636936 0.0166369 0.0166381 0.0520913
0 0 1 1.34721 0.644658 0.0253302 0.0253401 0.184025
0 0 1 1.3908 0.614273 0.0275889 0.0276447 0.238941
0 0 1 1.19679 0.680765 0.0586971 0.0235202 0.147154
0 0 0 1.27454 0.670326 0.0133444 0.0133447 0.0268772
0 0 1 1.31419 0.668834 0.0165157 0.0165292 0.0510747
0 0 1 1.19222 0.712791 0.0239372 0.0239836 0.156026
0 0 0 1.29289 0.707152 0.0283102 0.0283535 0.257793
0 0 1 1.37438 0.744838 0.0252065 0.0252558 0.182195
0 0 1 1.46878 0.706998 0.0288181 0.0288471 0.271492
0 0 1 1.30429 0.640344 0.193778 0.0176491 0.0621752
0 0 0 1.44363 0.50656 0.0911069 0.0161089 0.0472773
0 0 1 1.4914 0.74952 0.0200968 0.0201206 0.092124
0 0 1 1.17899 0.52233 0.0804561 0.0234313 0.145492
0 0 1 1.25649 0.52547 0.0695639 0.0294387 0.28854
0 0 0 1.16625 0.558552 0.0750099 0.0153498 0.0409031
0 0 1 1.2729 0.6173 0.0582989 0.0240197 0.156731
0 0 0 1.31502 0.627027 0.0474142 0.0174947 0.0605577
0 0 1 1.32623 0.613574 0.013878 0.0138843 0.0302711
0 0 0 1.35322 0.608819 0.0130243 0.0130302 0.0250208
0 0 0 1.44863 0.659843 0.0166955 0.0166965 0.0526416
0 0 0 1.17871 0.618034 0.0562831 0.0152056 0.0397619
0 0 1 1.16108 0.651589 0.0555787 0.0227061 0.132397
0 0 1 1.23946 0.710681 0.0446502 0.0276719 0.239645
0 0 1 1.34546 0.695546 0.0255577 0.0255884 0.189489
0 0 1 1.39085 0.671488 0.0257642 0.0258047 0.194334
0 0 1 1.15168 0.69825 0.0630482 0.0250745 0.178299
0 0 0 1.33691 0.503216 0.133327 0.0157955 0.0445712
0 0 1 1.19621 0.731732 0.071609 0.0274913 0.234984
0 0 0 1.32649 0.717254 0.0560569 0.0163806 0.0497094
0 0 1 1.48535 0.559179 0.160852 0.0225043 0.128899
0 0 0 1.21635 0.519634 0.101171 0.019312 0.0814585
0 0 1 1.31106 0.535813 0.0605677 0.026852 0.21897
0 0 0 1.33533 0.577088 0.0254408 0.0254614 0.186681
0 0 0 1.44105 0.546634 0.0722559 0.0249233 0.175094
0 0 1 1.22188 0.606297 0.0681484 0.0291179 0.279212
0 0 1 1.27311 0.569694 0.0674906 0.0178562 0.0643903
0 0 1 1.31442 0.58933 0.0734037 0.0282967 0.256247
0 0 0 1.29003 0.659201 0.0460874 0.0228685 0.135259
0 0 1 1.37664 0.710891 0.0553026 0.0201852 0.0930147
0 0 0 1.41949 0.646804 0.0138416 0.013842 0.0299949
0 0 0 1.35678 0.613074 0.0628926 0.0214296 0.111299
0 0 1 1.16694 0.709612 0.110283 0.0258573 0.195526
0 0 0 1.21457 0.68849 0.10483 0.0265319 0.211232
0 0 1 1.28203 0.695244 0.0815711 0.027324 0.23072
0 0 0 1.3506 0.68917 0.0655758 0.015263 0.0402135
0 0 0 1.37862 0.701528 0.104328 0.0297754 0.298555
0 0 0 1.33133 0.736416 0.0974428 0.0221473 0.122862
0 0 0 1.46021 0.732207 0.0651036 0.0161656 0.0477779
0 0 0 1.26889 0.508279 0.0223247 0.0223469 0.126214
0 0 0 1.14964 0.532767 0.115516 0.0229037 0.135884
0 0 1 1.21427 0.554887 0.114547 0.0181479 0.0675973
0 0 0 1.21383 0.522628 0.0687457 0.0133496 0.0269062
0 0 1 1.24389 0.568799 0.0930815 0.0210306 0.105198
0 0 1 1.30161 0.51829 0.147391 0.0234307 0.145481
0 0 1 1.1816 0.554773 0.10338 0.0163939 0.0498309
0 0 0 1.14991 0.575868 0.104066 0.0217008 0.115579
0 0 0 1.17636 0.612275 0.0951315 0.0241467 0.15923
0 0 1 1.22427 0.588174 0.113214 0.0131138 0.0255057
0 0 0 1.20129 0.582883 0.0987316 0.0145617 0.0349213
0 0 0 1.19544 0.643229 0.0725579 0.016518 0.0509709
0 0 1 1.25887 0.621872 0.111432 0.0299287 0.303189
0 0 1 1.17345 0.677624 0.0870058 0.0133087 0.02666
0 0 1 1.24309 0.659277 0.065707 0.0280173 0.248732
0 0 1 1.24403 0.725636 0.0923444 0.0225211 0.129188
0 0 1 1.35605 0.744187 0.139312 0.027102 0.225142
0 0 0 1.39221 0.740214 0.116056 0.0128719 0.0241202
0 0 1 1.19177 0.526399 0.140489 0.026503 0.210542
0 0 1 1.25628 0.540008 0.112394 0.0157931 0.044551
0 0 0 1.28073 0.549199 0.129927 0.0138549 0.0300791
0 0 0 1.39303 0.541239 0.0662599 0.0237953 0.15238
0 0 0 1.21061 0.613117 0.114834 0.0153723 0.0410838
0 0 0 1.22325 0.616443 0.153915 0.0257882 0.193962
0 0 1 1.28219 0.576683 0.108508 0.0210205 0.105047
0 0 0 1.36049 0.572814 0.0845912 0.0219016 0.118817
0 0 0 1.37658 0.572198 0.0417601 0.0189766 0.0772873
0 0 0 1.13906 0.621508 0.0720444 0.0180499 0.066509
0 0 1 1.18521 0.649741 0.132155 0.0292647 0.283455
0 0 0 1.21725 0.641327 0.0988719 0.0177141 0.0628651
0 0 1 1.34098 0.653134 0.0721127 0.0226163 0.130833
0 0 0 1.37502 0.643312 0.0543802 0.0149036 0.0374393
0 0 1 1.37867 0.672682 0.0671119 0.0173259 0.0588216
0 0 0 1.41684 0.64592 0.0661312 0.0286342 0.265526
0 0 1 1.45247 0.66904 0.0490402 0.0171497 0.0570453
0 0 1 1.20928 0.7369 0.121141 0.0240114 0.156569
0 0 0 1.25337 0.674511 0.104282 0.0147117 0.0360115
0 0 1 1.3032 0.707831 0.124469 0.0221513 0.122928
0 0 1 1.31933 0.684194 0.0577007 0.0173683 0.0592547
0 0 1 1.30003 0.641903 0.0864873 0.0222115 0.123933
0 0 0 1.39012 0.712369 0.153131 0.0215307 0.112883
0 0 1 1.16859 0.74589 0.0972062 0.0127411 0.0233923
0 0 0 1.32835 0.694237 0.0929619 0.0203958 0.0959568
0 0 1 1.42451 0.703632 0.066742 0.0296008 0.293334
0 0 1 1.35301 0.53396 0.0772044 0.0183497 0.0698775
0 0 0 1.2938 0.596334 0.134767 0.0137732 0.0295497
0 0 0 1.24739 0.570556 0.141666 0.0274409 0.233694
0 0 1 1.3714 0.523076 0.117307 0.0271109 0.225363
0 0 0 1.3263 0.555848 0.117938 0.0286974 0.267289
0 0 0 1.40668 0.590673 0.075843 0.0283897 0.258783
0 0 0 1.44355 0.616418 0.025216 0.0252263 0.181557
0 0 0 1.20176 0.69956 0.159033 0.0297413 0.297531
0 0 0 1.23496 0.659466 0.13754 0.0217193 0.115875
0 0 0 1.28587 0.666091 0.122442 0.0230518 0.138537
0 0 0 1.30386 0.611954 0.110172 0.0161635 0.0477595
0 0 0 1.37862 0.629562 0.101772 0.0261344 0.201879
0 0 0 1.27733 0.734137 0.111672 0.0169137 0.0547232
0 0 0 1.352 0.708928 0.187296 0.0297796 0.298682
0 0 1 1.34195 0.694789 0.139231 0.0213413 0.109929
0 0 0 1.40751 0.663059 0.109112 0.0185708 0.0724339
0 0 0 1.45188 0.667991 0.101563 0.0258863 0.196184
0 0 0 1.47205 0.692179 0.0722387 0.01715 0.0570482
0 0 0 1.1344 0.732041 0.119108 0.0146362 0.0354602
0 0 1 1.17201 0.739584 0.145193 0.0204385 0.0965604
0 0 0 1.42816 0.730295 0.11366 0.0244973 0.166268
0 0 1 1.45886 0.70373 0.125885 0.0179106 0.0649809
0 0 0 1.24255 0.508074 0.138256 0.0275437 0.23633
0 0 1 1.21642 0.55107 0.160833 0.0138688 0.0301693
0 0 1 1.46384 0.547968 0.119879 0.0251209 0.179292
0 0 0 1.18549 0.581931 0.138022 0.0278016 0.243032
0 0 0 1.29873 0.566638 0.167401 0.0289734 0.275075
0 0 0 1.3201 0.595897 0.128674 0.0132271 0.0261726
0 0 1 1.40058 0.597807 0.12751 0.020275 0.0942614
0 0 0 1.44358 0.572431 0.0994534 0.0126529 0.0229098
0 0 1 1.44934 0.593086 0.060115 0.0171579 0.0571277
0 0 1 1.48171 0.539525 0.0505119 0.0127085 0.0232133
0 0 0 1.16034 0.649153 0.167791 0.0141939 0.0323413
0 0 0 1.18248 0.617359 0.163985 0.0162267 0.0483219
0 0 0 1.19919 0.650107 0.186554 0.0269171 0.220566
0 0 0 1.30755 0.630646 0.146736 0.0250818 0.178455
0 0 0 1.23743 0.731347 0.164551 0.0167884 0.0535157
0 0 1 1.25554 0.703623 0.135846 0.0270416 0.223641
0 0 0 1.24429 0.641442 0.18462 0.0190541 0.0782374
0 0 0 1.26925 0.649549 0.157213 0.0189075 0.0764465
0 0 0 1.36829 0.661938 0.134463 0.0210492 0.105478
0 0 0 1.33534 0.622413 0.0977819 0.0178197 0.0639959
0 0 1 1.45488 0.705819 0.0958085 0.0125021 0.0221006
0 0 0 1.4639 0.628049 0.0693483 0.021826 0.117592
0 0 0 1.28343 0.727949 0.174396 0.0238198 0.152851
0 0 1 1.321 0.722554 0.155589 0.0166104 0.0518315
0 0 1 1.4213 0.692644 0.108876 0.0140749 0.0315349
0 0 1 1.24027 0.54677 0.17466 0.0138544 0.0300759
0 0 1 1.41355 0.555056 0.116129 0.0258457 0.195263
0 0 1 1.15057 0.598054 0.181579 0.0250123 0.176975
0 0 0 1.19329 0.596156 0.183668 0.0146582 0.0356202
0 0 0 1.21797 0.578989 0.173844 0.0169716 0.055287
0 0 0 1.26952 0.608748 0.164706 0.0223548 0.126348
0 0 0 1.31765 0.607845 0.183094 0.0190098 0.0776936
0 0 0 1.3452 0.585312 0.155353 0.0225447 0.129595
0 0 1 1.32979 0.657986 0.115234 0.0221969 0.123689
0 0 1 1.34738 0.626651 0.132143 0.0175241 0.0608642
0 0 1 1.40451 0.643242 0.145807 0.0212714 0.108853
0 0 0 1.14156 0.524374 0.16464 0.0208822 0.102987
0 0 1 1.30436 0.679822 0.169052 0.0289455 0.274281
0 0 0 1.42672 0.68403 0.146789 0.0251985 0.180958
0 0 1 1.47648 0.73598 0.103058 0.0253086 0.183339
0 0 1 1.24318 0.516676 0.182305 0.0173329 0.0588931
0 0 1 1.26776 0.532953 0.165011 0.0168507 0.0541138
0 0 1 1.40445 0.529283 0.16033 0.0159757 0.0461138
0 0 1 1.34801 0.534524 0.167967 0.0298651 0.301261
0 0 0 1.39338 0.571979 0.169001 0.0289764 0.275159
0 0 1 1.43008 0.509151 0.13378 0.0260602 0.200164
0 0 0 1.37558 0.615 0.153914 0.0199654 0.0900094
0 0 1 1.3476 0.596043 0.11658 0.0168178 0.0537976
0 0 1 1.44742 0.600955 0.0931094 0.0168306 0.0539202
0 0 0 1.42646 0.627396 0.112168 0.0219313 0.119302
0 0 1 1.34717 0.643968 0.179123 0.0278138 0.24335
0 0 0 1.43122 0.729792 0.168723 0.0257691 0.193531
0 0 0 1.46973 0.6255 0.112089 0.0213969 0.110792
0 0 0 1.16168 0.722061 0.182092 0.0217099 0.115725
0 0 1 1.12808 0.528072 0.0682746 0.0292467 0.282932
0 0 1 1.34234 0.506132 0.0595712 0.0162817 0.0488146
0 0 1 1.44377 0.590618 0.133328 0.0238985 0.15437
0 0 1 1.41886 0.611498 0.153656 0.0144404 0.0340555
0 0 1 1.37177 0.570292 0.125516 0.0196177 0.0853884
0 0 1 1.38679 0.673138 0.171604 0.0219671 0.119887
0 0 1 1.48153 0.574994 0.0810749 0.0253012 0.183179
0 0 0 1.42242 0.666632 0.184387 0.0164543 0.050384
0 0 0 1.48293 0.50926 0.126658 0.0185694 0.0724175
0 0 0 1.49681 0.60761 0.0535482 0.0200394 0.0910136
0 0 1 1.47377 0.572604 0.0280498 0.0280764 0.25031
0 0 0 1.49523 0.670823 0.174038 0.0138559 0.0300852
0 0 0 1.46817 0.513988 0.167314 0.0249436 0.175521
0 0 0 1.46044 0.68915 0.188088 0.0279096 0.245874
0 0 1 1.45195 0.638553 0.162872 0.0292576 0.28325
0 0 1 1.14105 0.614757 0.132198 0.0271236 0.225682
0 0 0 1.48465 0.644358 0.0309052 0.0248119 0.172756
0 0 1 1.43949 0.551009 0.160542 0.0223781 0.126743
0 0 1 1.48763 0.603031 0.146732 0.0236257 0.149144
0 0 1 1.3286 0.510024 0.0976339 0.0214786 0.112065
0 0 1 1.49134 0.614041 0.0854148 0.0129262 0.0244268
0 0 1 1.49293 0.722089 0.153704 0.0297534 0.297895
0 0 0 1.49469 0.655623 0.0839818 0.0220331 0.12097
0 0 0 1.46905 0.749416 0.0439055 0.0125374 0.0222883
0 0 0 1.18168 0.553739 0.188376 0.0295687 0.29238
0 0 1 1.13943 0.582036 0.0611759 0.0228941 0.135713
0 0 1 1.4656 0.547901 0.19703 0.0202291 0.0936235
0 0 1 1.48074 0.576633 0.191163 0.0127842 0.0236304
0 0 0 1.13681 0.565686 0.146991 0.0243206 0.162696
0 0 0 1.13681 0.507609 0.0215603 0.0215611 0.113362
0 0 0 1.14096 0.685562 0.152118 0.0289857 0.275425
0 0 0 1.44148 0.591219 0.195819 0.0293696 0.286516
0 0 0 1.13856 0.659761 0.100342 0.0280902 0.250678
0 0 1 1.13734 0.677332 0.0226274 0.0226564 0.131531
0 0 0 1.13602 0.745478 0.0757171 0.026284 0.205365
0 0 1 1.13192 0.736204 0.154977 0.0209678 0.104258
0 0 1 1.29179 0.502755 0.0699222 0.0125401 0.0223028
0 0 0 1.4173 0.502858 0.0642734 0.0216682 0.115059
0 0 1 1.48825 0.609752 0.191028 0.0211848 0.107529
0 0 0 1.25085 0.689041 0.190088 0.0293168 0.284971
0 0 0 1.39927 0.629762 0.192781 0.0278981 0.245569
0 0 1 1.16037 0.514602 0.194018 0.0153495 0.0409015
0 0 0 1.31571 0.733752 0.194853 0.014832 0.0369018
0 0 1 1.28786 0.61366 0.195388 0.0137354 0.0293076
0 0 1 1.25381 0.576581 0.196283 0.0253844 0.184991
0 0 0 1.16013 0.635382 0.194104 0.015506 0.0421653
0 0 1 1.20614 0.747509 0.162198 0.0185145 0.0717777
0 0 0 1.28268 0.749738 0.0693302 0.0285398 0.262908
0 0 1 1.12582 0.534531 0.364209 0.0171647 0.0571954
0 0 1 1.35829 0.508447 0.262806 0.0242207 0.1607
0 0 0 1.45919 0.746013 0.227275 0.0203232 0.0949348
0 0 1 1.23396 0.507282 0.274824 0.0280433 0.249424
0 0 1 1.13036 0.702431 0.248809 0.0233108 0.14326
0 0 0 1.13839 0.558977 0.290763 0.0283552 0.257841
0 0 1 1.21109 0.575862 0.349624 0.0213189 0.109583
0 0 0 1.33321 0.671693 0.392308 0.0226518 0.13145
0 0 0 1.43811 0.665587 0.336412 0.0205942 0.0987847
0 0 0 1.45866 0.622058 0.318524 0.0281434 0.252105
0 0 0 1.43097 0.747016 0.307923 0.0281554 0.252428
0 0 0 1.21547 0.707014 0.387145 0.0135456 0.0281089
0 0 0 1.18804 0.711907 0.372861 0.0177653 0.0634116
0 0 0 1.3113 0.70015 0.316918 0.0196662 0.0860228
0 0 1 1.13851 0.623461 0.279026 0.023108 0.139554
0 0 0 1.28425 0.66376 0.204754 0.0150672 0.0386856
0 0 1 1.134 0.669532 0.281538 0.0232544 0.142223
0 0 0 1.22333 0.739152 0.378093 0.0207577 0.101156
0 0 1 1.1529 0.739186 0.221759 0.0223937 0.127007
0 0 0 1.15799 0.675386 0.200635 0.0234467 0.145779
0 0 0 1.1598 0.703472 0.225618 0.0141904 0.0323177
0 0 1 1.29623 0.705848 0.20106 0.0131021 0.0254376
0 0 1 1.28399 0.582882 0.392361 0.0261758 0.20284
0 0 0 1.48265 0.740486 0.300406 0.0244738 0.165789
0 0 1 1.19116 0.536823 0.345645 0.0220809 0.121759
0 0 1 1.2269 0.539467 0.211061 0.0228021 0.134084
0 0 0 1.28889 0.523232 0.204466 0.0289476 0.27434
0 0 0 1.18803 0.568285 0.230509 0.015455 0.04175
0 0 0 1.34919 0.635849 0.222663 0.0165227 0.0510145
0 0 0 1.14186 0.621846 0.372564 0.0284868 0.261448
0 0 0 1.42051 0.50341 0.34995 0.0183693 0.0701016
0 0 1 1.18229 0.612021 0.228093 0.0287225 0.26799
0 0 1 1.16685 0.671836 0.247341 0.0242368 0.16102
0 0 1 1.19033 0.743791 0.202834 0.0198104 0.0879287
0 0 1 1.20009 0.654156 0.230348 0.0170813 0.0563657
0 0 0 1.47707 0.632137 0.265904 0.0235857 0.148388
0 0 0 1.44712 0.529892 0.33018 0.0240615 0.15755
0 0 0 1.14924 0.574707 0.221816 0.0215306 0.112881
0 0 0 1.21372 0.57687 0.212816 0.0168944 0.054536
0 0 1 1.31872 0.592511 0.250585 0.0187057 0.0740239
0 0 0 1.35696 0.596064 0.205209 0.0276152 0.238176
0 0 1 1.4218 0.54224 0.202824 0.0239048 0.154492
0 0 1 1.23768 0.666928 0.235587 0.0229759 0.137173
0 0 0 1.43291 0.715745 0.367952 0.0134596 0.0275773
0 0 1 1.31078 0.715073 0.227981 0.0188609 0.0758819
0 0 1 1.29351 0.587111 0.206762 0.0157028 0.0437906
0 0 1 1.40054 0.584039 0.225151 0.021512 0.112588
0 0 0 1.40657 0.70179 0.209577 0.0295879 0.29295
0 0 0 1.4866 0.65032 0.200118 0.0204365 0.0965318
0 0 0 1.23601 0.739912 0.206653 0.0262073 0.203574
0 0 0 1.49418 0.523657 0.253906 0.0194988 0.0838445
0 0 0 1.3327 0.546547 0.344479 0.0132277 0.0261763
0 0 0 1.17411 0.521893 0.232784 0.0256114 0.19
0 0 0 1.25619 0.529098 0.239312 0.0191982 0.0800263
0 0 1 1.3145 0.525833 0.254267 0.0236748 0.150076
0 0 1 1.21039 0.601415 0.264017 0.0165787 0.0515356
0 0 1 1.27787 0.569251 0.241642 0.0264943 0.210335
0 0 0 1.3174 0.61765 0.221002 0.0201476 0.0924956
0 0 0 1.38299 0.623063 0.242161 0.0245483 0.167308
0 0 0 1.17847 0.609426 0.278185 0.0192577 0.0807723
0 0 1 1.26254 0.626413 0.221801 0.0250185 0.177108
0 0 0 1.20802 0.682092 0.265909 0.0220755 0.121671
0 0 1 1.20102 0.698676 0.217089 0.0281815 0.253129
0 0 0 1.36915 0.670149 0.210363 0.0184979 0.0715851
0 0 0 1.40195 0.546911 0.352148 0.0289785 0.27522
0 0 0 1.33814 0.73629 0.221707 0.0163265 0.049219
0 0 1 1.14513 0.648086 0.31019 0.0142425 0.0326749
0 0 1 1.16544 0.520238 0.314419 0.020144 0.0924466
0 0 0 1.15512 0.636198 0.249195 0.0133325 0.0268034
0 0 1 1.22162 0.559433 0.255154 0.0258993 0.19648
0 0 0 1.23703 0.593599 0.232494 0.0179018 0.0648851
0 0 1 1.18607 0.581036 0.259398 0.0154986 0.042105
0 0 0 1.32125 0.562018 0.218013 0.0233654 0.144269
0 0 1 1.32971 0.637278 0.265553 0.0297649 0.298241
0 0 0 1.24053 0.712853 0.250283 0.0253379 0.183977
0 0 1 1.33111 0.607918 0.307809 0.0217134 0.11578
0 0 0 1.22837 0.642196 0.211885 0.012528 0.0222379
0 0 0 1.28054 0.688826 0.231086 0.02131 0.109447
0 0 0 1.32469 0.671885 0.220715 0.027101 0.225116
0 0 1 1.45312 0.701863 0.239975 0.0260287 0.199439
0 0 1 1.17635 0.721073 0.262824 0.0282493 0.254962
0 0 0 1.20926 0.73583 0.238151 0.0153201 0.0406667
0 0 1 1.13273 0.534873 0.211022 0.0229242 0.13625
0 0 1 1.36102 0.706011 0.243942 0.0276648 0.239461
0 0 1 1.16278 0.537414 0.38583 0.0173503 0.0590707
0 0 1 1.44444 0.723657 0.205758 0.0140305 0.0312374
0 0 0 1.12574 0.619165 0.224942 0.0283953 0.258936
0 0 1 1.34374 0.706842 0.367703 0.0215343 0.11294
0 0 0 1.49904 0.521718 0.331741 0.0285326 0.262709
0 0 1 1.39768 0.654364 0.353226 0.0246068 0.168507
0 0 1 1.15252 0.591294 0.257569 0.018019 0.0661676
0 0 1 1.17618 0.577493 0.286872 0.013918 0.0304919
0 0 1 1.46915 0.561883 0.31333 0.0182833 0.0691217
0 0 0 1.2759 0.535267 0.273332 0.0200188 0.0907338
0 0 1 1.33856 0.520673 0.216455 0.0214551 0.111697
0 0 1 1.22453 0.627812 0.244385 0.0192296 0.0804198
0 0 1 1.35203 0.599698 0.25165 0.0153941 0.0412588
0 0 1 1.37844 0.586968 0.251529 0.013025 0.0249914
0 0 0 1.44329 0.648182 0.223098 0.0286449 0.265824
0 0 1 1.15682 0.504762 0.3574 0.0263533 0.206994
0 0 0 1.2969 0.643088 0.235045 0.0154124 0.0414063
0 0 0 1.2514 0.561152 0.288179 0.0186044 0.0728281
0 0 1 1.28958 0.62336 0.305807 0.0226426 0.13129
0 0 1 1.28346 0.721962 0.250441 0.0171758 0.0573059
0 0 0 1.29099 0.615238 0.250859 0.0171581 0.0571299
0 0 0 1.31774 0.692607 0.272452 0.0258979 0.196446
0 0 0 1.46192 0.666323 0.257768 0.0146992 0.03592
0 0 1 1.15579 0.722666 0.388277 0.0153274 0.0407251
0 0 0 1.27214 0.712099 0.292953 0.0277761 0.242362
0 0 1 1.23829 0.678971 0.293651 0.019108 0.0789044
0 0 0 1.3209 0.746976 0.262783 0.0294292 0.288263
0 0 0 1.27478 0.541162 0.306303 0.0134942 0.0277902
0 0 1 1.20979 0.507434 0.311801 0.0161323 0.0474829
0 0 1 1.46631 0.702027 0.31849 0.02007 0.0914309
0 0 1 1.21375 0.515793 0.237025 0.014717 0.0360503
0 0 1 1.17991 0.547904 0.269362 0.0196572 0.0859051
0 0 0 1.3312 0.528658 0.305175 0.0299822 0.304819
0 0 0 1.35207 0.558454 0.256594 0.0261495 0.202229
0 0 0 1.43759 0.564758 0.24106 0.0231872 0.140992
0 0 0 1.13287 0.727364 0.353672 0.0264446 0.209152
0 0 1 1.1665 0.59803 0.326474 0.0289438 0.274232
0 0 1 1.21347 0.581299 0.302122 0.0265551 0.211786
0 0 1 1.2968 0.574373 0.293025 0.02851 0.262086
0 0 1 1.38613 0.546808 0.297007 0.0279803 0.247748
0 0 1 1.39874 0.659015 0.227369 0.0174076 0.0596585
0 0 0 1.41918 0.613684 0.225335 0.0135107 0.0278925
0 0 0 1.3069 0.500198 0.350071 0.0239807 0.15597
0 0 0 1.17236 0.641704 0.294938 0.0176194 0.0618622
0 0 1 1.19468 0.642397 0.264897 0.0198147 0.0879864
0 0 1 1.27505 0.658209 0.270608 0.0289908 0.275571
0 0 1 1.38473 0.696489 0.281111 0.016723 0.0528924
0 0 1 1.41619 0.674547 0.263388 0.0255293 0.188178
0 0 0 1.17243 0.734708 0.318771 0.0268194 0.218172
0 0 1 1.24215 0.700488 0.321163 0.0150047 0.0382066
0 0 0 1.43926 0.704905 0.285019 0.0173529 0.0590974
0 0 0 1.21467 0.620467 0.336883 0.0252125 0.181259
0 0 0 1.20551 0.537566 0.295518 0.0183861 0.070294
0 0 1 1.32995 0.572249 0.326196 0.0184351 0.0708584
0 0 1 1.36128 0.548649 0.33338 0.0158458 0.0449982
0 0 1 1.36119 0.573914 0.317328 0.014088 0.0316226
0 0 1 1.35769 0.649114 0.317609 0.02829 0.256066
0 0 1 1.31653 0.634329 0.331306 0.0160452 0.0467182
0 0 0 1.47487 0.602616 0.232176 0.0212938 0.109197
0 0 0 1.48264 0.559452 0.234625 0.0226333 0.131129
0 0 1 1.19554 0.510017 0.372424 0.0155245 0.0423159
0 0 1 1.40696 0.523985 0.249688 0.0285365 0.262816
0 0 1 1.35775 0.674486 0.277372 0.0182999 0.0693101
0 0 1 1.37504 0.548037 0.212911 0.0242951 0.162185
0 0 0 1.21504 0.674914 0.328508 0.0229966 0.137544
0 0 1 1.20726 0.657433 0.294468 0.0156649 0.0434748
0 0 0 1.25358 0.605554 0.274227 0.028002 0.248325
0 0 1 1.42902 0.611339 0.266398 0.0287813 0.269639
0 0 1 1.21674 0.716456 0.295944 0.0241981 0.160248
0 0 0 1.22959 0.651125 0.27018 0.0159067 0.0455191
0 0 0 1.17592 0.683295 0.299443 0.0243661 0.16361
0 0 0 1.31135 0.661021 0.306334 0.0208721 0.102838
0 0 0 1.20907 0.624362 0.294168 0.0174576 0.0601733
0 0 0 1.33639 0.734644 0.316968 0.0229941 0.1375
0 0 0 1.43871 0.57235 0.275917 0.0125049 0.0221155
0 0 1 1.45473 0.534044 0.278634 0.0282143 0.254015
0 0 1 1.45404 0.739133 0.26662 0.0198195 0.0880503
0 0 1 1.18413 0.507617 0.278872 0.0219602 0.119774
0 0 0 1.179 0.555467 0.312159 0.0176776 0.0624778
0 0 1 1.31329 0.562176 0.257152 0.0128215 0.0238379
0 0 0 1.37718 0.601712 0.289916 0.0281011 0.250971
0 0 1 1.45467 0.519491 0.228761 0.0237504 0.151517
0 0 1 1.17933 0.695599 0.340115 0.0182668 0.0689352
0 0 1 1.34961 0.695387 0.328373 0.0198511 0.0884724
0 0 1 1.38811 0.582232 0.327963 0.016025 0.0465421
0 0 1 1.48674 0.504067 0.290843 0.017311 0.0586705
0 0 0 1.36507 0.661019 0.244979 0.0175373 0.061002
0 0 0 1.47596 0.701841 0.279757 0.0198526 0.0884917
0 0 0 1.24515 0.641337 0.307937 0.0217274 0.116004
0 0 0 1.40908 0.726735 0.260544 0.0272208 0.228115
0 0 1 1.36723 0.729924 0.2859 0.0210434 0.10539
0 0 0 1.3376 0.616388 0.341196 0.013346 0.0268846
0 0 0 1.4034 0.572311 0.262818 0.0180436 0.0664389
0 0 1 1.47515 0.583861 0.275692 0.0257137 0.192286
0 0 0 1.40118 0.60506 0.359777 0.0252566 0.182212
0 0 1 1.36625 0.607092 0.333988 0.0176245 0.0619162
0 0 0 1.43027 0.565473 0.307789 0.0211572 0.107109
0 0 1 1.4117 0.710931 0.298368 0.0138612 0.0301197
0 0 0 1.39138 0.688227 0.3198 0.0233959 0.144834
0 0 0 1.38702 0.731867 0.322429 0.0205537 0.0982027
0 0 0 1.34992 0.700655 0.294822 0.0141154 0.0318076
0 0 1 1.43113 0.673106 0.384149 0.0246509 0.169415
0 0 0 1.41907 0.513753 0.30186 0.0189366 0.0767996
0 0 0 1.34063 0.572709 0.293863 0.0153619 0.0410005
0 0 0 1.37775 0.64525 0.277045 0.0171323 0.0568723
0 0 0 1.33785 0.594928 0.276064 0.0132441 0.0262739
0 0 1 1.41565 0.601919 0.3177 0.019358 0.0820409
0 0 1 1.45315 0.667737 0.294964 0.0235555 0.147819
0 0 0 1.48632 0.588827 0.324219 0.0154738 0.0419029
0 0 1 1.42899 0.706134 0.335108 0.0209858 0.104527
0 0 0 1.41035 0.645108 0.305184 0.0259324 0.197233
0 0 1 1.28101 0.749973 0.278741 0.0136453 0.0287345
0 0 0 1.36077 0.744064 0.353391 0.0218395 0.11781
0 0 1 1.44893 0.578376 0.349355 0.0262036 0.203486
0 0 1 1.21241 0.718708 0.342011 0.0221318 0.122604
0 0 0 1.12745 0.65734 0.209009 0.0130123 0.024918
0 0 0 1.23895 0.539957 0.328632 0.0287425 0.268551
0 0 1 1.26269 0.731377 0.34651 0.0299274 0.303151
0 0 0 1.23704 0.690383 0.364708 0.0217446 0.11628
0 0 1 1.45847 0.691762 0.35676 0.0183153 0.0694856
0 0 0 1.17329 0.651239 0.338938 0.0261309 0.201797
0 0 0 1.3048 0.706978 0.35489 0.019463 0.0833844
0 0 0 1.27457 0.675619 0.3353 0.0281748 0.252949
0 0 0 1.48181 0.664564 0.335963 0.0231228 0.139821
0 0 0 1.3608 0.673879 0.356446 0.0172452 0.0580037
0 0 0 1.32284 0.66956 0.347527 0.0219861 0.120198
0 0 1 1.48005 0.60187 0.362948 0.0150965 0.038912
0 0 0 1.46556 0.735081 0.350583 0.0260156 0.199139
0 0 1 1.25841 0.592449 0.329508 0.0272545 0.228965
0 0 1 1.27652 0.631041 0.342452 0.0170182 0.0557437
0 0 0 1.23886 0.652386 0.353146 0.0180196 0.0661739
0 0 1 1.30554 0.599225 0.347009 0.023485 0.146495
0 0 1 1.15026 0.551026 0.338798 0.0217634 0.116582
0 0 1 1.29247 0.548565 0.342106 0.0271219 0.225639
0 0 0 1.38287 0.503681 0.326746 0.0245258 0.166849
0 0 0 1.49463 0.547045 0.294558 0.0166767 0.0524545
0 0 0 1.48713 0.719707 0.21407 0.0202687 0.0941736
0 0 1 1.12811 0.625182 0.325376 0.0180953 0.0670117
0 0 1 1.22339 0.611219 0.200318 0.0209168 0.1035
0 0 0 1.49297 0.735678 0.252494 0.0217521 0.116401
0 0 1 1.133 0.681843 0.328684 0.0254957 0.187437
0 0 0 1.41885 0.747437 0.357393 0.0227843 0.133771
0 0 0 1.18369 0.616897 0.362134 0.0149112 0.0374961
0 0 0 1.12818 0.528214 0.253916 0.0207223 0.100638
0 0 0 1.45144 0.507377 0.371961 0.0198017 0.0878128
0 0 0 1.16694 0.595177 0.395564 0.0147533 0.0363178
0 0 0 1.21704 0.501654 0.34678 0.0189762 0.0772828
0 0 1 1.13597 0.713863 0.292854 0.0225461 0.129619
0 0 0 1.19947 0.671076 0.373217 0.0213561 0.110159
0 0 0 1.44681 0.622645 0.380737 0.0279539 0.247048
0 0 0 1.35618 0.631288 0.374088 0.0272703 0.229363
0 0 0 1.39302 0.705293 0.368013 0.0277776 0.242402
0 0 0 1.31607 0.569939 0.369841 0.0151137 0.0390446
0 0 0 1.47178 0.541786 0.367149 0.0204611 0.096881
0 0 1 1.35727 0.577521 0.366117 0.0269611 0.221648
0 0 0 1.13015 0.746542 0.307459 0.0137174 0.0291925
0 0 1 1.35345 0.518647 0.370088 0.0299613 0.304183
0 0 0 1.39439 0.575196 0.386862 0.0156306 0.0431893
0 0 1 1.24545 0.575526 0.370343 0.0188099 0.0752682
0 0 1 1.13805 0.581479 0.356036 0.0153001 0.0405072
0 0 0 1.37901 0.501134 0.203822 0.0236688 0.149962
0 0 1 1.29344 0.729364 0.376867 0.013329 0.0267819
0 0 1 1.15488 0.684566 0.374369 0.0252431 0.181921
0 0 0 1.17344 0.570955 0.369397 0.0214941 0.112308
0 0 1 1.29476 0.681154 0.378964 0.0172474 0.0580263
0 0 0 1.21515 0.640565 0.369548 0.0131433 0.025678
0 0 0 1.37942 0.667117 0.389846 0.0182546 0.0687969
0 0 0 1.4748 0.661245 0.378183 0.0198058 0.087868
0 0 1 1.38788 0.745558 0.375177 0.0129803 0.0247346
0 0 1 1.49385 0.701445 0.379224 0.0246981 0.17039
0 0 0 1.18048 0.640683 0.380262 0.0151672 0.039461
0 0 0 1.30118 0.638407 0.376953 0.0260298 0.199465
0 0 0 1.25289 0.618199 0.373911 0.0243745 0.16378
0 0 0 1.21277 0.546958 0.391224 0.0293661 0.286413
0 0 1 1.32578 0.602069 0.379969 0.0152987 0.0404962
0 0 0 1.39727 0.509816 0.375408 0.0150564 0.0386028
0 0 0 1.26215 0.538361 0.379517 0.0221094 0.122231
0 0 0 1.30719 0.537903 0.39129 0.0244536 0.16538
0 0 1 1.42634 0.582756 0.386165 0.0172124 0.0576738
0 0 1 1.41951 0.748656 0.219906 0.0201209 0.0921291
0 0 1 1.27149 0.745421 0.390512 0.0170956 0.0565072
0 0 0 1.4537 0.708376 0.389352 0.0172801 0.058357
0 0 1 1.20876 0.603782 0.398203 0.0280288 0.249039
0 0 0 1.43541 0.542607 0.393849 0.0246648 0.169702
0 0 1 1.22303 0.682498 0.396741 0.0138475 0.0300309
0 0 0 1.43856 0.739285 0.391202 0.0171909 0.0574581
0 0 0 1.28122 0.5012 0.306062 0.0269852 0.222244
0 0 0 1.25924 0.663026 0.398844 0.0273145 0.23048
0 0 1 1.40147 0.634822 0.395525 0.0212614 0.1087
0 0 1 1.47329 0.57774 0.393213 0.0239727 0.155813
0 0 0 1.12508 0.742233 0.249266 0.0168529 0.0541351
0 0 0 1.12516 0.663211 0.238849 0.0174887 0.060496
0 0 1 1.2467 0.577746 0.494303 0.0284094 0.259322
0 0 1 1.40632 0.579111 0.469898 0.0267949 0.217574
0 0 1 1.46943 0.60969 0.414132 0.0144111 0.0338491
0 0 0 1.44613 0.740712 0.421846 0.0140057 0.0310716
0 0 1 1.46332 0.511787 0.425541 0.0276181 0.23825
0 0 1 1.29563 0.522216 0.429963 0.0153711 0.041074
0 0 0 1.27078 0.693119 0.431742 0.018742 0.0744567
0 0 0 1.4869 0.6291 0.435236 0.0191618 0.0795727
0 0 1 1.27474 0.738142 0.43228 0.0242685 0.161651
0 0 0 1.30461 0.696418 0.461117 0.0261869 0.203097
0 0 1 1.18017 0.749963 0.458774 0.0202221 0.0935261
0 0 0 1.1754 0.511165 0.479387 0.0291688 0.280677
0 0 0 1.4837 0.712179 0.431696 0.0151802 0.0395624
0 0 1 1.49191 0.586907 0.435721 0.023333 0.143669
0 0 0 1.18163 0.512073 0.404096 0.019136 0.0792513
0 0 0 1.37904 0.722335 0.446576 0.0270402 0.223605
0 0 1 1.48653 0.546844 0.462028 0.0248979 0.174558
0 0 0 1.34704 0.553657 0.406667 0.0210796 0.105935
0 0 0 1.16512 0.663005 0.410614 0.0181593 0.0677253
0 0 1 1.41581 0.521364 0.431682 0.0212332 0.108267
0 0 0 1.16885 0.686233 0.444283 0.0204011 0.0960316
0 0 0 1.16989 0.591487 0.435798 0.0257621 0.193374
0 0 0 1.47376 0.650369 0.411532 0.0152891 0.04042
0 0 1 1.32224 0.585556 0.417512 0.019682 0.0862299
0 0 1 1.2248 0.734216 0.434475 0.0256652 0.191199
0 0 1 1.1998 0.703586 0.477993 0.02854 0.262914
0 0 0 1.35981 0.648603 0.421418 0.0230501 0.138506
0 0 0 1.36932 0.532585 0.444572 0.0240622 0.157564
0 0 0 1.4023 0.738694 0.40645 0.0221441 0.122807
0 0 0 1.47021 0.685355 0.413489 0.0199356 0.089606
0 0 0 1.3931 0.675233 0.434387 0.0215147 0.112632
0 0 1 1.43278 0.651699 0.484683 0.0240634 0.157588
0 0 1 1.40398 0.538628 0.460934 0.0147346 0.0361797
0 0 0 1.46644 0.686294 0.462905 0.0288889 0.272675
0 0 0 1.17317 0.551935 0.416602 0.0179306 0.065198
0 0 0 1.20149 0.526642 0.43695 0.0219262 0.119218
0 0 0 1.25147 0.559846 0.407003 0.014376 0.0336024
0 0 0 1.29902 0.589041 0.484668 0.0259781 0.198278
0 0 1 1.17032 0.627022 0.409238 0.0182258 0.0684716
0 0 0 1.28381 0.623857 0.422018 0.0244089 0.164474
0 0 1 1.14258 0.609761 0.413336 0.0140447 0.0313321
0 0 0 1.39081 0.631562 0.459455 0.028892 0.272763
0 0 0 1.3705 0.698158 0.408364 0.0189786 0.0773112
0 0 1 1.47737 0.740743 0.46135 0.026478 0.209947
0 0 1 1.14845 0.668471 0.482699 0.0265835 0.212465
0 0 1 1.19003 0.694408 0.408492 0.0219818 0.120127
0 0 0 1.19336 0.733078 0.405771 0.0169278 0.0548593
0 0 1 1.25473 0.710926 0.470443 0.0266013 0.212893
0 0 0 1.2661 0.609863 0.460252 0.0199904 0.0903475
0 0 0 1.45 0.564758 0.434755 0.024089 0.158092
0 0 1 1.24955 0.525672 0.412387 0.0153104 0.0405894
0 0 0 1.16853 0.539685 0.446614 0.0148158 0.0367815
0 0 0 1.21961 0.573499 0.422923 0.0125398 0.0223011
0 0 0 1.23414 0.633719 0.43033 0.0224909 0.12867
0 0 1 1.31677 0.550051 0.433906 0.0198074 0.0878896
0 0 0 1.30174 0.666572 0.423475 0.0219402 0.119447
0 0 0 1.3698 0.597356 0.417284 0.0293287 0.28532
0 0 0 1.42258 0.602084 0.422238 0.023889 0.154187
0 0 0 1.23758 0.636965 0.474386 0.0218183 0.117467
0 0 1 1.22715 0.682872 0.436033 0.025663 0.191151
0 0 0 1.44106 0.531481 0.464834 0.0216498 0.114767
0 0 1 1.19348 0.647106 0.455551 0.0271919 0.227389
0 0 0 1.15943 0.614044 0.483342 0.0278144 0.243366
0 0 1 1.14077 0.721217 0.464759 0.0289104 0.273285
0 0 1 1.14487 0.522232 0.422497 0.023213 0.141464
0 0 1 1.22802 0.525248 0.494312 0.0273142 0.230472
0 0 1 1.20111 0.650089 0.408952 0.0201229 0.0921566
0 0 0 1.33982 0.728093 0.479938 0.0247744 0.171974
0 0 0 1.24415 0.547882 0.447819 0.0268559 0.219064
0 0 1 1.33882 0.693324 0.4255 0.017362 0.0591902
0 0 1 1.31946 0.734326 0.437441 0.0209112 0.103416
0 0 1 1.40901 0.563645 0.428618 0.0173711 0.0592835
0 0 1 1.35517 0.67655 0.466849 0.0284348 0.260017
0 0 0 1.21508 0.599673 0.457326 0.0249579 0.175823
0 0 0 1.1849 0.719442 0.43796 0.0170238 0.0557986
0 0 0 1.15778 0.742634 0.42147 0.0222943 0.125324
0 0 0 1.27868 0.549341 0.419868 0.017502 0.0606339
0 0 1 1.28917 0.57996 0.437502 0.0193573 0.0820328
0 0 1 1.47675 0.735891 0.404689 0.0214273 0.111264
0 0 1 1.33378 0.507527 0.420758 0.0255251 0.188086
0 0 1 1.24949 0.591663 0.425599 0.0225318 0.129373
0 0 1 1.28422 0.652888 0.48992 0.0298554 0.300968
0 0 1 1.32771 0.621946 0.408344 0.0182448 0.0686859
0 0 1 1.29166 0.538637 0.471323 0.0266808 0.214807
0 0 1 1.45419 0.609032 0.463169 0.0282981 0.256285
0 0 0 1.32571 0.627989 0.455621 0.0294628 0.28925
0 0 1 1.14198 0.70197 0.415987 0.0216784 0.115222
0 0 0 1.42998 0.704164 0.425761 0.0261439 0.2021
0 0 1 1.34957 0.576044 0.467597 0.0289405 0.274139
0 0 1 1.41188 0.693594 0.469266 0.0221465 0.122848
0 0 1 1.43571 0.651026 0.431266 0.0275868 0.237442
0 0 1 1.26751 0.657528 0.444122 0.0190423 0.0780925
0 0 1 1.42887 0.737549 0.460615 0.022134 0.12264
0 0 1 1.18338 0.565896 0.478899 0.0261459 0.202145
0 0 1 1.35255 0.740961 0.402276 0.0278342 0.243887
0 0 1 1.14477 0.640613 0.440333 0.0242551 0.161385
0 0 0 1.26706 0.5048 0.446514 0.0219572 0.119725
0 0 1 1.38877 0.540562 0.402641 0.0228457 0.134855
0 0 1 1.40233 0.687631 0.403546 0.0129854 0.0247641
0 0 0 1.49816 0.641972 0.478484 0.0273482 0.231333
0 0 1 1.31043 0.709867 0.402234 0.0228989 0.135799
0 0 0 1.33703 0.503 0.473635 0.0276464 0.238984
0 0 0 1.13113 0.569015 0.401274 0.0299641 0.304269
0 0 0 1.13591 0.553282 0.457311 0.0221062 0.122178
0 0 0 1.12803 0.667303 0.403245 0.0178029 0.0638148
0 0 1 1.25152 0.712445 0.400504 0.0227332 0.132872
0 0 0 1.41751 0.979516 0.144747 0.016619 0.051912
0 0 1 1.34908 0.947632 0.0715466 0.0128851 0.0241945
0 0 0 1.49285 0.973081 0.173483 0.0188078 0.0752426
0 0 1 1.17514 0.762908 0.0291727 0.0292398 0.282733
0 0 0 1.30193 0.774669 0.0254546 0.0255083 0.187713
0 0 0 1.38582 0.795424 0.0266126 0.0266321 0.213633
0 0 0 1.42903 0.750203 0.0298755 0.0298786 0.301671
0 0 0 1.14949 0.811442 0.0257849 0.0257893 0.193986
0 0 0 1.22847 0.774646 0.0253368 0.025339 0.184001
0 0 1 1.23954 0.815399 0.0175946 0.0175955 0.0616105
0 0 0 1.34394 0.827723 0.0262535 0.026265 0.20492
0 0 0 1.38693 0.840605 0.0191732 0.0191764 0.0797543
0 0 1 1.43288 0.82318 0.0211589 0.0211632 0.1072
0 0 0 1.18141 0.89036 0.0237123 0.0237506 0.151521
0 0 0 1.2411 0.873653 0.0445315 0.0159499 0.0458911
0 0 0 1.26665 0.848757 0.0247944 0.0248176 0.172874
0 0 1 1.31273 0.88027 0.0219122 0.0219159 0.11905
0 0 0 1.36129 0.869048 0.0191183 0.0191203 0.0790566
0 0 0 1.41575 0.901256 0.0197755 0.0197764 0.0874772
0 0 0 1.46003 0.963293 0.185993 0.0176623 0.0623147
0 0 0 1.14921 0.941427 0.0823916 0.0278133 0.243339
0 0 0 1.28674 0.966635 0.075477 0.0125124 0.0221551
0 0 0 1.37562 0.904519 0.0191371 0.0191393 0.0792925
0 0 0 1.14407 0.782529 0.0550404 0.0156981 0.0437518
0 0 1 1.31679 0.917345 0.198141 0.0126444 0.0228637
0 0 0 1.20375 0.786288 0.186887 0.027528 0.235926
0 0 1 1.12974 0.89747 0.111799 0.0136363 0.0286776
0 0 1 1.34537 0.776989 0.018553 0.0185603 0.072311
0 0 0 1.42661 0.797615 0.0620602 0.0274799 0.234692
0 0 1 1.46934 0.79128 0.0277052 0.0277258 0.241049
0 0 0 1.19827 0.814711 0.0515245 0.02944 0.288579
0 0 0 1.23904 0.83129 0.0435765 0.0128648 0.0240801
0 0 0 1.27904 0.810036 0.0610437 0.0296761 0.295578
0 0 1 1.37752 0.822541 0.0749349 0.0290691 0.277811
0 0 1 1.1779 0.8469 0.0200028 0.0200373 0.0909849
0 0 0 1.21981 0.851287 0.0221709 0.0221762 0.123343
0 0 0 1.30068 0.818301 0.0186378 0.0186743 0.0736526
0 0 1 1.34465 0.895785 0.0327856 0.0152098 0.0397949
0 0 1 1.41904 0.860222 0.0184281 0.0184748 0.071317
0 0 0 1.46484 0.902809 0.0265941 0.0266019 0.212907
0 0 1 1.49387 0.926387 0.167592 0.0282704 0.255533
0 0 1 1.37835 0.974687 0.0193825 0.0193839 0.0823714
0 0 1 1.31182 0.885632 0.0846879 0.0138462 0.0300226
0 0 0 1.39881 0.958487 0.0789898 0.0258989 0.196469
0 0 0 1.15798 0.807489 0.0636979 0.0132637 0.0263907
0 0 0 1.20663 0.771455 0.05951 0.0153407 0.0408304
0 0 1 1.23585 0.788138 0.0671706 0.0192063 0.080128
0 0 0 1.35443 0.786332 0.0565095 0.0176679 0.0623741
0 0 1 1.13706 0.966692 0.13813 0.0237674 0.151843
0 0 0 1.20864 0.864465 0.0768877 0.0273619 0.231682
0 0 1 1.25738 0.855466 0.073961 0.0222972 0.125372
0 0 0 1.40565 0.827076 0.0424801 0.013637 0.0286821
0 0 1 1.44135 0.86595 0.0508821 0.0213542 0.110129
0 0 0 1.16588 0.910574 0.0550547 0.0166864 0.052546
0 0 1 1.26597 0.794209 0.0151189 0.0151193 0.0390887
0 0 1 1.34269 0.86634 0.0642339 0.0279174 0.24608
0 0 1 1.39483 0.870293 0.0536603 0.0254652 0.186764
0 0 0 1.47752 0.884664 0.0773281 0.0272213 0.228129
0 0 1 1.49344 0.762814 0.141467 0.0127832 0.0236251
0 0 1 1.20296 0.959433 0.079983 0.0259754 0.198216
0 0 0 1.47979 0.959153 0.0228575 0.0228744 0.135364
0 0 1 1.14444 0.774521 0.123219 0.0292081 0.281814
0 0 1 1.1741 0.777162 0.0798404 0.0234506 0.145853
0 0 0 1.32043 0.784912 0.0920943 0.027864 0.244671
0 0 1 1.22938 0.960988 0.184742 0.0199311 0.0895453
0 0 0 1.14084 0.88587 0.0769296 0.0247492 0.171449
0 0 0 1.14459 0.799411 0.0860684 0.0140287 0.031225
0 0 1 1.16842 0.852336 0.0574283 0.0189535 0.0770057
0 0 1 1.17333 0.820513 0.0979028 0.0235418 0.147561
0 0 0 1.23284 0.820881 0.101152 0.0280896 0.250662
0 0 0 1.20481 0.910305 0.0580554 0.0223574 0.126392
0 0 1 1.28933 0.879059 0.0575044 0.0206989 0.100298
0 0 0 1.37067 0.913451 0.0728147 0.0275786 0.237231
0 0 0 1.42788 0.91218 0.0682063 0.0298467 0.300706
0 0 0 1.42543 0.938122 0.112284 0.0213616 0.110243
0 0 0 1.26725 0.897176 0.0236098 0.0236346 0.149314
0 0 0 1.2419 0.920363 0.0361598 0.012942 0.0245164
0 0 1 1.21918 0.929613 0.0177258 0.0177471 0.0632166
0 0 0 1.19922 0.786504 0.128253 0.0271062 0.225248
0 0 1 1.20298 0.762842 0.0960428 0.0126447 0.0228653
0 0 1 1.20948 0.787872 0.0880316 0.0144337 0.0340083
0 0 0 1.23449 0.765697 0.0981321 0.0190715 0.0784521
0 0 1 1.43983 0.778457 0.105561 0.0218604 0.118147
0 0 0 1.46546 0.769094 0.0716487 0.0216695 0.11508
0 0 1 1.24462 0.796329 0.142601 0.0215168 0.112664
0 0 1 1.32955 0.795924 0.134532 0.016935 0.0549295
0 0 1 1.27426 0.821856 0.102094 0.0133122 0.0266812
0 0 0 1.32502 0.823447 0.0666568 0.0185654 0.0723712
0 0 1 1.27253 0.89393 0.101616 0.0274499 0.233925
0 0 1 1.30052 0.850003 0.0893057 0.02382 0.152854
0 0 0 1.3875 0.871193 0.107621 0.0290049 0.275972
0 0 1 1.30615 0.846128 0.0432129 0.0188609 0.075882
0 0 1 1.47522 0.837827 0.0584019 0.0233501 0.143986
0 0 1 1.46218 0.906119 0.124848 0.0271274 0.225777
0 0 0 1.38626 0.93113 0.120648 0.0192995 0.0813005
0 0 1 1.18131 0.962547 0.123768 0.0229887 0.137402
0 0 1 1.22374 0.975243 0.120413 0.0214564 0.111718
0 0 0 1.25105 0.753237 0.134504 0.0228065 0.134161
0 0 0 1.27117 0.785433 0.107701 0.0236712 0.150007
0 0 1 1.19822 0.832906 0.127318 0.0169433 0.0550108
0 0 1 1.34191 0.837486 0.119538 0.0289554 0.274564
0 0 0 1.32418 0.794572 0.0514488 0.0140824 0.0315854
0 0 1 1.29186 0.972117 0.143461 0.013061 0.025199
0 0 0 1.15627 0.920925 0.13193 0.0262737 0.205124
0 0 1 1.22455 0.866843 0.12704 0.0253108 0.183387
0 0 0 1.26663 0.850146 0.115101 0.0187492 0.0745418
0 0 1 1.33708 0.899885 0.117354 0.0298404 0.300515
0 0 1 1.32956 0.927563 0.0808073 0.0166208 0.0519285
0 0 1 1.41928 0.901922 0.120259 0.0162322 0.0483712
0 0 0 1.21062 0.943206 0.0446756 0.0136499 0.0287636
0 0 0 1.25487 0.977205 0.0631594 0.0232573 0.142275
0 0 1 1.16376 0.815319 0.160116 0.0286099 0.26485
0 0 0 1.30331 0.759822 0.138856 0.0279113 0.245918
0 0 0 1.45641 0.819232 0.0959714 0.0225991 0.130534
0 0 0 1.46744 0.856665 0.0200656 0.0200777 0.0915363
0 0 0 1.17067 0.868975 0.118654 0.0292682 0.283556
0 0 1 1.24131 0.804701 0.178189 0.0152036 0.0397458
0 0 0 1.29808 0.815631 0.12501 0.020328 0.0950035
0 0 1 1.30067 0.865451 0.133168 0.022724 0.132711
0 0 1 1.4225 0.841901 0.0788222 0.0200511 0.0911736
0 0 0 1.21734 0.911914 0.104369 0.0256573 0.191023
0 0 1 1.26459 0.874371 0.138189 0.0147797 0.0365129
0 0 0 1.29996 0.946847 0.157552 0.016988 0.055447
0 0 1 1.46213 0.935492 0.0499223 0.0136442 0.0287273
0 0 1 1.35517 0.988851 0.0628291 0.0297083 0.296541
0 0 1 1.33498 0.753295 0.0582267 0.02071 0.10046
0 0 1 1.26218 0.771129 0.176686 0.0243691 0.163671
0 0 0 1.27785 0.814125 0.165461 0.0225826 0.130249
0 0 1 1.25316 0.842027 0.148647 0.0183012 0.0693256
0 0 0 1.36696 0.789819 0.116643 0.0249897 0.176496
0 0 0 1.21579 0.83042 0.163863 0.0236892 0.150351
0 0 0 1.33643 0.87032 0.160897 0.0227967 0.133989
0 0 1 1.4139 0.822557 0.12506 0.0290203 0.276412
0 0 0 1.40368 0.787801 0.0979701 0.0162521 0.0485486
0 0 0 1.4367 0.873794 0.100208 0.0208455 0.102445
0 0 1 1.30032 0.945872 0.111218 0.029372 0.286584
0 0 0 1.24593 0.905047 0.139566 0.0202254 0.0935713
0 0 0 1.49526 0.839042 0.170221 0.0283526 0.257769
0 0 1 1.1627 0.977583 0.0461288 0.0221145 0.122316
0 0 0 1.1612 0.768568 0.170066 0.0192575 0.0807698
0 0 0 1.33968 0.759 0.183083 0.0219207 0.119128
0 0 0 1.40781 0.768846 0.141544 0.0272657 0.229246
0 0 1 1.45765 0.762086 0.14342 0.0230748 0.138952
0 0 0 1.1708 0.874105 0.171546 0.0238825 0.154061
0 0 1 1.28068 0.858861 0.172138 0.0216036 0.114032
0 0 0 1.36916 0.781254 0.159784 0.0172347 0.0578979
0 0 1 1.35249 0.81009 0.154334 0.0165169 0.0509608
0 0 1 1.46881 0.812507 0.14185 0.0186487 0.0733492
0 0 0 1.46775 0.85342 0.126936 0.0249203 0.175029
0 0 0 1.16142 0.918858 0.180629 0.0227426 0.133037
0 0 0 1.20581 0.929143 0.155595 0.0292595 0.283303
0 0 0 1.28811 0.904943 0.15995 0.026648 0.214016
0 0 0 1.38268 0.900313 0.157691 0.0290359 0.276859
0 0 0 1.42535 0.870601 0.1454 0.0244248 0.164795
0 0 0 1.39997 0.910412 0.100367 0.0127893 0.0236588
0 0 1 1.34052 0.991161 0.0136826 0.0136829 0.0289727
0 0 1 1.30991 0.88127 0.199171 0.0240959 0.158227
0 0 0 1.24982 0.947359 0.0979444 0.0228628 0.135157
0 0 1 1.47723 0.982002 0.0828361 0.0132136 0.0260926
0 0 1 1.40077 0.801803 0.173579 0.0188019 0.0751718
0 0 0 1.31324 0.834451 0.157142 0.0184306 0.0708057
0 0 1 1.30209 0.761942 0.182491 0.0157931 0.0445508
0 0 1 1.38201 0.806349 0.147827 0.0133935 0.0271727
0 0 1 1.46501 0.882374 0.171554 0.0245342 0.167019
0 0 0 1.32235 0.999557 0.0343189 0.0150623 0.0386478
0 0 0 1.25705 0.951896 0.147455 0.027394 0.232497
0 0 0 1.22447 0.892709 0.0195793 0.0195934 0.0850708
0 0 1 1.33534 0.925442 0.166112 0.0252444 0.181948
0 0 1 1.25405 0.882138 0.16448 0.0145934 0.0351497
0 0 1 1.49726 0.799216 0.0684252 0.0222621 0.124781
0 0 1 1.23478 0.935864 0.0625396 0.0172917 0.0584746
0 0 0 1.42474 0.987767 0.107166 0.0223092 0.125575
0 0 0 1.44 0.795836 0.149186 0.0154507 0.0417157
0 0 1 1.44081 0.83053 0.173381 0.0268603 0.219171
0 0 1 1.3798 0.843614 0.16676 0.0284756 0.261137
0 0 0 1.48057 0.787916 0.169711 0.0203319 0.0950572
0 0 0 1.42863 0.917544 0.156006 0.0200673 0.0913949
0 0 0 1.2103 0.982555 0.0287909 0.0288077 0.270382
0 0 0 1.27987 0.988387 0.19768 0.0162475 0.0485074
0 0 1 1.42497 0.982913 0.0161248 0.0161412 0.0475619
0 0 1 1.31896 0.796904 0.172533 0.02255 0.129686
0 0 0 1.46493 0.946723 0.0877475 0.0244703 0.165718
0 0 0 1.30517 0.911573 0.0856598 0.0129548 0.0245892
0 0 1 1.27918 0.930157 0.0608203 0.0275214 0.235758
0 0 0 1.24393 0.900708 0.0659967 0.0187026 0.0739879
0 0 1 1.37817 0.955855 0.160629 0.0267749 0.217089
0 0 0 1.4605 0.963776 0.138779 0.0295577 0.292056
0 0 1 1.31893 0.906025 0.0537986 0.0195242 0.0841733
0 0 0 1.26752 0.999447 0.109577 0.0297543 0.297922
0 0 0 1.29932 0.925059 0.0190906 0.0191152 0.0789932
0 0 1 1.39307 0.93451 0.0367889 0.0197925 0.0876915
0 0 1 1.13527 0.86744 0.0278908 0.0279542 0.247055
0 0 1 1.16799 0.950804 0.156114 0.0139122 0.0304537
0 0 1 1.31656 0.958342 0.0666653 0.0196616 0.0859627
0 0 0 1.29817 0.969294 0.0248173 0.0248209 0.172944
0 0 1 1.17804 0.938759 0.0247761 0.0247865 0.172226
0 0 1 1.3444 0.940666 0.0297222 0.0297793 0.298672
0 0 0 1.3315 0.971115 0.148933 0.0237344 0.151212
0 0 1 1.44233 0.986072 0.0583354 0.0296239 0.294022
0 0 1 1.30331 0.969192 0.18331 0.0172979 0.0585369
0 0 0 1.138 0.750283 0.187634 0.0151109 0.0390235
0 0 0 1.26351 0.985932 0.171463 0.0147597 0.0363654
0 0 1 1.14575 0.957721 0.178083 0.0181097 0.0671721
0 0 1 1.25285 0.952681 0.0234432 0.0234729 0.146269
0 0 1 1.35292 0.956042 0.107591 0.0243321 0.162926
0 0 1 1.40417 0.98097 0.0388209 0.0135381 0.0280623
0 0 1 1.3971 0.96527 0.122758 0.0165964 0.0517009
0 0 1 1.48574 0.785363 0.112115 0.0250351 0.177459
0 0 1 1.42438 0.954778 0.173088 0.0211192 0.106533
0 0 0 1.20336 0.979077 0.15309 0.0172483 0.0580347
0 0 0 1.4347 0.944216 0.0246411 0.0246666 0.169738
0 0 1 1.17744 0.905529 0.08752 0.0181433 0.067546
0 0 0 1.29567 0.996305 0.0617934 0.0210406 0.105348
0 0 0 1.16306 0.991032 0.0906308 0.0243692 0.163673
0 0 1 1.46279 0.995299 0.105241 0.0165458 0.0512294
0 0 0 1.32279 0.995966 0.107146 0.0257006 0.191993
0 0 0 1.36215 0.994397 0.155389 0.0152946 0.0404641
0 0 1 1.29201 0.78777 0.199916 0.0169538 0.0551134
0 0 0 1.34441 0.991418 0.196577 0.0296515 0.294845
0 0 1 1.12961 0.8382 0.0711246 0.0245682 0.167715
0 0 0 1.15112 0.998309 0.125398 0.0131051 0.025455
0 0 1 1.3805 0.754239 0.0783121 0.0290612 0.277584
0 0 1 1.21954 0.875592 0.187607 0.0274847 0.234815
0 0 0 1.1849 0.957621 0.197638 0.0256698 0.191302
0 0 0 1.42322 0.889295 0.185817 0.0201684 0.0927825
0 0 1 1.23563 0.751683 0.063153 0.0175001 0.0606146
0 0 1 1.13706 0.848717 0.182899 0.0198405 0.0883306
0 0 0 1.38688 0.752381 0.187601 0.0259525 0.197693
0 0 1 1.13486 0.918214 0.0230602 0.0230633 0.138746
0 0 0 1.12595 0.981059 0.0674215 0.0205278 0.097832
0 0 1 1.47679 0.751548 0.190955 0.020416 0.096242
0 0 1 1.44924 0.923941 0.194848 0.0240986 0.15828
0 0 1 1.24804 0.920436 0.187797 0.0245619 0.167587
0 0 1 1.29264 0.93618 0.192281 0.0185372 0.0720424
0 0 0 1.26579 0.959266 0.190285 0.0169353 0.0549329
0 0 1 1.40787 0.923676 0.189294 0.0176525 0.0622111
0 0 1 1.43773 0.778626 0.188141 0.027204 0.227693
0 0 1 1.34804 0.89373 0.190776 0.0168995 0.0545847
0 0 0 1.34465 0.852738 0.199535 0.0204422 0.0966126
0 0 1 1.2497 0.837276 0.193103 0.0216123 0.11417
0 0 1 1.43144 0.750605 0.0771237 0.0174336 0.059926
0 0 0 1.24926 0.984858 0.199918 0.014644 0.0355169
0 0 1 1.49678 0.847537 0.297914 0.0206665 0.0998279
0 0 0 1.28345 0.952148 0.344336 0.0196963 0.0864185
0 0 0 1.49948 0.896043 0.312198 0.029984 0.304874
0 0 0 1.19387 0.923398 0.34033 0.0217495 0.11636
0 0 0 1.39739 0.924763 0.299586 0.0260379 0.199651
0 0 0 1.30895 0.919665 0.344527 0.0216013 0.113996
0 0 1 1.49298 0.815832 0.27356 0.019497 0.0838213
0 0 1 1.26082 0.993318 0.398711 0.0282911 0.256095
0 0 1 1.2035 0.978508 0.261853 0.0126848 0.0230837
0 0 1 1.13773 0.986304 0.323699 0.0260178 0.199187
0 0 1 1.27804 0.989533 0.312514 0.0248501 0.173554
0 0 1 1.47844 0.972243 0.239871 0.0159196 0.0456302
0 0 1 1.25046 0.8304 0.348441 0.0164922 0.0507329
0 0 1 1.49312 0.91356 0.264307 0.0214102 0.110998
0 0 0 1.13411 0.926148 0.290576 0.0262807 0.205288
0 0 1 1.26183 0.958342 0.269499 0.0251377 0.179652
0 0 0 1.29534 0.754611 0.312061 0.0229247 0.136258
0 0 0 1.46263 0.902715 0.367518 0.0195989 0.0851429
0 0 1 1.47778 0.829826 0.331913 0.0170446 0.0560036
0 0 0 1.18278 0.966111 0.31985 0.0216865 0.115352
0 0 1 1.39297 0.967755 0.284995 0.0171952 0.0575009
0 0 1 1.25349 0.83122 0.394252 0.0294292 0.288261
0 0 0 1.17256 0.811965 0.374948 0.0250317 0.177388
0 0 1 1.20311 0.796516 0.229134 0.0159443 0.0458423
0 0 1 1.15574 0.789137 0.210199 0.0259304 0.197189
0 0 0 1.18129 0.838814 0.210792 0.0299448 0.30368
0 0 0 1.19283 0.881525 0.226497 0.017003 0.0555937
0 0 0 1.36166 0.801189 0.200396 0.028631 0.265439
0 0 1 1.13727 0.929649 0.390971 0.0226335 0.131131
0 0 1 1.46511 0.870049 0.375599 0.0141459 0.0320143
0 0 1 1.26459 0.875595 0.210067 0.0228659 0.135213
0 0 1 1.20808 0.917479 0.214793 0.0237705 0.151903
0 0 1 1.28514 0.794107 0.399829 0.019666 0.0860202
0 0 0 1.39972 0.895326 0.335238 0.0202591 0.0940406
0 0 1 1.43837 0.900474 0.311081 0.0207632 0.101236
0 0 1 1.3976 0.976383 0.205801 0.0263938 0.207951
0 0 1 1.41879 0.799325 0.299029 0.0262924 0.205561
0 0 1 1.32433 0.766406 0.220958 0.0168227 0.0538441
0 0 1 1.35431 0.926168 0.373703 0.0217683 0.116661
0 0 1 1.49222 0.919307 0.352681 0.0172682 0.0582363
0 0 1 1.27761 0.923554 0.364337 0.0156867 0.0436563
0 0 0 1.36867 0.987781 0.251416 0.028841 0.27132
0 0 0 1.40289 0.781303 0.211071 0.0145909 0.0351316
0 0 0 1.18521 0.764436 0.238903 0.0220662 0.121516
0 0 0 1.17691 0.757795 0.370026 0.0295408 0.291553
0 0 0 1.22011 0.820636 0.202704 0.0136734 0.0289123
0 0 1 1.25315 0.796553 0.222319 0.0286512 0.265999
0 0 1 1.38426 0.878653 0.208373 0.0261087 0.201283
0 0 0 1.28533 0.750131 0.218414 0.0255177 0.187922
0 0 1 1.14808 0.886588 0.218452 0.0287395 0.268467
0 0 1 1.22874 0.846035 0.230066 0.0217819 0.11688
0 0 0 1.22567 0.883432 0.229375 0.0154527 0.0417319
0 0 1 1.26874 0.841864 0.235502 0.0188026 0.0751812
0 0 0 1.29514 0.87629 0.249004 0.0266328 0.213649
0 0 0 1.36681 0.930814 0.209637 0.0287425 0.268551
0 0 0 1.20357 0.89374 0.297986 0.0157358 0.0440675
0 0 0 1.38069 0.894011 0.262107 0.0252397 0.181846
0 0 1 1.36501 0.859099 0.276274 0.0155731 0.0427148
0 0 1 1.44475 0.979679 0.219813 0.022908 0.13596
0 0 1 1.45344 0.936396 0.245393 0.028135 0.25188
0 0 1 1.23197 0.807881 0.273909 0.0282617 0.255298
0 0 1 1.29608 0.787943 0.233036 0.0164325 0.0501835
0 0 0 1.30089 0.830983 0.252553 0.01918 0.0797989
0 0 1 1.32089 0.793889 0.208475 0.0135747 0.0282909
0 0 1 1.2013 0.783062 0.2633 0.0126055 0.0226535
0 0 1 1.30255 0.830592 0.205858 0.0275531 0.236573
0 0 0 1.32533 0.94864 0.200394 0.0173517 0.0590851
0 0 1 1.22519 0.962665 0.231958 0.0275095 0.235452
0 0 1 1.24599 0.871835 0.257072 0.0193579 0.0820402
0 0 1 1.28311 0.908083 0.207129 0.0146428 0.0355076
0 0 0 1.34262 0.890608 0.232178 0.0233206 0.143441
0 0 1 1.27294 0.920958 0.3271 0.016155 0.0476844
0 0 1 1.2928 0.860977 0.349167 0.0155817 0.0427857
0 0 1 1.45935 0.974827 0.268064 0.0168906 0.0544992
0 0 0 1.35091 0.937746 0.273677 0.0287375 0.26841
0 0 0 1.25554 0.757639 0.254825 0.0221244 0.122481
0 0 1 1.37124 0.760487 0.238619 0.0280315 0.249109
0 0 1 1.16764 0.807931 0.260769 0.0293242 0.285187
0 0 0 1.20525 0.822613 0.244257 0.0142943 0.0330326
0 0 1 1.28686 0.792134 0.277262 0.0289527 0.274486
0 0 0 1.33272 0.813711 0.294392 0.0209184 0.103523
0 0 1 1.3345 0.799871 0.248778 0.0267869 0.217381
0 0 0 1.28719 0.766929 0.375812 0.0133187 0.0267202
0 0 0 1.17658 0.948441 0.385771 0.019201 0.0800619
0 0 1 1.19583 0.855936 0.258622 0.022911 0.136015
0 0 0 1.27102 0.844715 0.284113 0.0263955 0.20799
0 0 0 1.3352 0.882851 0.276763 0.0225432 0.129569
0 0 1 1.36916 0.839169 0.239535 0.0264298 0.208801
0 0 1 1.16844 0.935078 0.246178 0.0297875 0.298918
0 0 0 1.20763 0.901076 0.259394 0.0237606 0.151713
0 0 0 1.24492 0.908491 0.294922 0.0282762 0.255691
0 0 0 1.3079 0.928431 0.237404 0.0282987 0.256303
0 0 0 1.41539 0.865501 0.244749 0.0229109 0.136013
0 0 0 1.12724 0.890434 0.268078 0.0164906 0.050718
0 0 1 1.2533 0.915231 0.239757 0.0279346 0.246535
0 0 1 1.42049 0.942718 0.213684 0.0150712 0.0387162
0 0 0 1.22301 0.766861 0.236289 0.0159116 0.0455609
0 0 1 1.16734 0.847924 0.284645 0.0165059 0.0508589
0 0 0 1.25395 0.837607 0.319502 0.013537 0.0280557
0 0 0 1.32859 0.853046 0.233882 0.0168246 0.0538624
0 0 0 1.37814 0.799599 0.26565 0.020013 0.0906542
0 0 1 1.41007 0.820361 0.214192 0.0252447 0.181954
0 0 0 1.13386 0.82976 0.299032 0.0242181 0.160647
0 0 1 1.1791 0.826574 0.318966 0.0253333 0.183878
0 0 0 1.1547 0.853687 0.252129 0.0188038 0.0751956
0 0 1 1.22133 0.854722 0.301854 0.0273126 0.230432
0 0 1 1.29566 0.887117 0.308804 0.028527 0.262556
0 0 1 1.33381 0.842216 0.267134 0.0185408 0.0720843
0 0 0 1.16534 0.891852 0.275007 0.0222667 0.12486
0 0 1 1.36666 0.890529 0.305317 0.0203276 0.0949968
0 0 0 1.30112 0.942659 0.301291 0.0277924 0.242791
0 0 1 1.42613 0.902382 0.269058 0.0214983 0.112374
0 0 1 1.41798 0.984888 0.25465 0.0203432 0.0952166
0 0 0 1.12601 0.819162 0.20147 0.016774 0.0533784
0 0 1 1.15757 0.967537 0.284602 0.0216771 0.115201
0 0 1 1.14901 0.760306 0.279781 0.0224909 0.128669
0 0 1 1.24821 0.762178 0.302015 0.0258543 0.195457
0 0 0 1.28395 0.829475 0.350436 0.0170649 0.056204
0 0 1 1.14592 0.786251 0.319651 0.0251801 0.180562
0 0 1 1.17739 0.872023 0.311283 0.0207968 0.101728
0 0 0 1.19694 0.827225 0.284805 0.0132133 0.0260905
0 0 0 1.19375 0.780215 0.301417 0.026364 0.207247
0 0 1 1.22566 0.809987 0.324965 0.0232289 0.141755
0 0 1 1.34556 0.785108 0.336188 0.0252014 0.181019
0 0 0 1.18398 0.927582 0.296476 0.0234008 0.144926
0 0 0 1.14027 0.864478 0.281155 0.0153669 0.0410404
0 0 1 1.2973 0.822167 0.304642 0.013013 0.0249218
0 0 1 1.36841 0.962786 0.311454 0.0192473 0.0806425
0 0 1 1.43013 0.956327 0.285145 0.0216977 0.115529
0 0 1 1.36092 0.761557 0.304554 0.015478 0.0419373
0 0 0 1.22114 0.938696 0.269927 0.0175756 0.0614019
0 0 0 1.21916 0.963389 0.352109 0.0270206 0.223121
0 0 0 1.15853 0.906078 0.325016 0.0204774 0.097113
0 0 1 1.27523 0.818708 0.321522 0.0149982 0.038157
0 0 1 1.4185 0.907713 0.224574 0.0216434 0.114665
0 0 0 1.30431 0.9706 0.260592 0.0199702 0.0900742
0 0 0 1.40022 0.942518 0.251028 0.0257422 0.192925
0 0 1 1.31814 0.878245 0.345381 0.0153149 0.0406251
0 0 0 1.32763 0.835855 0.338466 0.0286732 0.266612
0 0 0 1.30437 0.973795 0.220529 0.0202315 0.0936556
0 0 0 1.21883 0.941723 0.313011 0.0176877 0.0625847
0 0 0 1.14803 0.97493 0.212509 0.0176971 0.0626848
0 0 0 1.41849 0.784089 0.249172 0.0258515 0.195394
0 0 1 1.21058 0.847044 0.355948 0.0273737 0.231981
0 0 0 1.41689 0.775759 0.394388 0.019476 0.0835504
0 0 0 1.25724 0.800754 0.307312 0.0141176 0.0318225
0 0 1 1.33798 0.870212 0.312601 0.015562 0.0426234
0 0 1 1.22514 0.986676 0.298999 0.0298223 0.299968
0 0 1 1.42996 0.858216 0.207107 0.0181056 0.0671261
0 0 1 1.4663 0.883276 0.225952 0.0298942 0.302144
0 0 0 1.47175 0.810212 0.2022 0.0200525 0.0911921
0 0 1 1.36395 0.999455 0.330367 0.0222534 0.124635
0 0 0 1.43058 0.831735 0.330399 0.02034 0.0951717
0 0 1 1.19334 0.961163 0.280693 0.0148685 0.0371749
0 0 0 1.25544 0.950779 0.316029 0.0201493 0.0925189
0 0 0 1.2886 0.846073 0.321617 0.0150462 0.0385244
0 0 1 1.32686 0.776109 0.298971 0.0174167 0.0597514
0 0 0 1.40781 0.826934 0.262992 0.020423 0.0963414
0 0 1 1.31313 0.846637 0.296129 0.0173617 0.0591872
0 0 0 1.36476 0.795002 0.299321 0.0165109 0.0509055
0 0 0 1.35425 0.774329 0.276688 0.0158926 0.0453979
0 0 0 1.36252 0.828315 0.279462 0.0154756 0.0419178
0 0 1 1.4604 0.871261 0.280391 0.0261703 0.202712
0 0 1 1.45466 0.828171 0.245313 0.0296889 0.295961
0 0 1 1.45679 0.783939 0.228444 0.0177116 0.0628386
0 0 0 1.37881 0.779755 0.372533 0.0224994 0.128815
0 0 0 1.46438 0.929878 0.293952 0.022079 0.121728
0 0 0 1.4134 0.981078 0.372614 0.0175782 0.061429
0 0 1 1.49647 0.880431 0.361092 0.0214315 0.11133
0 0 0 1.27952 0.899084 0.34496 0.0128394 0.0239378
0 0 1 1.28208 0.917551 0.271915 0.0152862 0.0403973
0 0 1 1.38218 0.822768 0.330865 0.0276018 0.23783
0 0 1 1.4597 0.825659 0.297104 0.0224104 0.127292
0 0 0 1.39049 0.764824 0.283481 0.0209779 0.104409
0 0 0 1.33513 0.912616 0.310437 0.0185116 0.0717434
0 0 1 1.40758 0.862548 0.298304 0.0297458 0.297667
0 0 0 1.46245 0.782761 0.2758 0.0255717 0.189116
0 0 0 1.36565 0.856145 0.311114 0.0145636 0.0349351
0 0 0 1.46473 0.973882 0.312007 0.0254982 0.18749
0 0 0 1.27124 0.954889 0.224653 0.0181372 0.0674787
0 0 0 1.38973 0.773536 0.326726 0.0214328 0.111349
0 0 1 1.34145 0.773345 0.374913 0.0154784 0.0419401
0 0 0 1.46643 0.785621 0.329785 0.0286477 0.265903
0 0 0 1.30348 0.795535 0.323234 0.0200564 0.0912451
0 0 0 1.34378 0.845986 0.297147 0.0133109 0.026673
0 0 1 1.31056 0.910317 0.275941 0.0143665 0.0335353
0 0 1 1.3884 0.822491 0.28985 0.0130099 0.0249044
0 0 0 1.24076 0.917116 0.350904 0.0240631 0.157583
0 0 0 1.15536 0.908079 0.360365 0.0134033 0.0272326
0 0 0 1.40234 0.934545 0.346898 0.0207425 0.100933
0 0 1 1.36719 0.868718 0.347702 0.0235831 0.148338
0 0 0 1.32881 0.890571 0.379376 0.0223916 0.126972
0 0 0 1.14151 0.823344 0.343412 0.0190927 0.0787141
0 0 1 1.2136 0.887984 0.333636 0.0193516 0.0819604
0 0 1 1.18456 0.792061 0.341032 0.0159931 0.0462649
0 0 0 1.45857 0.867528 0.336556 0.0255245 0.188073
0 0 0 1.32976 0.965063 0.345119 0.0283458 0.257584
0 0 0 1.43235 0.90893 0.347584 0.0171897 0.0574455
0 0 1 1.1455 0.870194 0.334996 0.0189931 0.0774893
0 0 1 1.25443 0.870955 0.339331 0.0252651 0.182395
0 0 0 1.3328 0.986885 0.294274 0.0270695 0.224332
0 0 0 1.48311 0.977418 0.207681 0.017016 0.055722
0 0 0 1.40953 0.97855 0.324234 0.026611 0.213127
0 0 1 1.2197 0.767233 0.341229 0.0229008 0.135832
0 0 1 1.26083 0.982306 0.35192 0.0187578 0.0746451
0 0 1 1.46349 0.917388 0.333859 0.0171343 0.0568918
0 0 0 1.34184 0.89983 0.342722 0.0168558 0.0541629
0 0 0 1.41991 0.795007 0.354535 0.0248891 0.174374
0 0 1 1.17892 0.986184 0.236847 0.0232105 0.141418
0 0 1 1.26454 0.788708 0.349704 0.0275348 0.236101
0 0 1 1.43537 0.939512 0.32318 0.0202201 0.0934981
0 0 1 1.44363 0.946605 0.370487 0.0283253 0.257026
0 0 0 1.4347 0.803779 0.388746 0.0130174 0.0249473
0 0 0 1.16634 0.847459 0.353433 0.0169449 0.0550264
0 0 1 1.17866 0.88349 0.353585 0.0211385 0.106825
0 0 0 1.36382 0.928694 0.332177 0.0209232 0.103594
0 0 1 1.15304 0.944534 0.348601 0.024973 0.176142
0 0 1 1.45771 0.983671 0.351392 0.0156901 0.0436851
0 0 0 1.1747 0.986527 0.361143 0.0239126 0.154644
0 0 1 1.4145 0.860357 0.365315 0.0275922 0.237581
0 0 0 1.49048 0.963255 0.356776 0.0226704 0.131775
0 0 1 1.48757 0.940023 0.324491 0.0172127 0.057677
0 0 1 1.4939 0.794377 0.236624 0.0217141 0.115791
0 0 1 1.49005 0.954399 0.271147 0.0201133 0.092024
0 0 1 1.37772 0.969468 0.359906 0.0220404 0.12109
0 0 0 1.20623 0.824819 0.399451 0.0185479 0.0721662
0 0 1 1.22783 0.807752 0.364444 0.0163771 0.0496784
0 0 0 1.31084 0.796686 0.36662 0.0224065 0.127225
0 0 0 1.38078 0.83863 0.36777 0.012596 0.0226021
0 0 1 1.2583 0.951438 0.374993 0.0198684 0.0887036
0 0 1 1.45589 0.826752 0.367447 0.0248085 0.172686
0 0 0 1.21538 0.752927 0.269478 0.020891 0.103116
0 0 0 1.38664 0.898769 0.373809 0.0206152 0.0990869
0 0 0 1.31464 0.751612 0.355289 0.0242253 0.160791
0 0 1 1.12806 0.786006 0.36855 0.0268844 0.219761
0 0 0 1.21404 0.89088 0.375603 0.0207976 0.10174
0 0 1 1.2906 0.973517 0.372265 0.0161911 0.0480047
0 0 0 1.30615 0.940014 0.383437 0.0224014 0.127139
0 0 0 1.35006 0.810776 0.373371 0.0198104 0.0879289
0 0 0 1.32078 0.989897 0.377734 0.0136194 0.0285709
0 0 1 1.24299 0.776946 0.397193 0.0259323 0.197232
0 0 0 1.49007 0.848835 0.389138 0.0213025 0.109332
0 0 0 1.12838 0.935474 0.209782 0.0243569 0.163424
0 0 1 1.1281 0.77993 0.247031 0.0210403 0.105344
0 0 1 1.13441 0.843026 0.224262 0.017288 0.0584366
0 0 1 1.35454 0.851975 0.392392 0.0257896 0.193993
0 0 0 1.14022 0.86963 0.384815 0.0295217 0.290989
0 0 1 1.46113 0.775414 0.383339 0.0261334 0.201854
0 0 1 1.39938 0.818391 0.394295 0.025605 0.189857
0 0 0 1.20664 0.790229 0.381319 0.0158907 0.045382
0 0 0 1.21034 0.92998 0.382658 0.0191109 0.0789398
0 0 0 1.30639 0.838611 0.38709 0.024462 0.16555
0 0 1 1.27783 0.884432 0.387004 0.0295312 0.291271
0 0 0 1.48574 0.938921 0.393177 0.020122 0.0921437
0 0 0 1.18603 0.866019 0.382649 0.0135645 0.0282266
0 0 1 1.46438 0.993099 0.392743 0.0272456 0.22874
0 0 1 1.17645 0.90681 0.390655 0.022719 0.132623
0 0 1 1.42732 0.901984 0.394391 0.0247837 0.172168
0 0 0 1.39514 0.939716 0.391729 0.0248844 0.174274
0 0 1 1.27118 0.86178 0.438141 0.0267962 0.217606
0 0 1 1.42322 0.810945 0.497852 0.0240413 0.157155
0 0 0 1.49123 0.993093 0.473069 0.0292842 0.284023
0 0 0 1.38738 0.9676 0.42445 0.0188036 0.0751925
0 0 0 1.22972 0.838055 0.438251 0.0209764 0.104387
0 0 1 1.47891 0.939455 0.462345 0.0267866 0.217372
0 0 0 1.42402 0.97145 0.408711 0.0212617 0.108704
0 0 0 1.18474 0.862607 0.482087 0.0276496 0.239067
0 0 0 1.37816 0.890584 0.453783 0.0206933 0.100217
0 0 0 1.44021 0.916442 0.490266 0.0261925 0.203228
0 0 0 1.39575 0.868314 0.41766 0.0252445 0.181951
0 0 1 1.42428 0.761707 0.429772 0.0173131 0.0586913
0 0 1 1.29306 0.779505 0.437209 0.0212394 0.108362
0 0 0 1.48497 0.855157 0.427484 0.014753 0.0363156
0 0 0 1.14452 0.870454 0.458247 0.0187153 0.0741379
0 0 1 1.36121 0.90042 0.40924 0.0226604 0.1316
0 0 0 1.45181 0.780078 0.476929 0.0229528 0.136761
0 0 1 1.46297 0.817371 0.469386 0.0164874 0.0506883
0 0 1 1.39233 0.807179 0.465622 0.0207593 0.101178
0 0 1 1.47931 0.896849 0.408583 0.0251122 0.179105
0 0 0 1.29636 0.821454 0.428722 0.0216702 0.115091
0 0 1 1.14845 0.94256 0.463305 0.0255897 0.189518
0 0 0 1.46253 0.769091 0.428437 0.0194297 0.0829564
0 0 1 1.41543 0.945763 0.45339 0.027037 0.223525
0 0 1 1.48088 0.811099 0.412787 0.024172 0.159732
0 0 1 1.31736 0.8736 0.419956 0.0230628 0.138736
0 0 0 1.39784 0.911553 0.424787 0.0186281 0.0731074
0 0 0 1.18378 0.910133 0.46626 0.0224524 0.128009
0 0 1 1.19765 0.966128 0.471278 0.0295455 0.291693
0 0 0 1.1811 0.786998 0.462951 0.0169009 0.054599
0 0 1 1.27562 0.958336 0.473754 0.0238901 0.154209
0 0 0 1.48829 0.883899 0.461061 0.0295711 0.292453
0 0 1 1.36288 0.93517 0.44593 0.0270882 0.224799
0 0 0 1.25789 0.762418 0.471722 0.0250042 0.176803
0 0 0 1.35492 0.808753 0.450677 0.0195538 0.0845564
0 0 1 1.19476 0.776752 0.421389 0.0280306 0.249085
0 0 1 1.32923 0.792689 0.410686 0.0255142 0.187845
0 0 0 1.22353 0.802744 0.466921 0.0249289 0.175211
0 0 0 1.19888 0.877371 0.428187 0.0299978 0.305294
0 0 0 1.15698 0.783613 0.4009 0.0153736 0.0410944
0 0 0 1.24929 0.952701 0.436084 0.0224142 0.127357
0 0 0 1.452 0.981354 0.436436 0.0193552 0.0820056
0 0 1 1.32379 0.921987 0.419724 0.0217916 0.117037
0 0 0 1.44804 0.97147 0.473297 0.019013 0.0777326
0 0 0 1.48442 0.964213 0.423651 0.0194808 0.0836133
0 0 1 1.41389 0.853359 0.466878 0.0293012 0.284517
0 0 0 1.15722 0.944051 0.421325 0.0164424 0.0502747
0 0 0 1.321 0.939444 0.477255 0.0253908 0.185133
0 0 0 1.33497 0.836156 0.430705 0.0196928 0.0863724
0 0 1 1.27256 0.823746 0.4755 0.0265354 0.211314
0 0 0 1.2323 0.910722 0.459122 0.0264514 0.209313
0 0 1 1.46058 0.846705 0.45203 0.0176802 0.0625049
0 0 0 1.43795 0.896158 0.442987 0.0253046 0.183254
0 0 0 1.44644 0.855723 0.410022 0.0275523 0.236551
0 0 1 1.40867 0.997168 0.471918 0.0280227 0.248877
0 0 1 1.38949 0.829614 0.43474 0.0175184 0.060804
0 0 1 1.19821 0.933485 0.426137 0.0261652 0.202592
0 0 0 1.27 0.929596 0.406662 0.0203472 0.0952719
0 0 1 1.29681 0.961524 0.427933 0.0264589 0.209493
0 0 1 1.13628 0.82005 0.415924 0.0291472 0.280056
0 0 0 1.39342 0.761985 0.472765 0.0226054 0.130644
0 0 1 1.38334 0.779692 0.427008 0.0274837 0.234789
0 0 1 1.15021 0.903921 0.430535 0.0251074 0.179002
0 0 0 1.14315 0.827373 0.477266 0.0270751 0.224471
0 0 0 1.33458 0.895091 0.457193 0.0232541 0.142217
0 0 1 1.35461 0.868903 0.430546 0.0159523 0.0459115
0 0 1 1.45207 0.936609 0.420298 0.023178 0.140824
0 0 1 1.2343 0.909281 0.406836 0.0207323 0.100784
0 0 1 1.15598 0.859679 0.426817 0.0164304 0.0501646
0 0 0 1.18415 0.825252 0.443267 0.026228 0.204055
0 0 0 1.31478 0.993107 0.469383 0.028665 0.266385
0 0 1 1.47824 0.793868 0.450188 0.0170929 0.0564804
0 0 1 1.23608 0.86379 0.472816 0.0225845 0.130282
0 0 0 1.34498 0.964639 0.403355 0.0277044 0.240491
0 0 1 1.36111 0.849302 0.464393 0.0236977 0.150511
0 0 1 1.17578 0.968635 0.431542 0.015884 0.0453247
0 0 1 1.31367 0.853988 0.463507 0.0232956 0.142979
0 0 1 1.36304 0.817655 0.416286 0.0168869 0.0544629
0 0 1 1.31577 0.804676 0.464118 0.0220448 0.121163
0 0 0 1.25883 0.80336 0.43537 0.0205267 0.0978162
0 0 0 1.22606 0.80676 0.420182 0.0153496 0.0409023
0 0 1 1.15447 0.784154 0.441323 0.0175224 0.0608461
0 0 0 1.23564 0.774718 0.438921 0.0164983 0.0507891
0 0 1 1.34086 0.76938 0.45073 0.022257 0.124696
0 0 0 1.43297 0.807087 0.436298 0.0293512 0.285977
0 0 0 1.28513 0.913065 0.448848 0.0274226 0.233228
0 0 1 1.20589 0.981527 0.402334 0.0280043 0.248387
0 0 0 1.13366 0.776527 0.418197 0.0145149 0.0345858
0 0 0 1.15087 0.979156 0.402129 0.0240703 0.157724
0 0 0 1.23413 0.947864 0.401181 0.0159497 0.0458887
0 0 0 1.30589 0.753665 0.403376 0.0205454 0.0980831
0 0 1 1.30371 0.75529 0.470626 0.0213826 0.110568
0 0 1 1.13658 0.991089 0.449088 0.0263556 0.207048
0 0 0 1.17583 0.844297 0.402692 0.0177002 0.0627174
0 0 1 1.23541 0.872856 0.400045 0.0163379 0.0493223
0 0 0 1.12571 0.775098 0.475509 0.0280612 0.249902
